region,slot_index,forecast_datetime_utc,mix_datetime_utc,ewif_l_per_kwh,ewif_scenario,power_consumption_total_mw,non_storage_share,inherit_share,is_estimated,estimation_method,mix_notes,source_dataset,source_url
DE,0,2022-08-01T00:00:00Z,2022-08-01T00:00:00Z,1.656808,base,42931.7,1.0,0.0,False,,Energy-Charts/ENTSO-E measured fuel mix x Macknick 2012 consumption factors (same payload as real CI),Energy-Charts / ENTSO-E generation mix + Macknick 2012 (NREL),https://api.energy-charts.info/public_power?country=de
DE,1,2022-08-01T01:00:00Z,2022-08-01T01:00:00Z,1.666111,base,42311.9,1.0,0.0,False,,Energy-Charts/ENTSO-E measured fuel mix x Macknick 2012 consumption factors (same payload as real CI),Energy-Charts / ENTSO-E generation mix + Macknick 2012 (NREL),https://api.energy-charts.info/public_power?country=de
DE,2,2022-08-01T02:00:00Z,2022-08-01T02:00:00Z,1.682677,base,42677.3,1.0,0.0,False,,Energy-Charts/ENTSO-E measured fuel mix x Macknick 2012 consumption factors (same payload as real CI),Energy-Charts / ENTSO-E generation mix + Macknick 2012 (NREL),https://api.energy-charts.info/public_power?country=de
DE,3,2022-08-01T03:00:00Z,2022-08-01T03:00:00Z,1.687019,base,44276.6,1.0,0.0,False,,Energy-Charts/ENTSO-E measured fuel mix x Macknick 2012 consumption factors (same payload as real CI),Energy-Charts / ENTSO-E generation mix + Macknick 2012 (NREL),https://api.energy-charts.info/public_power?country=de
DE,4,2022-08-01T04:00:00Z,2022-08-01T04:00:00Z,1.653784,base,45774.5,1.0,0.0,False,,Energy-Charts/ENTSO-E measured fuel mix x Macknick 2012 consumption factors (same payload as real CI),Energy-Charts / ENTSO-E generation mix + Macknick 2012 (NREL),https://api.energy-charts.info/public_power?country=de
DE,5,2022-08-01T05:00:00Z,2022-08-01T05:00:00Z,1.572244,base,49012.9,1.0,0.0,False,,Energy-Charts/ENTSO-E measured fuel mix x Macknick 2012 consumption factors (same payload as real CI),Energy-Charts / ENTSO-E generation mix + Macknick 2012 (NREL),https://api.energy-charts.info/public_power?country=de
DE,6,2022-08-01T06:00:00Z,2022-08-01T06:00:00Z,1.392819,base,55928.1,1.0,0.0,False,,Energy-Charts/ENTSO-E measured fuel mix x Macknick 2012 consumption factors (same payload as real CI),Energy-Charts / ENTSO-E generation mix + Macknick 2012 (NREL),https://api.energy-charts.info/public_power?country=de
DE,7,2022-08-01T07:00:00Z,2022-08-01T07:00:00Z,1.304064,base,59603.8,1.0,0.0,False,,Energy-Charts/ENTSO-E measured fuel mix x Macknick 2012 consumption factors (same payload as real CI),Energy-Charts / ENTSO-E generation mix + Macknick 2012 (NREL),https://api.energy-charts.info/public_power?country=de
DE,8,2022-08-01T08:00:00Z,2022-08-01T08:00:00Z,1.234895,base,61558.4,1.0,0.0,False,,Energy-Charts/ENTSO-E measured fuel mix x Macknick 2012 consumption factors (same payload as real CI),Energy-Charts / ENTSO-E generation mix + Macknick 2012 (NREL),https://api.energy-charts.info/public_power?country=de
DE,9,2022-08-01T09:00:00Z,2022-08-01T09:00:00Z,1.186621,base,63738.5,1.0,0.0,False,,Energy-Charts/ENTSO-E measured fuel mix x Macknick 2012 consumption factors (same payload as real CI),Energy-Charts / ENTSO-E generation mix + Macknick 2012 (NREL),https://api.energy-charts.info/public_power?country=de
DE,10,2022-08-01T10:00:00Z,2022-08-01T10:00:00Z,1.154702,base,64653.3,1.0,0.0,False,,Energy-Charts/ENTSO-E measured fuel mix x Macknick 2012 consumption factors (same payload as real CI),Energy-Charts / ENTSO-E generation mix + Macknick 2012 (NREL),https://api.energy-charts.info/public_power?country=de
DE,11,2022-08-01T11:00:00Z,2022-08-01T11:00:00Z,1.147688,base,64475.9,1.0,0.0,False,,Energy-Charts/ENTSO-E measured fuel mix x Macknick 2012 consumption factors (same payload as real CI),Energy-Charts / ENTSO-E generation mix + Macknick 2012 (NREL),https://api.energy-charts.info/public_power?country=de
DE,12,2022-08-01T12:00:00Z,2022-08-01T12:00:00Z,1.157044,base,63771.2,1.0,0.0,False,,Energy-Charts/ENTSO-E measured fuel mix x Macknick 2012 consumption factors (same payload as real CI),Energy-Charts / ENTSO-E generation mix + Macknick 2012 (NREL),https://api.energy-charts.info/public_power?country=de
DE,13,2022-08-01T13:00:00Z,2022-08-01T13:00:00Z,1.189803,base,62475.1,1.0,0.0,False,,Energy-Charts/ENTSO-E measured fuel mix x Macknick 2012 consumption factors (same payload as real CI),Energy-Charts / ENTSO-E generation mix + Macknick 2012 (NREL),https://api.energy-charts.info/public_power?country=de
DE,14,2022-08-01T14:00:00Z,2022-08-01T14:00:00Z,1.260829,base,60993.9,1.0,0.0,False,,Energy-Charts/ENTSO-E measured fuel mix x Macknick 2012 consumption factors (same payload as real CI),Energy-Charts / ENTSO-E generation mix + Macknick 2012 (NREL),https://api.energy-charts.info/public_power?country=de
DE,15,2022-08-01T15:00:00Z,2022-08-01T15:00:00Z,1.387286,base,57451.3,1.0,0.0,False,,Energy-Charts/ENTSO-E measured fuel mix x Macknick 2012 consumption factors (same payload as real CI),Energy-Charts / ENTSO-E generation mix + Macknick 2012 (NREL),https://api.energy-charts.info/public_power?country=de
DE,16,2022-08-01T16:00:00Z,2022-08-01T16:00:00Z,1.509913,base,53638.2,1.0,0.0,False,,Energy-Charts/ENTSO-E measured fuel mix x Macknick 2012 consumption factors (same payload as real CI),Energy-Charts / ENTSO-E generation mix + Macknick 2012 (NREL),https://api.energy-charts.info/public_power?country=de
DE,17,2022-08-01T17:00:00Z,2022-08-01T17:00:00Z,1.609411,base,50549.1,1.0,0.0,False,,Energy-Charts/ENTSO-E measured fuel mix x Macknick 2012 consumption factors (same payload as real CI),Energy-Charts / ENTSO-E generation mix + Macknick 2012 (NREL),https://api.energy-charts.info/public_power?country=de
DE,18,2022-08-01T18:00:00Z,2022-08-01T18:00:00Z,1.678792,base,48679.8,1.0,0.0,False,,Energy-Charts/ENTSO-E measured fuel mix x Macknick 2012 consumption factors (same payload as real CI),Energy-Charts / ENTSO-E generation mix + Macknick 2012 (NREL),https://api.energy-charts.info/public_power?country=de
DE,19,2022-08-01T19:00:00Z,2022-08-01T19:00:00Z,1.745401,base,47086.4,1.0,0.0,False,,Energy-Charts/ENTSO-E measured fuel mix x Macknick 2012 consumption factors (same payload as real CI),Energy-Charts / ENTSO-E generation mix + Macknick 2012 (NREL),https://api.energy-charts.info/public_power?country=de
DE,20,2022-08-01T20:00:00Z,2022-08-01T20:00:00Z,1.822292,base,45063.2,1.0,0.0,False,,Energy-Charts/ENTSO-E measured fuel mix x Macknick 2012 consumption factors (same payload as real CI),Energy-Charts / ENTSO-E generation mix + Macknick 2012 (NREL),https://api.energy-charts.info/public_power?country=de
DE,21,2022-08-01T21:00:00Z,2022-08-01T21:00:00Z,1.96363,base,41516.2,1.0,0.0,False,,Energy-Charts/ENTSO-E measured fuel mix x Macknick 2012 consumption factors (same payload as real CI),Energy-Charts / ENTSO-E generation mix + Macknick 2012 (NREL),https://api.energy-charts.info/public_power?country=de
DE,22,2022-08-01T22:00:00Z,2022-08-01T22:00:00Z,2.047742,base,39560.6,1.0,0.0,False,,Energy-Charts/ENTSO-E measured fuel mix x Macknick 2012 consumption factors (same payload as real CI),Energy-Charts / ENTSO-E generation mix + Macknick 2012 (NREL),https://api.energy-charts.info/public_power?country=de
DE,23,2022-08-01T23:00:00Z,2022-08-01T23:00:00Z,2.09094,base,38306.8,1.0,0.0,False,,Energy-Charts/ENTSO-E measured fuel mix x Macknick 2012 consumption factors (same payload as real CI),Energy-Charts / ENTSO-E generation mix + Macknick 2012 (NREL),https://api.energy-charts.info/public_power?country=de
DE,24,2022-08-02T00:00:00Z,2022-08-02T00:00:00Z,2.108075,base,37752.4,1.0,0.0,False,,Energy-Charts/ENTSO-E measured fuel mix x Macknick 2012 consumption factors (same payload as real CI),Energy-Charts / ENTSO-E generation mix + Macknick 2012 (NREL),https://api.energy-charts.info/public_power?country=de
DE,25,2022-08-02T01:00:00Z,2022-08-02T01:00:00Z,2.105182,base,37824.6,1.0,0.0,False,,Energy-Charts/ENTSO-E measured fuel mix x Macknick 2012 consumption factors (same payload as real CI),Energy-Charts / ENTSO-E generation mix + Macknick 2012 (NREL),https://api.energy-charts.info/public_power?country=de
DE,26,2022-08-02T02:00:00Z,2022-08-02T02:00:00Z,2.07395,base,38340.9,1.0,0.0,False,,Energy-Charts/ENTSO-E measured fuel mix x Macknick 2012 consumption factors (same payload as real CI),Energy-Charts / ENTSO-E generation mix + Macknick 2012 (NREL),https://api.energy-charts.info/public_power?country=de
DE,27,2022-08-02T03:00:00Z,2022-08-02T03:00:00Z,2.019094,base,39465.1,1.0,0.0,False,,Energy-Charts/ENTSO-E measured fuel mix x Macknick 2012 consumption factors (same payload as real CI),Energy-Charts / ENTSO-E generation mix + Macknick 2012 (NREL),https://api.energy-charts.info/public_power?country=de
DE,28,2022-08-02T04:00:00Z,2022-08-02T04:00:00Z,1.908971,base,42231.7,1.0,0.0,False,,Energy-Charts/ENTSO-E measured fuel mix x Macknick 2012 consumption factors (same payload as real CI),Energy-Charts / ENTSO-E generation mix + Macknick 2012 (NREL),https://api.energy-charts.info/public_power?country=de
DE,29,2022-08-02T05:00:00Z,2022-08-02T05:00:00Z,1.669625,base,48722.1,1.0,0.0,False,,Energy-Charts/ENTSO-E measured fuel mix x Macknick 2012 consumption factors (same payload as real CI),Energy-Charts / ENTSO-E generation mix + Macknick 2012 (NREL),https://api.energy-charts.info/public_power?country=de
DE,30,2022-08-02T06:00:00Z,2022-08-02T06:00:00Z,1.495377,base,54324.2,1.0,0.0,False,,Energy-Charts/ENTSO-E measured fuel mix x Macknick 2012 consumption factors (same payload as real CI),Energy-Charts / ENTSO-E generation mix + Macknick 2012 (NREL),https://api.energy-charts.info/public_power?country=de
DE,31,2022-08-02T07:00:00Z,2022-08-02T07:00:00Z,1.303133,base,61196.7,1.0,0.0,False,,Energy-Charts/ENTSO-E measured fuel mix x Macknick 2012 consumption factors (same payload as real CI),Energy-Charts / ENTSO-E generation mix + Macknick 2012 (NREL),https://api.energy-charts.info/public_power?country=de
DE,32,2022-08-02T08:00:00Z,2022-08-02T08:00:00Z,1.134353,base,66334.7,1.0,0.0,False,,Energy-Charts/ENTSO-E measured fuel mix x Macknick 2012 consumption factors (same payload as real CI),Energy-Charts / ENTSO-E generation mix + Macknick 2012 (NREL),https://api.energy-charts.info/public_power?country=de
DE,33,2022-08-02T09:00:00Z,2022-08-02T09:00:00Z,1.015432,base,69161.1,1.0,0.0,False,,Energy-Charts/ENTSO-E measured fuel mix x Macknick 2012 consumption factors (same payload as real CI),Energy-Charts / ENTSO-E generation mix + Macknick 2012 (NREL),https://api.energy-charts.info/public_power?country=de
DE,34,2022-08-02T10:00:00Z,2022-08-02T10:00:00Z,0.983579,base,71098.2,1.0,0.0,False,,Energy-Charts/ENTSO-E measured fuel mix x Macknick 2012 consumption factors (same payload as real CI),Energy-Charts / ENTSO-E generation mix + Macknick 2012 (NREL),https://api.energy-charts.info/public_power?country=de
DE,35,2022-08-02T11:00:00Z,2022-08-02T11:00:00Z,0.966231,base,72068.6,1.0,0.0,False,,Energy-Charts/ENTSO-E measured fuel mix x Macknick 2012 consumption factors (same payload as real CI),Energy-Charts / ENTSO-E generation mix + Macknick 2012 (NREL),https://api.energy-charts.info/public_power?country=de
DE,36,2022-08-02T12:00:00Z,2022-08-02T12:00:00Z,0.963412,base,70941.8,1.0,0.0,False,,Energy-Charts/ENTSO-E measured fuel mix x Macknick 2012 consumption factors (same payload as real CI),Energy-Charts / ENTSO-E generation mix + Macknick 2012 (NREL),https://api.energy-charts.info/public_power?country=de
DE,37,2022-08-02T13:00:00Z,2022-08-02T13:00:00Z,1.017275,base,68343.1,1.0,0.0,False,,Energy-Charts/ENTSO-E measured fuel mix x Macknick 2012 consumption factors (same payload as real CI),Energy-Charts / ENTSO-E generation mix + Macknick 2012 (NREL),https://api.energy-charts.info/public_power?country=de
DE,38,2022-08-02T14:00:00Z,2022-08-02T14:00:00Z,1.147813,base,64361.2,1.0,0.0,False,,Energy-Charts/ENTSO-E measured fuel mix x Macknick 2012 consumption factors (same payload as real CI),Energy-Charts / ENTSO-E generation mix + Macknick 2012 (NREL),https://api.energy-charts.info/public_power?country=de
DE,39,2022-08-02T15:00:00Z,2022-08-02T15:00:00Z,1.312957,base,59140.3,1.0,0.0,False,,Energy-Charts/ENTSO-E measured fuel mix x Macknick 2012 consumption factors (same payload as real CI),Energy-Charts / ENTSO-E generation mix + Macknick 2012 (NREL),https://api.energy-charts.info/public_power?country=de
DE,40,2022-08-02T16:00:00Z,2022-08-02T16:00:00Z,1.465629,base,54092.5,1.0,0.0,False,,Energy-Charts/ENTSO-E measured fuel mix x Macknick 2012 consumption factors (same payload as real CI),Energy-Charts / ENTSO-E generation mix + Macknick 2012 (NREL),https://api.energy-charts.info/public_power?country=de
DE,41,2022-08-02T17:00:00Z,2022-08-02T17:00:00Z,1.541975,base,52032.4,1.0,0.0,False,,Energy-Charts/ENTSO-E measured fuel mix x Macknick 2012 consumption factors (same payload as real CI),Energy-Charts / ENTSO-E generation mix + Macknick 2012 (NREL),https://api.energy-charts.info/public_power?country=de
DE,42,2022-08-02T18:00:00Z,2022-08-02T18:00:00Z,1.634389,base,49849.5,1.0,0.0,False,,Energy-Charts/ENTSO-E measured fuel mix x Macknick 2012 consumption factors (same payload as real CI),Energy-Charts / ENTSO-E generation mix + Macknick 2012 (NREL),https://api.energy-charts.info/public_power?country=de
DE,43,2022-08-02T19:00:00Z,2022-08-02T19:00:00Z,1.686872,base,48176.1,1.0,0.0,False,,Energy-Charts/ENTSO-E measured fuel mix x Macknick 2012 consumption factors (same payload as real CI),Energy-Charts / ENTSO-E generation mix + Macknick 2012 (NREL),https://api.energy-charts.info/public_power?country=de
DE,44,2022-08-02T20:00:00Z,2022-08-02T20:00:00Z,1.735966,base,46344.6,1.0,0.0,False,,Energy-Charts/ENTSO-E measured fuel mix x Macknick 2012 consumption factors (same payload as real CI),Energy-Charts / ENTSO-E generation mix + Macknick 2012 (NREL),https://api.energy-charts.info/public_power?country=de
DE,45,2022-08-02T21:00:00Z,2022-08-02T21:00:00Z,1.804105,base,43740.4,1.0,0.0,False,,Energy-Charts/ENTSO-E measured fuel mix x Macknick 2012 consumption factors (same payload as real CI),Energy-Charts / ENTSO-E generation mix + Macknick 2012 (NREL),https://api.energy-charts.info/public_power?country=de
DE,46,2022-08-02T22:00:00Z,2022-08-02T22:00:00Z,1.873676,base,41233.7,1.0,0.0,False,,Energy-Charts/ENTSO-E measured fuel mix x Macknick 2012 consumption factors (same payload as real CI),Energy-Charts / ENTSO-E generation mix + Macknick 2012 (NREL),https://api.energy-charts.info/public_power?country=de
DE,47,2022-08-02T23:00:00Z,2022-08-02T23:00:00Z,1.873607,base,40628.1,1.0,0.0,False,,Energy-Charts/ENTSO-E measured fuel mix x Macknick 2012 consumption factors (same payload as real CI),Energy-Charts / ENTSO-E generation mix + Macknick 2012 (NREL),https://api.energy-charts.info/public_power?country=de
FR,0,2022-08-01T00:00:00Z,2022-08-01T00:00:00Z,1.924108,base,33079.0,1.0,0.0,False,,Energy-Charts/ENTSO-E measured fuel mix x Macknick 2012 consumption factors (same payload as real CI),Energy-Charts / ENTSO-E generation mix + Macknick 2012 (NREL),https://api.energy-charts.info/public_power?country=fr
FR,1,2022-08-01T01:00:00Z,2022-08-01T01:00:00Z,1.949027,base,32099.0,1.0,0.0,False,,Energy-Charts/ENTSO-E measured fuel mix x Macknick 2012 consumption factors (same payload as real CI),Energy-Charts / ENTSO-E generation mix + Macknick 2012 (NREL),https://api.energy-charts.info/public_power?country=fr
FR,2,2022-08-01T02:00:00Z,2022-08-01T02:00:00Z,1.968871,base,31641.0,1.0,0.0,False,,Energy-Charts/ENTSO-E measured fuel mix x Macknick 2012 consumption factors (same payload as real CI),Energy-Charts / ENTSO-E generation mix + Macknick 2012 (NREL),https://api.energy-charts.info/public_power?country=fr
FR,3,2022-08-01T03:00:00Z,2022-08-01T03:00:00Z,1.973558,base,32359.0,1.0,0.0,False,,Energy-Charts/ENTSO-E measured fuel mix x Macknick 2012 consumption factors (same payload as real CI),Energy-Charts / ENTSO-E generation mix + Macknick 2012 (NREL),https://api.energy-charts.info/public_power?country=fr
FR,4,2022-08-01T04:00:00Z,2022-08-01T04:00:00Z,1.989154,base,32364.0,1.0,0.0,False,,Energy-Charts/ENTSO-E measured fuel mix x Macknick 2012 consumption factors (same payload as real CI),Energy-Charts / ENTSO-E generation mix + Macknick 2012 (NREL),https://api.energy-charts.info/public_power?country=fr
FR,5,2022-08-01T05:00:00Z,2022-08-01T05:00:00Z,1.968964,base,33813.0,1.0,0.0,False,,Energy-Charts/ENTSO-E measured fuel mix x Macknick 2012 consumption factors (same payload as real CI),Energy-Charts / ENTSO-E generation mix + Macknick 2012 (NREL),https://api.energy-charts.info/public_power?country=fr
FR,6,2022-08-01T06:00:00Z,2022-08-01T06:00:00Z,1.863811,base,36042.0,1.0,0.0,False,,Energy-Charts/ENTSO-E measured fuel mix x Macknick 2012 consumption factors (same payload as real CI),Energy-Charts / ENTSO-E generation mix + Macknick 2012 (NREL),https://api.energy-charts.info/public_power?country=fr
FR,7,2022-08-01T07:00:00Z,2022-08-01T07:00:00Z,1.761615,base,38067.0,1.0,0.0,False,,Energy-Charts/ENTSO-E measured fuel mix x Macknick 2012 consumption factors (same payload as real CI),Energy-Charts / ENTSO-E generation mix + Macknick 2012 (NREL),https://api.energy-charts.info/public_power?country=fr
FR,8,2022-08-01T08:00:00Z,2022-08-01T08:00:00Z,1.702606,base,39311.0,1.0,0.0,False,,Energy-Charts/ENTSO-E measured fuel mix x Macknick 2012 consumption factors (same payload as real CI),Energy-Charts / ENTSO-E generation mix + Macknick 2012 (NREL),https://api.energy-charts.info/public_power?country=fr
FR,9,2022-08-01T09:00:00Z,2022-08-01T09:00:00Z,1.635864,base,41050.0,1.0,0.0,False,,Energy-Charts/ENTSO-E measured fuel mix x Macknick 2012 consumption factors (same payload as real CI),Energy-Charts / ENTSO-E generation mix + Macknick 2012 (NREL),https://api.energy-charts.info/public_power?country=fr
FR,10,2022-08-01T10:00:00Z,2022-08-01T10:00:00Z,1.591466,base,42365.0,1.0,0.0,False,,Energy-Charts/ENTSO-E measured fuel mix x Macknick 2012 consumption factors (same payload as real CI),Energy-Charts / ENTSO-E generation mix + Macknick 2012 (NREL),https://api.energy-charts.info/public_power?country=fr
FR,11,2022-08-01T11:00:00Z,2022-08-01T11:00:00Z,1.568137,base,43285.0,1.0,0.0,False,,Energy-Charts/ENTSO-E measured fuel mix x Macknick 2012 consumption factors (same payload as real CI),Energy-Charts / ENTSO-E generation mix + Macknick 2012 (NREL),https://api.energy-charts.info/public_power?country=fr
FR,12,2022-08-01T12:00:00Z,2022-08-01T12:00:00Z,1.581746,base,42965.0,1.0,0.0,False,,Energy-Charts/ENTSO-E measured fuel mix x Macknick 2012 consumption factors (same payload as real CI),Energy-Charts / ENTSO-E generation mix + Macknick 2012 (NREL),https://api.energy-charts.info/public_power?country=fr
FR,13,2022-08-01T13:00:00Z,2022-08-01T13:00:00Z,1.607595,base,42247.0,1.0,0.0,False,,Energy-Charts/ENTSO-E measured fuel mix x Macknick 2012 consumption factors (same payload as real CI),Energy-Charts / ENTSO-E generation mix + Macknick 2012 (NREL),https://api.energy-charts.info/public_power?country=fr
FR,14,2022-08-01T14:00:00Z,2022-08-01T14:00:00Z,1.640651,base,41593.0,1.0,0.0,False,,Energy-Charts/ENTSO-E measured fuel mix x Macknick 2012 consumption factors (same payload as real CI),Energy-Charts / ENTSO-E generation mix + Macknick 2012 (NREL),https://api.energy-charts.info/public_power?country=fr
FR,15,2022-08-01T15:00:00Z,2022-08-01T15:00:00Z,1.696694,base,40291.0,1.0,0.0,False,,Energy-Charts/ENTSO-E measured fuel mix x Macknick 2012 consumption factors (same payload as real CI),Energy-Charts / ENTSO-E generation mix + Macknick 2012 (NREL),https://api.energy-charts.info/public_power?country=fr
FR,16,2022-08-01T16:00:00Z,2022-08-01T16:00:00Z,1.758287,base,39740.0,1.0,0.0,False,,Energy-Charts/ENTSO-E measured fuel mix x Macknick 2012 consumption factors (same payload as real CI),Energy-Charts / ENTSO-E generation mix + Macknick 2012 (NREL),https://api.energy-charts.info/public_power?country=fr
FR,17,2022-08-01T17:00:00Z,2022-08-01T17:00:00Z,1.802368,base,39520.0,1.0,0.0,False,,Energy-Charts/ENTSO-E measured fuel mix x Macknick 2012 consumption factors (same payload as real CI),Energy-Charts / ENTSO-E generation mix + Macknick 2012 (NREL),https://api.energy-charts.info/public_power?country=fr
FR,18,2022-08-01T18:00:00Z,2022-08-01T18:00:00Z,1.864457,base,37901.0,1.0,0.0,False,,Energy-Charts/ENTSO-E measured fuel mix x Macknick 2012 consumption factors (same payload as real CI),Energy-Charts / ENTSO-E generation mix + Macknick 2012 (NREL),https://api.energy-charts.info/public_power?country=fr
FR,19,2022-08-01T19:00:00Z,2022-08-01T19:00:00Z,1.885172,base,37178.0,1.0,0.0,False,,Energy-Charts/ENTSO-E measured fuel mix x Macknick 2012 consumption factors (same payload as real CI),Energy-Charts / ENTSO-E generation mix + Macknick 2012 (NREL),https://api.energy-charts.info/public_power?country=fr
FR,20,2022-08-01T20:00:00Z,2022-08-01T20:00:00Z,1.901928,base,37020.0,1.0,0.0,False,,Energy-Charts/ENTSO-E measured fuel mix x Macknick 2012 consumption factors (same payload as real CI),Energy-Charts / ENTSO-E generation mix + Macknick 2012 (NREL),https://api.energy-charts.info/public_power?country=fr
FR,21,2022-08-01T21:00:00Z,2022-08-01T21:00:00Z,1.922944,base,36265.0,1.0,0.0,False,,Energy-Charts/ENTSO-E measured fuel mix x Macknick 2012 consumption factors (same payload as real CI),Energy-Charts / ENTSO-E generation mix + Macknick 2012 (NREL),https://api.energy-charts.info/public_power?country=fr
FR,22,2022-08-01T22:00:00Z,2022-08-01T22:00:00Z,1.969189,base,34814.0,1.0,0.0,False,,Energy-Charts/ENTSO-E measured fuel mix x Macknick 2012 consumption factors (same payload as real CI),Energy-Charts / ENTSO-E generation mix + Macknick 2012 (NREL),https://api.energy-charts.info/public_power?country=fr
FR,23,2022-08-01T23:00:00Z,2022-08-01T23:00:00Z,1.995881,base,33981.0,1.0,0.0,False,,Energy-Charts/ENTSO-E measured fuel mix x Macknick 2012 consumption factors (same payload as real CI),Energy-Charts / ENTSO-E generation mix + Macknick 2012 (NREL),https://api.energy-charts.info/public_power?country=fr
FR,24,2022-08-02T00:00:00Z,2022-08-02T00:00:00Z,1.986765,base,33320.0,1.0,0.0,False,,Energy-Charts/ENTSO-E measured fuel mix x Macknick 2012 consumption factors (same payload as real CI),Energy-Charts / ENTSO-E generation mix + Macknick 2012 (NREL),https://api.energy-charts.info/public_power?country=fr
FR,25,2022-08-02T01:00:00Z,2022-08-02T01:00:00Z,1.976689,base,33249.0,1.0,0.0,False,,Energy-Charts/ENTSO-E measured fuel mix x Macknick 2012 consumption factors (same payload as real CI),Energy-Charts / ENTSO-E generation mix + Macknick 2012 (NREL),https://api.energy-charts.info/public_power?country=fr
FR,26,2022-08-02T02:00:00Z,2022-08-02T02:00:00Z,1.974498,base,33248.0,1.0,0.0,False,,Energy-Charts/ENTSO-E measured fuel mix x Macknick 2012 consumption factors (same payload as real CI),Energy-Charts / ENTSO-E generation mix + Macknick 2012 (NREL),https://api.energy-charts.info/public_power?country=fr
FR,27,2022-08-02T03:00:00Z,2022-08-02T03:00:00Z,1.998013,base,33265.0,1.0,0.0,False,,Energy-Charts/ENTSO-E measured fuel mix x Macknick 2012 consumption factors (same payload as real CI),Energy-Charts / ENTSO-E generation mix + Macknick 2012 (NREL),https://api.energy-charts.info/public_power?country=fr
FR,28,2022-08-02T04:00:00Z,2022-08-02T04:00:00Z,2.007913,base,33782.0,1.0,0.0,False,,Energy-Charts/ENTSO-E measured fuel mix x Macknick 2012 consumption factors (same payload as real CI),Energy-Charts / ENTSO-E generation mix + Macknick 2012 (NREL),https://api.energy-charts.info/public_power?country=fr
FR,29,2022-08-02T05:00:00Z,2022-08-02T05:00:00Z,1.96501,base,34791.0,1.0,0.0,False,,Energy-Charts/ENTSO-E measured fuel mix x Macknick 2012 consumption factors (same payload as real CI),Energy-Charts / ENTSO-E generation mix + Macknick 2012 (NREL),https://api.energy-charts.info/public_power?country=fr
FR,30,2022-08-02T06:00:00Z,2022-08-02T06:00:00Z,1.880824,base,36388.0,1.0,0.0,False,,Energy-Charts/ENTSO-E measured fuel mix x Macknick 2012 consumption factors (same payload as real CI),Energy-Charts / ENTSO-E generation mix + Macknick 2012 (NREL),https://api.energy-charts.info/public_power?country=fr
FR,31,2022-08-02T07:00:00Z,2022-08-02T07:00:00Z,1.766299,base,38656.0,1.0,0.0,False,,Energy-Charts/ENTSO-E measured fuel mix x Macknick 2012 consumption factors (same payload as real CI),Energy-Charts / ENTSO-E generation mix + Macknick 2012 (NREL),https://api.energy-charts.info/public_power?country=fr
FR,32,2022-08-02T08:00:00Z,2022-08-02T08:00:00Z,1.680418,base,40461.0,1.0,0.0,False,,Energy-Charts/ENTSO-E measured fuel mix x Macknick 2012 consumption factors (same payload as real CI),Energy-Charts / ENTSO-E generation mix + Macknick 2012 (NREL),https://api.energy-charts.info/public_power?country=fr
FR,33,2022-08-02T09:00:00Z,2022-08-02T09:00:00Z,1.627333,base,42342.0,1.0,0.0,False,,Energy-Charts/ENTSO-E measured fuel mix x Macknick 2012 consumption factors (same payload as real CI),Energy-Charts / ENTSO-E generation mix + Macknick 2012 (NREL),https://api.energy-charts.info/public_power?country=fr
FR,34,2022-08-02T10:00:00Z,2022-08-02T10:00:00Z,1.591325,base,44273.0,1.0,0.0,False,,Energy-Charts/ENTSO-E measured fuel mix x Macknick 2012 consumption factors (same payload as real CI),Energy-Charts / ENTSO-E generation mix + Macknick 2012 (NREL),https://api.energy-charts.info/public_power?country=fr
FR,35,2022-08-02T11:00:00Z,2022-08-02T11:00:00Z,1.585885,base,44460.0,1.0,0.0,False,,Energy-Charts/ENTSO-E measured fuel mix x Macknick 2012 consumption factors (same payload as real CI),Energy-Charts / ENTSO-E generation mix + Macknick 2012 (NREL),https://api.energy-charts.info/public_power?country=fr
FR,36,2022-08-02T12:00:00Z,2022-08-02T12:00:00Z,1.601594,base,44536.0,1.0,0.0,False,,Energy-Charts/ENTSO-E measured fuel mix x Macknick 2012 consumption factors (same payload as real CI),Energy-Charts / ENTSO-E generation mix + Macknick 2012 (NREL),https://api.energy-charts.info/public_power?country=fr
FR,37,2022-08-02T13:00:00Z,2022-08-02T13:00:00Z,1.616297,base,44338.0,1.0,0.0,False,,Energy-Charts/ENTSO-E measured fuel mix x Macknick 2012 consumption factors (same payload as real CI),Energy-Charts / ENTSO-E generation mix + Macknick 2012 (NREL),https://api.energy-charts.info/public_power?country=fr
FR,38,2022-08-02T14:00:00Z,2022-08-02T14:00:00Z,1.647205,base,43628.0,1.0,0.0,False,,Energy-Charts/ENTSO-E measured fuel mix x Macknick 2012 consumption factors (same payload as real CI),Energy-Charts / ENTSO-E generation mix + Macknick 2012 (NREL),https://api.energy-charts.info/public_power?country=fr
FR,39,2022-08-02T15:00:00Z,2022-08-02T15:00:00Z,1.689017,base,42804.0,1.0,0.0,False,,Energy-Charts/ENTSO-E measured fuel mix x Macknick 2012 consumption factors (same payload as real CI),Energy-Charts / ENTSO-E generation mix + Macknick 2012 (NREL),https://api.energy-charts.info/public_power?country=fr
FR,40,2022-08-02T16:00:00Z,2022-08-02T16:00:00Z,1.756981,base,41672.0,1.0,0.0,False,,Energy-Charts/ENTSO-E measured fuel mix x Macknick 2012 consumption factors (same payload as real CI),Energy-Charts / ENTSO-E generation mix + Macknick 2012 (NREL),https://api.energy-charts.info/public_power?country=fr
FR,41,2022-08-02T17:00:00Z,2022-08-02T17:00:00Z,1.827917,base,40694.0,1.0,0.0,False,,Energy-Charts/ENTSO-E measured fuel mix x Macknick 2012 consumption factors (same payload as real CI),Energy-Charts / ENTSO-E generation mix + Macknick 2012 (NREL),https://api.energy-charts.info/public_power?country=fr
FR,42,2022-08-02T18:00:00Z,2022-08-02T18:00:00Z,1.897244,base,38925.0,1.0,0.0,False,,Energy-Charts/ENTSO-E measured fuel mix x Macknick 2012 consumption factors (same payload as real CI),Energy-Charts / ENTSO-E generation mix + Macknick 2012 (NREL),https://api.energy-charts.info/public_power?country=fr
FR,43,2022-08-02T19:00:00Z,2022-08-02T19:00:00Z,1.916696,base,38042.0,1.0,0.0,False,,Energy-Charts/ENTSO-E measured fuel mix x Macknick 2012 consumption factors (same payload as real CI),Energy-Charts / ENTSO-E generation mix + Macknick 2012 (NREL),https://api.energy-charts.info/public_power?country=fr
FR,44,2022-08-02T20:00:00Z,2022-08-02T20:00:00Z,1.923237,base,38019.0,1.0,0.0,False,,Energy-Charts/ENTSO-E measured fuel mix x Macknick 2012 consumption factors (same payload as real CI),Energy-Charts / ENTSO-E generation mix + Macknick 2012 (NREL),https://api.energy-charts.info/public_power?country=fr
FR,45,2022-08-02T21:00:00Z,2022-08-02T21:00:00Z,1.952084,base,37262.0,1.0,0.0,False,,Energy-Charts/ENTSO-E measured fuel mix x Macknick 2012 consumption factors (same payload as real CI),Energy-Charts / ENTSO-E generation mix + Macknick 2012 (NREL),https://api.energy-charts.info/public_power?country=fr
FR,46,2022-08-02T22:00:00Z,2022-08-02T22:00:00Z,1.997908,base,36432.0,1.0,0.0,False,,Energy-Charts/ENTSO-E measured fuel mix x Macknick 2012 consumption factors (same payload as real CI),Energy-Charts / ENTSO-E generation mix + Macknick 2012 (NREL),https://api.energy-charts.info/public_power?country=fr
FR,47,2022-08-02T23:00:00Z,2022-08-02T23:00:00Z,2.030131,base,35425.0,1.0,0.0,False,,Energy-Charts/ENTSO-E measured fuel mix x Macknick 2012 consumption factors (same payload as real CI),Energy-Charts / ENTSO-E generation mix + Macknick 2012 (NREL),https://api.energy-charts.info/public_power?country=fr
ES,0,2022-08-01T00:00:00Z,2022-08-01T00:00:00Z,1.109999,base,28760.0,1.0,0.0,False,,Energy-Charts/ENTSO-E measured fuel mix x Macknick 2012 consumption factors (same payload as real CI),Energy-Charts / ENTSO-E generation mix + Macknick 2012 (NREL),https://api.energy-charts.info/public_power?country=es
ES,1,2022-08-01T01:00:00Z,2022-08-01T01:00:00Z,1.137698,base,27748.0,1.0,0.0,False,,Energy-Charts/ENTSO-E measured fuel mix x Macknick 2012 consumption factors (same payload as real CI),Energy-Charts / ENTSO-E generation mix + Macknick 2012 (NREL),https://api.energy-charts.info/public_power?country=es
ES,2,2022-08-01T02:00:00Z,2022-08-01T02:00:00Z,1.167915,base,26684.0,1.0,0.0,False,,Energy-Charts/ENTSO-E measured fuel mix x Macknick 2012 consumption factors (same payload as real CI),Energy-Charts / ENTSO-E generation mix + Macknick 2012 (NREL),https://api.energy-charts.info/public_power?country=es
ES,3,2022-08-01T03:00:00Z,2022-08-01T03:00:00Z,1.197787,base,26276.0,1.0,0.0,False,,Energy-Charts/ENTSO-E measured fuel mix x Macknick 2012 consumption factors (same payload as real CI),Energy-Charts / ENTSO-E generation mix + Macknick 2012 (NREL),https://api.energy-charts.info/public_power?country=es
ES,4,2022-08-01T04:00:00Z,2022-08-01T04:00:00Z,1.205836,base,26420.0,1.0,0.0,False,,Energy-Charts/ENTSO-E measured fuel mix x Macknick 2012 consumption factors (same payload as real CI),Energy-Charts / ENTSO-E generation mix + Macknick 2012 (NREL),https://api.energy-charts.info/public_power?country=es
ES,5,2022-08-01T05:00:00Z,2022-08-01T05:00:00Z,1.20698,base,28128.0,1.0,0.0,False,,Energy-Charts/ENTSO-E measured fuel mix x Macknick 2012 consumption factors (same payload as real CI),Energy-Charts / ENTSO-E generation mix + Macknick 2012 (NREL),https://api.energy-charts.info/public_power?country=es
ES,6,2022-08-01T06:00:00Z,2022-08-01T06:00:00Z,1.181807,base,29876.0,1.0,0.0,False,,Energy-Charts/ENTSO-E measured fuel mix x Macknick 2012 consumption factors (same payload as real CI),Energy-Charts / ENTSO-E generation mix + Macknick 2012 (NREL),https://api.energy-charts.info/public_power?country=es
ES,7,2022-08-01T07:00:00Z,2022-08-01T07:00:00Z,1.103911,base,32816.0,1.0,0.0,False,,Energy-Charts/ENTSO-E measured fuel mix x Macknick 2012 consumption factors (same payload as real CI),Energy-Charts / ENTSO-E generation mix + Macknick 2012 (NREL),https://api.energy-charts.info/public_power?country=es
ES,8,2022-08-01T08:00:00Z,2022-08-01T08:00:00Z,0.979613,base,35648.0,1.0,0.0,False,,Energy-Charts/ENTSO-E measured fuel mix x Macknick 2012 consumption factors (same payload as real CI),Energy-Charts / ENTSO-E generation mix + Macknick 2012 (NREL),https://api.energy-charts.info/public_power?country=es
ES,9,2022-08-01T09:00:00Z,2022-08-01T09:00:00Z,0.929899,base,37316.0,1.0,0.0,False,,Energy-Charts/ENTSO-E measured fuel mix x Macknick 2012 consumption factors (same payload as real CI),Energy-Charts / ENTSO-E generation mix + Macknick 2012 (NREL),https://api.energy-charts.info/public_power?country=es
ES,10,2022-08-01T10:00:00Z,2022-08-01T10:00:00Z,0.947294,base,38364.0,1.0,0.0,False,,Energy-Charts/ENTSO-E measured fuel mix x Macknick 2012 consumption factors (same payload as real CI),Energy-Charts / ENTSO-E generation mix + Macknick 2012 (NREL),https://api.energy-charts.info/public_power?country=es
ES,11,2022-08-01T11:00:00Z,2022-08-01T11:00:00Z,0.957856,base,39224.0,1.0,0.0,False,,Energy-Charts/ENTSO-E measured fuel mix x Macknick 2012 consumption factors (same payload as real CI),Energy-Charts / ENTSO-E generation mix + Macknick 2012 (NREL),https://api.energy-charts.info/public_power?country=es
ES,12,2022-08-01T12:00:00Z,2022-08-01T12:00:00Z,0.944969,base,40044.0,1.0,0.0,False,,Energy-Charts/ENTSO-E measured fuel mix x Macknick 2012 consumption factors (same payload as real CI),Energy-Charts / ENTSO-E generation mix + Macknick 2012 (NREL),https://api.energy-charts.info/public_power?country=es
ES,13,2022-08-01T13:00:00Z,2022-08-01T13:00:00Z,0.925341,base,40084.0,1.0,0.0,False,,Energy-Charts/ENTSO-E measured fuel mix x Macknick 2012 consumption factors (same payload as real CI),Energy-Charts / ENTSO-E generation mix + Macknick 2012 (NREL),https://api.energy-charts.info/public_power?country=es
ES,14,2022-08-01T14:00:00Z,2022-08-01T14:00:00Z,0.922569,base,39948.0,1.0,0.0,False,,Energy-Charts/ENTSO-E measured fuel mix x Macknick 2012 consumption factors (same payload as real CI),Energy-Charts / ENTSO-E generation mix + Macknick 2012 (NREL),https://api.energy-charts.info/public_power?country=es
ES,15,2022-08-01T15:00:00Z,2022-08-01T15:00:00Z,0.940611,base,39448.0,1.0,0.0,False,,Energy-Charts/ENTSO-E measured fuel mix x Macknick 2012 consumption factors (same payload as real CI),Energy-Charts / ENTSO-E generation mix + Macknick 2012 (NREL),https://api.energy-charts.info/public_power?country=es
ES,16,2022-08-01T16:00:00Z,2022-08-01T16:00:00Z,0.976883,base,38920.0,1.0,0.0,False,,Energy-Charts/ENTSO-E measured fuel mix x Macknick 2012 consumption factors (same payload as real CI),Energy-Charts / ENTSO-E generation mix + Macknick 2012 (NREL),https://api.energy-charts.info/public_power?country=es
ES,17,2022-08-01T17:00:00Z,2022-08-01T17:00:00Z,0.95395,base,37948.0,1.0,0.0,False,,Energy-Charts/ENTSO-E measured fuel mix x Macknick 2012 consumption factors (same payload as real CI),Energy-Charts / ENTSO-E generation mix + Macknick 2012 (NREL),https://api.energy-charts.info/public_power?country=es
ES,18,2022-08-01T18:00:00Z,2022-08-01T18:00:00Z,1.041656,base,36560.0,1.0,0.0,False,,Energy-Charts/ENTSO-E measured fuel mix x Macknick 2012 consumption factors (same payload as real CI),Energy-Charts / ENTSO-E generation mix + Macknick 2012 (NREL),https://api.energy-charts.info/public_power?country=es
ES,19,2022-08-01T19:00:00Z,2022-08-01T19:00:00Z,1.180264,base,35184.0,1.0,0.0,False,,Energy-Charts/ENTSO-E measured fuel mix x Macknick 2012 consumption factors (same payload as real CI),Energy-Charts / ENTSO-E generation mix + Macknick 2012 (NREL),https://api.energy-charts.info/public_power?country=es
ES,20,2022-08-01T20:00:00Z,2022-08-01T20:00:00Z,1.184037,base,35124.0,1.0,0.0,False,,Energy-Charts/ENTSO-E measured fuel mix x Macknick 2012 consumption factors (same payload as real CI),Energy-Charts / ENTSO-E generation mix + Macknick 2012 (NREL),https://api.energy-charts.info/public_power?country=es
ES,21,2022-08-01T21:00:00Z,2022-08-01T21:00:00Z,1.153359,base,33996.0,1.0,0.0,False,,Energy-Charts/ENTSO-E measured fuel mix x Macknick 2012 consumption factors (same payload as real CI),Energy-Charts / ENTSO-E generation mix + Macknick 2012 (NREL),https://api.energy-charts.info/public_power?country=es
ES,22,2022-08-01T22:00:00Z,2022-08-01T22:00:00Z,1.16347,base,32936.0,1.0,0.0,False,,Energy-Charts/ENTSO-E measured fuel mix x Macknick 2012 consumption factors (same payload as real CI),Energy-Charts / ENTSO-E generation mix + Macknick 2012 (NREL),https://api.energy-charts.info/public_power?country=es
ES,23,2022-08-01T23:00:00Z,2022-08-01T23:00:00Z,1.147288,base,31032.0,1.0,0.0,False,,Energy-Charts/ENTSO-E measured fuel mix x Macknick 2012 consumption factors (same payload as real CI),Energy-Charts / ENTSO-E generation mix + Macknick 2012 (NREL),https://api.energy-charts.info/public_power?country=es
ES,24,2022-08-02T00:00:00Z,2022-08-02T00:00:00Z,1.142995,base,29628.0,1.0,0.0,False,,Energy-Charts/ENTSO-E measured fuel mix x Macknick 2012 consumption factors (same payload as real CI),Energy-Charts / ENTSO-E generation mix + Macknick 2012 (NREL),https://api.energy-charts.info/public_power?country=es
ES,25,2022-08-02T01:00:00Z,2022-08-02T01:00:00Z,1.166566,base,28848.0,1.0,0.0,False,,Energy-Charts/ENTSO-E measured fuel mix x Macknick 2012 consumption factors (same payload as real CI),Energy-Charts / ENTSO-E generation mix + Macknick 2012 (NREL),https://api.energy-charts.info/public_power?country=es
ES,26,2022-08-02T02:00:00Z,2022-08-02T02:00:00Z,1.193291,base,28044.0,1.0,0.0,False,,Energy-Charts/ENTSO-E measured fuel mix x Macknick 2012 consumption factors (same payload as real CI),Energy-Charts / ENTSO-E generation mix + Macknick 2012 (NREL),https://api.energy-charts.info/public_power?country=es
ES,27,2022-08-02T03:00:00Z,2022-08-02T03:00:00Z,1.212582,base,28208.0,1.0,0.0,False,,Energy-Charts/ENTSO-E measured fuel mix x Macknick 2012 consumption factors (same payload as real CI),Energy-Charts / ENTSO-E generation mix + Macknick 2012 (NREL),https://api.energy-charts.info/public_power?country=es
ES,28,2022-08-02T04:00:00Z,2022-08-02T04:00:00Z,1.226964,base,28256.0,1.0,0.0,False,,Energy-Charts/ENTSO-E measured fuel mix x Macknick 2012 consumption factors (same payload as real CI),Energy-Charts / ENTSO-E generation mix + Macknick 2012 (NREL),https://api.energy-charts.info/public_power?country=es
ES,29,2022-08-02T05:00:00Z,2022-08-02T05:00:00Z,1.225907,base,29532.0,1.0,0.0,False,,Energy-Charts/ENTSO-E measured fuel mix x Macknick 2012 consumption factors (same payload as real CI),Energy-Charts / ENTSO-E generation mix + Macknick 2012 (NREL),https://api.energy-charts.info/public_power?country=es
ES,30,2022-08-02T06:00:00Z,2022-08-02T06:00:00Z,1.221579,base,30640.0,1.0,0.0,False,,Energy-Charts/ENTSO-E measured fuel mix x Macknick 2012 consumption factors (same payload as real CI),Energy-Charts / ENTSO-E generation mix + Macknick 2012 (NREL),https://api.energy-charts.info/public_power?country=es
ES,31,2022-08-02T07:00:00Z,2022-08-02T07:00:00Z,1.133388,base,33000.0,1.0,0.0,False,,Energy-Charts/ENTSO-E measured fuel mix x Macknick 2012 consumption factors (same payload as real CI),Energy-Charts / ENTSO-E generation mix + Macknick 2012 (NREL),https://api.energy-charts.info/public_power?country=es
ES,32,2022-08-02T08:00:00Z,2022-08-02T08:00:00Z,1.021387,base,36064.0,1.0,0.0,False,,Energy-Charts/ENTSO-E measured fuel mix x Macknick 2012 consumption factors (same payload as real CI),Energy-Charts / ENTSO-E generation mix + Macknick 2012 (NREL),https://api.energy-charts.info/public_power?country=es
ES,33,2022-08-02T09:00:00Z,2022-08-02T09:00:00Z,0.960356,base,38112.0,1.0,0.0,False,,Energy-Charts/ENTSO-E measured fuel mix x Macknick 2012 consumption factors (same payload as real CI),Energy-Charts / ENTSO-E generation mix + Macknick 2012 (NREL),https://api.energy-charts.info/public_power?country=es
ES,34,2022-08-02T10:00:00Z,2022-08-02T10:00:00Z,0.933934,base,39076.0,1.0,0.0,False,,Energy-Charts/ENTSO-E measured fuel mix x Macknick 2012 consumption factors (same payload as real CI),Energy-Charts / ENTSO-E generation mix + Macknick 2012 (NREL),https://api.energy-charts.info/public_power?country=es
ES,35,2022-08-02T11:00:00Z,2022-08-02T11:00:00Z,0.91876,base,40264.0,1.0,0.0,False,,Energy-Charts/ENTSO-E measured fuel mix x Macknick 2012 consumption factors (same payload as real CI),Energy-Charts / ENTSO-E generation mix + Macknick 2012 (NREL),https://api.energy-charts.info/public_power?country=es
ES,36,2022-08-02T12:00:00Z,2022-08-02T12:00:00Z,0.910272,base,40656.0,1.0,0.0,False,,Energy-Charts/ENTSO-E measured fuel mix x Macknick 2012 consumption factors (same payload as real CI),Energy-Charts / ENTSO-E generation mix + Macknick 2012 (NREL),https://api.energy-charts.info/public_power?country=es
ES,37,2022-08-02T13:00:00Z,2022-08-02T13:00:00Z,0.902929,base,40536.0,1.0,0.0,False,,Energy-Charts/ENTSO-E measured fuel mix x Macknick 2012 consumption factors (same payload as real CI),Energy-Charts / ENTSO-E generation mix + Macknick 2012 (NREL),https://api.energy-charts.info/public_power?country=es
ES,38,2022-08-02T14:00:00Z,2022-08-02T14:00:00Z,0.902838,base,40372.0,1.0,0.0,False,,Energy-Charts/ENTSO-E measured fuel mix x Macknick 2012 consumption factors (same payload as real CI),Energy-Charts / ENTSO-E generation mix + Macknick 2012 (NREL),https://api.energy-charts.info/public_power?country=es
ES,39,2022-08-02T15:00:00Z,2022-08-02T15:00:00Z,0.908212,base,40372.0,1.0,0.0,False,,Energy-Charts/ENTSO-E measured fuel mix x Macknick 2012 consumption factors (same payload as real CI),Energy-Charts / ENTSO-E generation mix + Macknick 2012 (NREL),https://api.energy-charts.info/public_power?country=es
ES,40,2022-08-02T16:00:00Z,2022-08-02T16:00:00Z,0.935453,base,40020.0,1.0,0.0,False,,Energy-Charts/ENTSO-E measured fuel mix x Macknick 2012 consumption factors (same payload as real CI),Energy-Charts / ENTSO-E generation mix + Macknick 2012 (NREL),https://api.energy-charts.info/public_power?country=es
ES,41,2022-08-02T17:00:00Z,2022-08-02T17:00:00Z,0.962017,base,38732.0,1.0,0.0,False,,Energy-Charts/ENTSO-E measured fuel mix x Macknick 2012 consumption factors (same payload as real CI),Energy-Charts / ENTSO-E generation mix + Macknick 2012 (NREL),https://api.energy-charts.info/public_power?country=es
ES,42,2022-08-02T18:00:00Z,2022-08-02T18:00:00Z,1.040966,base,36892.0,1.0,0.0,False,,Energy-Charts/ENTSO-E measured fuel mix x Macknick 2012 consumption factors (same payload as real CI),Energy-Charts / ENTSO-E generation mix + Macknick 2012 (NREL),https://api.energy-charts.info/public_power?country=es
ES,43,2022-08-02T19:00:00Z,2022-08-02T19:00:00Z,1.174476,base,35036.0,1.0,0.0,False,,Energy-Charts/ENTSO-E measured fuel mix x Macknick 2012 consumption factors (same payload as real CI),Energy-Charts / ENTSO-E generation mix + Macknick 2012 (NREL),https://api.energy-charts.info/public_power?country=es
ES,44,2022-08-02T20:00:00Z,2022-08-02T20:00:00Z,1.215444,base,34928.0,1.0,0.0,False,,Energy-Charts/ENTSO-E measured fuel mix x Macknick 2012 consumption factors (same payload as real CI),Energy-Charts / ENTSO-E generation mix + Macknick 2012 (NREL),https://api.energy-charts.info/public_power?country=es
ES,45,2022-08-02T21:00:00Z,2022-08-02T21:00:00Z,1.224266,base,33832.0,1.0,0.0,False,,Energy-Charts/ENTSO-E measured fuel mix x Macknick 2012 consumption factors (same payload as real CI),Energy-Charts / ENTSO-E generation mix + Macknick 2012 (NREL),https://api.energy-charts.info/public_power?country=es
ES,46,2022-08-02T22:00:00Z,2022-08-02T22:00:00Z,1.209702,base,32084.0,1.0,0.0,False,,Energy-Charts/ENTSO-E measured fuel mix x Macknick 2012 consumption factors (same payload as real CI),Energy-Charts / ENTSO-E generation mix + Macknick 2012 (NREL),https://api.energy-charts.info/public_power?country=es
ES,47,2022-08-02T23:00:00Z,2022-08-02T23:00:00Z,1.167704,base,30484.0,1.0,0.0,False,,Energy-Charts/ENTSO-E measured fuel mix x Macknick 2012 consumption factors (same payload as real CI),Energy-Charts / ENTSO-E generation mix + Macknick 2012 (NREL),https://api.energy-charts.info/public_power?country=es
IT-NO,0,2022-08-01T00:00:00Z,2022-08-01T00:00:00Z,1.183031,base,19708.0,1.0,0.0,False,,Energy-Charts/ENTSO-E measured fuel mix x Macknick 2012 consumption factors (same payload as real CI),Energy-Charts / ENTSO-E generation mix + Macknick 2012 (NREL),https://api.energy-charts.info/public_power?country=it
IT-NO,1,2022-08-01T01:00:00Z,2022-08-01T01:00:00Z,1.185884,base,19431.0,1.0,0.0,False,,Energy-Charts/ENTSO-E measured fuel mix x Macknick 2012 consumption factors (same payload as real CI),Energy-Charts / ENTSO-E generation mix + Macknick 2012 (NREL),https://api.energy-charts.info/public_power?country=it
IT-NO,2,2022-08-01T02:00:00Z,2022-08-01T02:00:00Z,1.176272,base,19664.0,1.0,0.0,False,,Energy-Charts/ENTSO-E measured fuel mix x Macknick 2012 consumption factors (same payload as real CI),Energy-Charts / ENTSO-E generation mix + Macknick 2012 (NREL),https://api.energy-charts.info/public_power?country=it
IT-NO,3,2022-08-01T03:00:00Z,2022-08-01T03:00:00Z,1.145871,base,21407.0,1.0,0.0,False,,Energy-Charts/ENTSO-E measured fuel mix x Macknick 2012 consumption factors (same payload as real CI),Energy-Charts / ENTSO-E generation mix + Macknick 2012 (NREL),https://api.energy-charts.info/public_power?country=it
IT-NO,4,2022-08-01T04:00:00Z,2022-08-01T04:00:00Z,1.092343,base,26047.0,1.0,0.0,False,,Energy-Charts/ENTSO-E measured fuel mix x Macknick 2012 consumption factors (same payload as real CI),Energy-Charts / ENTSO-E generation mix + Macknick 2012 (NREL),https://api.energy-charts.info/public_power?country=it
IT-NO,5,2022-08-01T05:00:00Z,2022-08-01T05:00:00Z,1.016336,base,31216.0,1.0,0.0,False,,Energy-Charts/ENTSO-E measured fuel mix x Macknick 2012 consumption factors (same payload as real CI),Energy-Charts / ENTSO-E generation mix + Macknick 2012 (NREL),https://api.energy-charts.info/public_power?country=it
IT-NO,6,2022-08-01T06:00:00Z,2022-08-01T06:00:00Z,0.902836,base,36058.0,1.0,0.0,False,,Energy-Charts/ENTSO-E measured fuel mix x Macknick 2012 consumption factors (same payload as real CI),Energy-Charts / ENTSO-E generation mix + Macknick 2012 (NREL),https://api.energy-charts.info/public_power?country=it
IT-NO,7,2022-08-01T07:00:00Z,2022-08-01T07:00:00Z,0.848045,base,37950.0,1.0,0.0,False,,Energy-Charts/ENTSO-E measured fuel mix x Macknick 2012 consumption factors (same payload as real CI),Energy-Charts / ENTSO-E generation mix + Macknick 2012 (NREL),https://api.energy-charts.info/public_power?country=it
IT-NO,8,2022-08-01T08:00:00Z,2022-08-01T08:00:00Z,0.817758,base,39275.0,1.0,0.0,False,,Energy-Charts/ENTSO-E measured fuel mix x Macknick 2012 consumption factors (same payload as real CI),Energy-Charts / ENTSO-E generation mix + Macknick 2012 (NREL),https://api.energy-charts.info/public_power?country=it
IT-NO,9,2022-08-01T09:00:00Z,2022-08-01T09:00:00Z,0.789933,base,40006.0,1.0,0.0,False,,Energy-Charts/ENTSO-E measured fuel mix x Macknick 2012 consumption factors (same payload as real CI),Energy-Charts / ENTSO-E generation mix + Macknick 2012 (NREL),https://api.energy-charts.info/public_power?country=it
IT-NO,10,2022-08-01T10:00:00Z,2022-08-01T10:00:00Z,0.780101,base,39402.0,1.0,0.0,False,,Energy-Charts/ENTSO-E measured fuel mix x Macknick 2012 consumption factors (same payload as real CI),Energy-Charts / ENTSO-E generation mix + Macknick 2012 (NREL),https://api.energy-charts.info/public_power?country=it
IT-NO,11,2022-08-01T11:00:00Z,2022-08-01T11:00:00Z,0.772922,base,39033.0,1.0,0.0,False,,Energy-Charts/ENTSO-E measured fuel mix x Macknick 2012 consumption factors (same payload as real CI),Energy-Charts / ENTSO-E generation mix + Macknick 2012 (NREL),https://api.energy-charts.info/public_power?country=it
IT-NO,12,2022-08-01T12:00:00Z,2022-08-01T12:00:00Z,0.767804,base,39510.0,1.0,0.0,False,,Energy-Charts/ENTSO-E measured fuel mix x Macknick 2012 consumption factors (same payload as real CI),Energy-Charts / ENTSO-E generation mix + Macknick 2012 (NREL),https://api.energy-charts.info/public_power?country=it
IT-NO,13,2022-08-01T13:00:00Z,2022-08-01T13:00:00Z,0.776528,base,39881.0,1.0,0.0,False,,Energy-Charts/ENTSO-E measured fuel mix x Macknick 2012 consumption factors (same payload as real CI),Energy-Charts / ENTSO-E generation mix + Macknick 2012 (NREL),https://api.energy-charts.info/public_power?country=it
IT-NO,14,2022-08-01T14:00:00Z,2022-08-01T14:00:00Z,0.797153,base,39490.0,1.0,0.0,False,,Energy-Charts/ENTSO-E measured fuel mix x Macknick 2012 consumption factors (same payload as real CI),Energy-Charts / ENTSO-E generation mix + Macknick 2012 (NREL),https://api.energy-charts.info/public_power?country=it
IT-NO,15,2022-08-01T15:00:00Z,2022-08-01T15:00:00Z,0.822119,base,39772.0,1.0,0.0,False,,Energy-Charts/ENTSO-E measured fuel mix x Macknick 2012 consumption factors (same payload as real CI),Energy-Charts / ENTSO-E generation mix + Macknick 2012 (NREL),https://api.energy-charts.info/public_power?country=it
IT-NO,16,2022-08-01T16:00:00Z,2022-08-01T16:00:00Z,0.842648,base,39259.0,1.0,0.0,False,,Energy-Charts/ENTSO-E measured fuel mix x Macknick 2012 consumption factors (same payload as real CI),Energy-Charts / ENTSO-E generation mix + Macknick 2012 (NREL),https://api.energy-charts.info/public_power?country=it
IT-NO,17,2022-08-01T17:00:00Z,2022-08-01T17:00:00Z,0.89015,base,37862.0,1.0,0.0,False,,Energy-Charts/ENTSO-E measured fuel mix x Macknick 2012 consumption factors (same payload as real CI),Energy-Charts / ENTSO-E generation mix + Macknick 2012 (NREL),https://api.energy-charts.info/public_power?country=it
IT-NO,18,2022-08-01T18:00:00Z,2022-08-01T18:00:00Z,0.944852,base,35850.0,1.0,0.0,False,,Energy-Charts/ENTSO-E measured fuel mix x Macknick 2012 consumption factors (same payload as real CI),Energy-Charts / ENTSO-E generation mix + Macknick 2012 (NREL),https://api.energy-charts.info/public_power?country=it
IT-NO,19,2022-08-01T19:00:00Z,2022-08-01T19:00:00Z,0.984852,base,34578.0,1.0,0.0,False,,Energy-Charts/ENTSO-E measured fuel mix x Macknick 2012 consumption factors (same payload as real CI),Energy-Charts / ENTSO-E generation mix + Macknick 2012 (NREL),https://api.energy-charts.info/public_power?country=it
IT-NO,20,2022-08-01T20:00:00Z,2022-08-01T20:00:00Z,1.011002,base,32889.0,1.0,0.0,False,,Energy-Charts/ENTSO-E measured fuel mix x Macknick 2012 consumption factors (same payload as real CI),Energy-Charts / ENTSO-E generation mix + Macknick 2012 (NREL),https://api.energy-charts.info/public_power?country=it
IT-NO,21,2022-08-01T21:00:00Z,2022-08-01T21:00:00Z,1.013448,base,32116.0,1.0,0.0,False,,Energy-Charts/ENTSO-E measured fuel mix x Macknick 2012 consumption factors (same payload as real CI),Energy-Charts / ENTSO-E generation mix + Macknick 2012 (NREL),https://api.energy-charts.info/public_power?country=it
IT-NO,22,2022-08-01T22:00:00Z,2022-08-01T22:00:00Z,1.075243,base,26779.0,1.0,0.0,False,,Energy-Charts/ENTSO-E measured fuel mix x Macknick 2012 consumption factors (same payload as real CI),Energy-Charts / ENTSO-E generation mix + Macknick 2012 (NREL),https://api.energy-charts.info/public_power?country=it
IT-NO,23,2022-08-01T23:00:00Z,2022-08-01T23:00:00Z,1.099575,base,24730.0,1.0,0.0,False,,Energy-Charts/ENTSO-E measured fuel mix x Macknick 2012 consumption factors (same payload as real CI),Energy-Charts / ENTSO-E generation mix + Macknick 2012 (NREL),https://api.energy-charts.info/public_power?country=it
IT-NO,24,2022-08-02T00:00:00Z,2022-08-02T00:00:00Z,1.116556,base,23671.0,1.0,0.0,False,,Energy-Charts/ENTSO-E measured fuel mix x Macknick 2012 consumption factors (same payload as real CI),Energy-Charts / ENTSO-E generation mix + Macknick 2012 (NREL),https://api.energy-charts.info/public_power?country=it
IT-NO,25,2022-08-02T01:00:00Z,2022-08-02T01:00:00Z,1.131308,base,22959.0,1.0,0.0,False,,Energy-Charts/ENTSO-E measured fuel mix x Macknick 2012 consumption factors (same payload as real CI),Energy-Charts / ENTSO-E generation mix + Macknick 2012 (NREL),https://api.energy-charts.info/public_power?country=it
IT-NO,26,2022-08-02T02:00:00Z,2022-08-02T02:00:00Z,1.142703,base,22981.0,1.0,0.0,False,,Energy-Charts/ENTSO-E measured fuel mix x Macknick 2012 consumption factors (same payload as real CI),Energy-Charts / ENTSO-E generation mix + Macknick 2012 (NREL),https://api.energy-charts.info/public_power?country=it
IT-NO,27,2022-08-02T03:00:00Z,2022-08-02T03:00:00Z,1.130354,base,23910.0,1.0,0.0,False,,Energy-Charts/ENTSO-E measured fuel mix x Macknick 2012 consumption factors (same payload as real CI),Energy-Charts / ENTSO-E generation mix + Macknick 2012 (NREL),https://api.energy-charts.info/public_power?country=it
IT-NO,28,2022-08-02T04:00:00Z,2022-08-02T04:00:00Z,1.072561,base,27867.0,1.0,0.0,False,,Energy-Charts/ENTSO-E measured fuel mix x Macknick 2012 consumption factors (same payload as real CI),Energy-Charts / ENTSO-E generation mix + Macknick 2012 (NREL),https://api.energy-charts.info/public_power?country=it
IT-NO,29,2022-08-02T05:00:00Z,2022-08-02T05:00:00Z,0.996617,base,31926.0,1.0,0.0,False,,Energy-Charts/ENTSO-E measured fuel mix x Macknick 2012 consumption factors (same payload as real CI),Energy-Charts / ENTSO-E generation mix + Macknick 2012 (NREL),https://api.energy-charts.info/public_power?country=it
IT-NO,30,2022-08-02T06:00:00Z,2022-08-02T06:00:00Z,0.908554,base,36024.0,1.0,0.0,False,,Energy-Charts/ENTSO-E measured fuel mix x Macknick 2012 consumption factors (same payload as real CI),Energy-Charts / ENTSO-E generation mix + Macknick 2012 (NREL),https://api.energy-charts.info/public_power?country=it
IT-NO,31,2022-08-02T07:00:00Z,2022-08-02T07:00:00Z,0.868801,base,37549.0,1.0,0.0,False,,Energy-Charts/ENTSO-E measured fuel mix x Macknick 2012 consumption factors (same payload as real CI),Energy-Charts / ENTSO-E generation mix + Macknick 2012 (NREL),https://api.energy-charts.info/public_power?country=it
IT-NO,32,2022-08-02T08:00:00Z,2022-08-02T08:00:00Z,0.837604,base,37481.0,1.0,0.0,False,,Energy-Charts/ENTSO-E measured fuel mix x Macknick 2012 consumption factors (same payload as real CI),Energy-Charts / ENTSO-E generation mix + Macknick 2012 (NREL),https://api.energy-charts.info/public_power?country=it
IT-NO,33,2022-08-02T09:00:00Z,2022-08-02T09:00:00Z,0.830384,base,37017.0,1.0,0.0,False,,Energy-Charts/ENTSO-E measured fuel mix x Macknick 2012 consumption factors (same payload as real CI),Energy-Charts / ENTSO-E generation mix + Macknick 2012 (NREL),https://api.energy-charts.info/public_power?country=it
IT-NO,34,2022-08-02T10:00:00Z,2022-08-02T10:00:00Z,0.822688,base,35615.0,1.0,0.0,False,,Energy-Charts/ENTSO-E measured fuel mix x Macknick 2012 consumption factors (same payload as real CI),Energy-Charts / ENTSO-E generation mix + Macknick 2012 (NREL),https://api.energy-charts.info/public_power?country=it
IT-NO,35,2022-08-02T11:00:00Z,2022-08-02T11:00:00Z,0.804135,base,36008.0,1.0,0.0,False,,Energy-Charts/ENTSO-E measured fuel mix x Macknick 2012 consumption factors (same payload as real CI),Energy-Charts / ENTSO-E generation mix + Macknick 2012 (NREL),https://api.energy-charts.info/public_power?country=it
IT-NO,36,2022-08-02T12:00:00Z,2022-08-02T12:00:00Z,0.786513,base,37722.0,1.0,0.0,False,,Energy-Charts/ENTSO-E measured fuel mix x Macknick 2012 consumption factors (same payload as real CI),Energy-Charts / ENTSO-E generation mix + Macknick 2012 (NREL),https://api.energy-charts.info/public_power?country=it
IT-NO,37,2022-08-02T13:00:00Z,2022-08-02T13:00:00Z,0.79855,base,37681.0,1.0,0.0,False,,Energy-Charts/ENTSO-E measured fuel mix x Macknick 2012 consumption factors (same payload as real CI),Energy-Charts / ENTSO-E generation mix + Macknick 2012 (NREL),https://api.energy-charts.info/public_power?country=it
IT-NO,38,2022-08-02T14:00:00Z,2022-08-02T14:00:00Z,0.809599,base,38230.0,1.0,0.0,False,,Energy-Charts/ENTSO-E measured fuel mix x Macknick 2012 consumption factors (same payload as real CI),Energy-Charts / ENTSO-E generation mix + Macknick 2012 (NREL),https://api.energy-charts.info/public_power?country=it
IT-NO,39,2022-08-02T15:00:00Z,2022-08-02T15:00:00Z,0.843954,base,38229.0,1.0,0.0,False,,Energy-Charts/ENTSO-E measured fuel mix x Macknick 2012 consumption factors (same payload as real CI),Energy-Charts / ENTSO-E generation mix + Macknick 2012 (NREL),https://api.energy-charts.info/public_power?country=it
IT-NO,40,2022-08-02T16:00:00Z,2022-08-02T16:00:00Z,0.88225,base,38362.0,1.0,0.0,False,,Energy-Charts/ENTSO-E measured fuel mix x Macknick 2012 consumption factors (same payload as real CI),Energy-Charts / ENTSO-E generation mix + Macknick 2012 (NREL),https://api.energy-charts.info/public_power?country=it
IT-NO,41,2022-08-02T17:00:00Z,2022-08-02T17:00:00Z,0.893397,base,38490.0,1.0,0.0,False,,Energy-Charts/ENTSO-E measured fuel mix x Macknick 2012 consumption factors (same payload as real CI),Energy-Charts / ENTSO-E generation mix + Macknick 2012 (NREL),https://api.energy-charts.info/public_power?country=it
IT-NO,42,2022-08-02T18:00:00Z,2022-08-02T18:00:00Z,0.930316,base,37083.0,1.0,0.0,False,,Energy-Charts/ENTSO-E measured fuel mix x Macknick 2012 consumption factors (same payload as real CI),Energy-Charts / ENTSO-E generation mix + Macknick 2012 (NREL),https://api.energy-charts.info/public_power?country=it
IT-NO,43,2022-08-02T19:00:00Z,2022-08-02T19:00:00Z,0.959166,base,35867.0,1.0,0.0,False,,Energy-Charts/ENTSO-E measured fuel mix x Macknick 2012 consumption factors (same payload as real CI),Energy-Charts / ENTSO-E generation mix + Macknick 2012 (NREL),https://api.energy-charts.info/public_power?country=it
IT-NO,44,2022-08-02T20:00:00Z,2022-08-02T20:00:00Z,0.993932,base,33684.0,1.0,0.0,False,,Energy-Charts/ENTSO-E measured fuel mix x Macknick 2012 consumption factors (same payload as real CI),Energy-Charts / ENTSO-E generation mix + Macknick 2012 (NREL),https://api.energy-charts.info/public_power?country=it
IT-NO,45,2022-08-02T21:00:00Z,2022-08-02T21:00:00Z,1.004799,base,31972.0,1.0,0.0,False,,Energy-Charts/ENTSO-E measured fuel mix x Macknick 2012 consumption factors (same payload as real CI),Energy-Charts / ENTSO-E generation mix + Macknick 2012 (NREL),https://api.energy-charts.info/public_power?country=it
IT-NO,46,2022-08-02T22:00:00Z,2022-08-02T22:00:00Z,1.051491,base,27515.0,1.0,0.0,False,,Energy-Charts/ENTSO-E measured fuel mix x Macknick 2012 consumption factors (same payload as real CI),Energy-Charts / ENTSO-E generation mix + Macknick 2012 (NREL),https://api.energy-charts.info/public_power?country=it
IT-NO,47,2022-08-02T23:00:00Z,2022-08-02T23:00:00Z,1.079567,base,24273.0,1.0,0.0,False,,Energy-Charts/ENTSO-E measured fuel mix x Macknick 2012 consumption factors (same payload as real CI),Energy-Charts / ENTSO-E generation mix + Macknick 2012 (NREL),https://api.energy-charts.info/public_power?country=it
SE,0,2022-08-01T00:00:00Z,2022-08-01T00:00:00Z,1.990002,base,14982.3,1.0,0.0,False,,Energy-Charts/ENTSO-E measured fuel mix x Macknick 2012 consumption factors (same payload as real CI),Energy-Charts / ENTSO-E generation mix + Macknick 2012 (NREL),https://api.energy-charts.info/public_power?country=se
SE,1,2022-08-01T01:00:00Z,2022-08-01T01:00:00Z,2.001111,base,14926.8,1.0,0.0,False,,Energy-Charts/ENTSO-E measured fuel mix x Macknick 2012 consumption factors (same payload as real CI),Energy-Charts / ENTSO-E generation mix + Macknick 2012 (NREL),https://api.energy-charts.info/public_power?country=se
SE,2,2022-08-01T02:00:00Z,2022-08-01T02:00:00Z,2.024611,base,14774.4,1.0,0.0,False,,Energy-Charts/ENTSO-E measured fuel mix x Macknick 2012 consumption factors (same payload as real CI),Energy-Charts / ENTSO-E generation mix + Macknick 2012 (NREL),https://api.energy-charts.info/public_power?country=se
SE,3,2022-08-01T03:00:00Z,2022-08-01T03:00:00Z,2.032901,base,15109.2,1.0,0.0,False,,Energy-Charts/ENTSO-E measured fuel mix x Macknick 2012 consumption factors (same payload as real CI),Energy-Charts / ENTSO-E generation mix + Macknick 2012 (NREL),https://api.energy-charts.info/public_power?country=se
SE,4,2022-08-01T04:00:00Z,2022-08-01T04:00:00Z,2.050913,base,15938.4,1.0,0.0,False,,Energy-Charts/ENTSO-E measured fuel mix x Macknick 2012 consumption factors (same payload as real CI),Energy-Charts / ENTSO-E generation mix + Macknick 2012 (NREL),https://api.energy-charts.info/public_power?country=se
SE,5,2022-08-01T05:00:00Z,2022-08-01T05:00:00Z,2.059345,base,16642.1,1.0,0.0,False,,Energy-Charts/ENTSO-E measured fuel mix x Macknick 2012 consumption factors (same payload as real CI),Energy-Charts / ENTSO-E generation mix + Macknick 2012 (NREL),https://api.energy-charts.info/public_power?country=se
SE,6,2022-08-01T06:00:00Z,2022-08-01T06:00:00Z,2.055142,base,16838.8,1.0,0.0,False,,Energy-Charts/ENTSO-E measured fuel mix x Macknick 2012 consumption factors (same payload as real CI),Energy-Charts / ENTSO-E generation mix + Macknick 2012 (NREL),https://api.energy-charts.info/public_power?country=se
SE,7,2022-08-01T07:00:00Z,2022-08-01T07:00:00Z,2.030568,base,17157.2,1.0,0.0,False,,Energy-Charts/ENTSO-E measured fuel mix x Macknick 2012 consumption factors (same payload as real CI),Energy-Charts / ENTSO-E generation mix + Macknick 2012 (NREL),https://api.energy-charts.info/public_power?country=se
SE,8,2022-08-01T08:00:00Z,2022-08-01T08:00:00Z,2.014327,base,17358.9,1.0,0.0,False,,Energy-Charts/ENTSO-E measured fuel mix x Macknick 2012 consumption factors (same payload as real CI),Energy-Charts / ENTSO-E generation mix + Macknick 2012 (NREL),https://api.energy-charts.info/public_power?country=se
SE,9,2022-08-01T09:00:00Z,2022-08-01T09:00:00Z,1.981593,base,17565.8,1.0,0.0,False,,Energy-Charts/ENTSO-E measured fuel mix x Macknick 2012 consumption factors (same payload as real CI),Energy-Charts / ENTSO-E generation mix + Macknick 2012 (NREL),https://api.energy-charts.info/public_power?country=se
SE,10,2022-08-01T10:00:00Z,2022-08-01T10:00:00Z,1.946511,base,17832.2,1.0,0.0,False,,Energy-Charts/ENTSO-E measured fuel mix x Macknick 2012 consumption factors (same payload as real CI),Energy-Charts / ENTSO-E generation mix + Macknick 2012 (NREL),https://api.energy-charts.info/public_power?country=se
SE,11,2022-08-01T11:00:00Z,2022-08-01T11:00:00Z,1.91408,base,18076.2,1.0,0.0,False,,Energy-Charts/ENTSO-E measured fuel mix x Macknick 2012 consumption factors (same payload as real CI),Energy-Charts / ENTSO-E generation mix + Macknick 2012 (NREL),https://api.energy-charts.info/public_power?country=se
SE,12,2022-08-01T12:00:00Z,2022-08-01T12:00:00Z,1.894711,base,18151.1,1.0,0.0,False,,Energy-Charts/ENTSO-E measured fuel mix x Macknick 2012 consumption factors (same payload as real CI),Energy-Charts / ENTSO-E generation mix + Macknick 2012 (NREL),https://api.energy-charts.info/public_power?country=se
SE,13,2022-08-01T13:00:00Z,2022-08-01T13:00:00Z,1.881662,base,18401.5,1.0,0.0,False,,Energy-Charts/ENTSO-E measured fuel mix x Macknick 2012 consumption factors (same payload as real CI),Energy-Charts / ENTSO-E generation mix + Macknick 2012 (NREL),https://api.energy-charts.info/public_power?country=se
SE,14,2022-08-01T14:00:00Z,2022-08-01T14:00:00Z,1.880017,base,18407.4,1.0,0.0,False,,Energy-Charts/ENTSO-E measured fuel mix x Macknick 2012 consumption factors (same payload as real CI),Energy-Charts / ENTSO-E generation mix + Macknick 2012 (NREL),https://api.energy-charts.info/public_power?country=se
SE,15,2022-08-01T15:00:00Z,2022-08-01T15:00:00Z,1.884903,base,18356.2,1.0,0.0,False,,Energy-Charts/ENTSO-E measured fuel mix x Macknick 2012 consumption factors (same payload as real CI),Energy-Charts / ENTSO-E generation mix + Macknick 2012 (NREL),https://api.energy-charts.info/public_power?country=se
SE,16,2022-08-01T16:00:00Z,2022-08-01T16:00:00Z,1.897067,base,17971.3,1.0,0.0,False,,Energy-Charts/ENTSO-E measured fuel mix x Macknick 2012 consumption factors (same payload as real CI),Energy-Charts / ENTSO-E generation mix + Macknick 2012 (NREL),https://api.energy-charts.info/public_power?country=se
SE,17,2022-08-01T17:00:00Z,2022-08-01T17:00:00Z,1.907558,base,17763.0,1.0,0.0,False,,Energy-Charts/ENTSO-E measured fuel mix x Macknick 2012 consumption factors (same payload as real CI),Energy-Charts / ENTSO-E generation mix + Macknick 2012 (NREL),https://api.energy-charts.info/public_power?country=se
SE,18,2022-08-01T18:00:00Z,2022-08-01T18:00:00Z,1.884769,base,17677.7,1.0,0.0,False,,Energy-Charts/ENTSO-E measured fuel mix x Macknick 2012 consumption factors (same payload as real CI),Energy-Charts / ENTSO-E generation mix + Macknick 2012 (NREL),https://api.energy-charts.info/public_power?country=se
SE,19,2022-08-01T19:00:00Z,2022-08-01T19:00:00Z,1.833375,base,17515.7,1.0,0.0,False,,Energy-Charts/ENTSO-E measured fuel mix x Macknick 2012 consumption factors (same payload as real CI),Energy-Charts / ENTSO-E generation mix + Macknick 2012 (NREL),https://api.energy-charts.info/public_power?country=se
SE,20,2022-08-01T20:00:00Z,2022-08-01T20:00:00Z,1.810333,base,17282.6,1.0,0.0,False,,Energy-Charts/ENTSO-E measured fuel mix x Macknick 2012 consumption factors (same payload as real CI),Energy-Charts / ENTSO-E generation mix + Macknick 2012 (NREL),https://api.energy-charts.info/public_power?country=se
SE,21,2022-08-01T21:00:00Z,2022-08-01T21:00:00Z,1.78417,base,16849.9,1.0,0.0,False,,Energy-Charts/ENTSO-E measured fuel mix x Macknick 2012 consumption factors (same payload as real CI),Energy-Charts / ENTSO-E generation mix + Macknick 2012 (NREL),https://api.energy-charts.info/public_power?country=se
SE,22,2022-08-01T22:00:00Z,2022-08-01T22:00:00Z,1.762708,base,16256.7,1.0,0.0,False,,Energy-Charts/ENTSO-E measured fuel mix x Macknick 2012 consumption factors (same payload as real CI),Energy-Charts / ENTSO-E generation mix + Macknick 2012 (NREL),https://api.energy-charts.info/public_power?country=se
SE,23,2022-08-01T23:00:00Z,2022-08-01T23:00:00Z,1.763609,base,15954.3,1.0,0.0,False,,Energy-Charts/ENTSO-E measured fuel mix x Macknick 2012 consumption factors (same payload as real CI),Energy-Charts / ENTSO-E generation mix + Macknick 2012 (NREL),https://api.energy-charts.info/public_power?country=se
SE,24,2022-08-02T00:00:00Z,2022-08-02T00:00:00Z,1.758749,base,15922.1,1.0,0.0,False,,Energy-Charts/ENTSO-E measured fuel mix x Macknick 2012 consumption factors (same payload as real CI),Energy-Charts / ENTSO-E generation mix + Macknick 2012 (NREL),https://api.energy-charts.info/public_power?country=se
SE,25,2022-08-02T01:00:00Z,2022-08-02T01:00:00Z,1.754345,base,15843.8,1.0,0.0,False,,Energy-Charts/ENTSO-E measured fuel mix x Macknick 2012 consumption factors (same payload as real CI),Energy-Charts / ENTSO-E generation mix + Macknick 2012 (NREL),https://api.energy-charts.info/public_power?country=se
SE,26,2022-08-02T02:00:00Z,2022-08-02T02:00:00Z,1.760327,base,15846.1,1.0,0.0,False,,Energy-Charts/ENTSO-E measured fuel mix x Macknick 2012 consumption factors (same payload as real CI),Energy-Charts / ENTSO-E generation mix + Macknick 2012 (NREL),https://api.energy-charts.info/public_power?country=se
SE,27,2022-08-02T03:00:00Z,2022-08-02T03:00:00Z,1.771225,base,16092.7,1.0,0.0,False,,Energy-Charts/ENTSO-E measured fuel mix x Macknick 2012 consumption factors (same payload as real CI),Energy-Charts / ENTSO-E generation mix + Macknick 2012 (NREL),https://api.energy-charts.info/public_power?country=se
SE,28,2022-08-02T04:00:00Z,2022-08-02T04:00:00Z,1.8207,base,16311.8,1.0,0.0,False,,Energy-Charts/ENTSO-E measured fuel mix x Macknick 2012 consumption factors (same payload as real CI),Energy-Charts / ENTSO-E generation mix + Macknick 2012 (NREL),https://api.energy-charts.info/public_power?country=se
SE,29,2022-08-02T05:00:00Z,2022-08-02T05:00:00Z,1.907284,base,17047.7,1.0,0.0,False,,Energy-Charts/ENTSO-E measured fuel mix x Macknick 2012 consumption factors (same payload as real CI),Energy-Charts / ENTSO-E generation mix + Macknick 2012 (NREL),https://api.energy-charts.info/public_power?country=se
SE,30,2022-08-02T06:00:00Z,2022-08-02T06:00:00Z,1.9522,base,17495.7,1.0,0.0,False,,Energy-Charts/ENTSO-E measured fuel mix x Macknick 2012 consumption factors (same payload as real CI),Energy-Charts / ENTSO-E generation mix + Macknick 2012 (NREL),https://api.energy-charts.info/public_power?country=se
SE,31,2022-08-02T07:00:00Z,2022-08-02T07:00:00Z,1.979052,base,17510.8,1.0,0.0,False,,Energy-Charts/ENTSO-E measured fuel mix x Macknick 2012 consumption factors (same payload as real CI),Energy-Charts / ENTSO-E generation mix + Macknick 2012 (NREL),https://api.energy-charts.info/public_power?country=se
SE,32,2022-08-02T08:00:00Z,2022-08-02T08:00:00Z,1.989916,base,17577.1,1.0,0.0,False,,Energy-Charts/ENTSO-E measured fuel mix x Macknick 2012 consumption factors (same payload as real CI),Energy-Charts / ENTSO-E generation mix + Macknick 2012 (NREL),https://api.energy-charts.info/public_power?country=se
SE,33,2022-08-02T09:00:00Z,2022-08-02T09:00:00Z,1.986184,base,17781.8,1.0,0.0,False,,Energy-Charts/ENTSO-E measured fuel mix x Macknick 2012 consumption factors (same payload as real CI),Energy-Charts / ENTSO-E generation mix + Macknick 2012 (NREL),https://api.energy-charts.info/public_power?country=se
SE,34,2022-08-02T10:00:00Z,2022-08-02T10:00:00Z,1.977438,base,17819.4,1.0,0.0,False,,Energy-Charts/ENTSO-E measured fuel mix x Macknick 2012 consumption factors (same payload as real CI),Energy-Charts / ENTSO-E generation mix + Macknick 2012 (NREL),https://api.energy-charts.info/public_power?country=se
SE,35,2022-08-02T11:00:00Z,2022-08-02T11:00:00Z,1.964255,base,17867.3,1.0,0.0,False,,Energy-Charts/ENTSO-E measured fuel mix x Macknick 2012 consumption factors (same payload as real CI),Energy-Charts / ENTSO-E generation mix + Macknick 2012 (NREL),https://api.energy-charts.info/public_power?country=se
SE,36,2022-08-02T12:00:00Z,2022-08-02T12:00:00Z,1.947025,base,17916.8,1.0,0.0,False,,Energy-Charts/ENTSO-E measured fuel mix x Macknick 2012 consumption factors (same payload as real CI),Energy-Charts / ENTSO-E generation mix + Macknick 2012 (NREL),https://api.energy-charts.info/public_power?country=se
SE,37,2022-08-02T13:00:00Z,2022-08-02T13:00:00Z,1.923323,base,18027.2,1.0,0.0,False,,Energy-Charts/ENTSO-E measured fuel mix x Macknick 2012 consumption factors (same payload as real CI),Energy-Charts / ENTSO-E generation mix + Macknick 2012 (NREL),https://api.energy-charts.info/public_power?country=se
SE,38,2022-08-02T14:00:00Z,2022-08-02T14:00:00Z,1.911981,base,18048.3,1.0,0.0,False,,Energy-Charts/ENTSO-E measured fuel mix x Macknick 2012 consumption factors (same payload as real CI),Energy-Charts / ENTSO-E generation mix + Macknick 2012 (NREL),https://api.energy-charts.info/public_power?country=se
SE,39,2022-08-02T15:00:00Z,2022-08-02T15:00:00Z,1.909658,base,18054.3,1.0,0.0,False,,Energy-Charts/ENTSO-E measured fuel mix x Macknick 2012 consumption factors (same payload as real CI),Energy-Charts / ENTSO-E generation mix + Macknick 2012 (NREL),https://api.energy-charts.info/public_power?country=se
SE,40,2022-08-02T16:00:00Z,2022-08-02T16:00:00Z,1.90392,base,18110.1,1.0,0.0,False,,Energy-Charts/ENTSO-E measured fuel mix x Macknick 2012 consumption factors (same payload as real CI),Energy-Charts / ENTSO-E generation mix + Macknick 2012 (NREL),https://api.energy-charts.info/public_power?country=se
SE,41,2022-08-02T17:00:00Z,2022-08-02T17:00:00Z,1.889163,base,18131.6,1.0,0.0,False,,Energy-Charts/ENTSO-E measured fuel mix x Macknick 2012 consumption factors (same payload as real CI),Energy-Charts / ENTSO-E generation mix + Macknick 2012 (NREL),https://api.energy-charts.info/public_power?country=se
SE,42,2022-08-02T18:00:00Z,2022-08-02T18:00:00Z,1.843959,base,18088.6,1.0,0.0,False,,Energy-Charts/ENTSO-E measured fuel mix x Macknick 2012 consumption factors (same payload as real CI),Energy-Charts / ENTSO-E generation mix + Macknick 2012 (NREL),https://api.energy-charts.info/public_power?country=se
SE,43,2022-08-02T19:00:00Z,2022-08-02T19:00:00Z,1.771254,base,18122.8,1.0,0.0,False,,Energy-Charts/ENTSO-E measured fuel mix x Macknick 2012 consumption factors (same payload as real CI),Energy-Charts / ENTSO-E generation mix + Macknick 2012 (NREL),https://api.energy-charts.info/public_power?country=se
SE,44,2022-08-02T20:00:00Z,2022-08-02T20:00:00Z,1.695354,base,17950.9,1.0,0.0,False,,Energy-Charts/ENTSO-E measured fuel mix x Macknick 2012 consumption factors (same payload as real CI),Energy-Charts / ENTSO-E generation mix + Macknick 2012 (NREL),https://api.energy-charts.info/public_power?country=se
SE,45,2022-08-02T21:00:00Z,2022-08-02T21:00:00Z,1.622854,base,17386.1,1.0,0.0,False,,Energy-Charts/ENTSO-E measured fuel mix x Macknick 2012 consumption factors (same payload as real CI),Energy-Charts / ENTSO-E generation mix + Macknick 2012 (NREL),https://api.energy-charts.info/public_power?country=se
SE,46,2022-08-02T22:00:00Z,2022-08-02T22:00:00Z,1.565592,base,16110.2,1.0,0.0,False,,Energy-Charts/ENTSO-E measured fuel mix x Macknick 2012 consumption factors (same payload as real CI),Energy-Charts / ENTSO-E generation mix + Macknick 2012 (NREL),https://api.energy-charts.info/public_power?country=se
SE,47,2022-08-02T23:00:00Z,2022-08-02T23:00:00Z,1.544897,base,15794.5,1.0,0.0,False,,Energy-Charts/ENTSO-E measured fuel mix x Macknick 2012 consumption factors (same payload as real CI),Energy-Charts / ENTSO-E generation mix + Macknick 2012 (NREL),https://api.energy-charts.info/public_power?country=se
PL,0,2022-08-01T00:00:00Z,2022-08-01T00:00:00Z,2.290242,base,13183.4,1.0,0.0,False,,Energy-Charts/ENTSO-E measured fuel mix x Macknick 2012 consumption factors (same payload as real CI),Energy-Charts / ENTSO-E generation mix + Macknick 2012 (NREL),https://api.energy-charts.info/public_power?country=pl
PL,1,2022-08-01T01:00:00Z,2022-08-01T01:00:00Z,2.286616,base,13294.3,1.0,0.0,False,,Energy-Charts/ENTSO-E measured fuel mix x Macknick 2012 consumption factors (same payload as real CI),Energy-Charts / ENTSO-E generation mix + Macknick 2012 (NREL),https://api.energy-charts.info/public_power?country=pl
PL,2,2022-08-01T02:00:00Z,2022-08-01T02:00:00Z,2.280945,base,13568.7,1.0,0.0,False,,Energy-Charts/ENTSO-E measured fuel mix x Macknick 2012 consumption factors (same payload as real CI),Energy-Charts / ENTSO-E generation mix + Macknick 2012 (NREL),https://api.energy-charts.info/public_power?country=pl
PL,3,2022-08-01T03:00:00Z,2022-08-01T03:00:00Z,2.310947,base,13422.1,1.0,0.0,False,,Energy-Charts/ENTSO-E measured fuel mix x Macknick 2012 consumption factors (same payload as real CI),Energy-Charts / ENTSO-E generation mix + Macknick 2012 (NREL),https://api.energy-charts.info/public_power?country=pl
PL,4,2022-08-01T04:00:00Z,2022-08-01T04:00:00Z,2.295492,base,15249.8,1.0,0.0,False,,Energy-Charts/ENTSO-E measured fuel mix x Macknick 2012 consumption factors (same payload as real CI),Energy-Charts / ENTSO-E generation mix + Macknick 2012 (NREL),https://api.energy-charts.info/public_power?country=pl
PL,5,2022-08-01T05:00:00Z,2022-08-01T05:00:00Z,2.203439,base,17129.9,1.0,0.0,False,,Energy-Charts/ENTSO-E measured fuel mix x Macknick 2012 consumption factors (same payload as real CI),Energy-Charts / ENTSO-E generation mix + Macknick 2012 (NREL),https://api.energy-charts.info/public_power?country=pl
PL,6,2022-08-01T06:00:00Z,2022-08-01T06:00:00Z,2.134218,base,18121.2,1.0,0.0,False,,Energy-Charts/ENTSO-E measured fuel mix x Macknick 2012 consumption factors (same payload as real CI),Energy-Charts / ENTSO-E generation mix + Macknick 2012 (NREL),https://api.energy-charts.info/public_power?country=pl
PL,7,2022-08-01T07:00:00Z,2022-08-01T07:00:00Z,2.055097,base,18571.9,1.0,0.0,False,,Energy-Charts/ENTSO-E measured fuel mix x Macknick 2012 consumption factors (same payload as real CI),Energy-Charts / ENTSO-E generation mix + Macknick 2012 (NREL),https://api.energy-charts.info/public_power?country=pl
PL,8,2022-08-01T08:00:00Z,2022-08-01T08:00:00Z,1.976282,base,19048.4,1.0,0.0,False,,Energy-Charts/ENTSO-E measured fuel mix x Macknick 2012 consumption factors (same payload as real CI),Energy-Charts / ENTSO-E generation mix + Macknick 2012 (NREL),https://api.energy-charts.info/public_power?country=pl
PL,9,2022-08-01T09:00:00Z,2022-08-01T09:00:00Z,1.926141,base,19099.5,1.0,0.0,False,,Energy-Charts/ENTSO-E measured fuel mix x Macknick 2012 consumption factors (same payload as real CI),Energy-Charts / ENTSO-E generation mix + Macknick 2012 (NREL),https://api.energy-charts.info/public_power?country=pl
PL,10,2022-08-01T10:00:00Z,2022-08-01T10:00:00Z,1.885945,base,19120.6,1.0,0.0,False,,Energy-Charts/ENTSO-E measured fuel mix x Macknick 2012 consumption factors (same payload as real CI),Energy-Charts / ENTSO-E generation mix + Macknick 2012 (NREL),https://api.energy-charts.info/public_power?country=pl
PL,11,2022-08-01T11:00:00Z,2022-08-01T11:00:00Z,1.870721,base,19450.3,1.0,0.0,False,,Energy-Charts/ENTSO-E measured fuel mix x Macknick 2012 consumption factors (same payload as real CI),Energy-Charts / ENTSO-E generation mix + Macknick 2012 (NREL),https://api.energy-charts.info/public_power?country=pl
PL,12,2022-08-01T12:00:00Z,2022-08-01T12:00:00Z,1.88331,base,19037.5,1.0,0.0,False,,Energy-Charts/ENTSO-E measured fuel mix x Macknick 2012 consumption factors (same payload as real CI),Energy-Charts / ENTSO-E generation mix + Macknick 2012 (NREL),https://api.energy-charts.info/public_power?country=pl
PL,13,2022-08-01T13:00:00Z,2022-08-01T13:00:00Z,1.912989,base,18930.3,1.0,0.0,False,,Energy-Charts/ENTSO-E measured fuel mix x Macknick 2012 consumption factors (same payload as real CI),Energy-Charts / ENTSO-E generation mix + Macknick 2012 (NREL),https://api.energy-charts.info/public_power?country=pl
PL,14,2022-08-01T14:00:00Z,2022-08-01T14:00:00Z,1.9345,base,19068.4,1.0,0.0,False,,Energy-Charts/ENTSO-E measured fuel mix x Macknick 2012 consumption factors (same payload as real CI),Energy-Charts / ENTSO-E generation mix + Macknick 2012 (NREL),https://api.energy-charts.info/public_power?country=pl
PL,15,2022-08-01T15:00:00Z,2022-08-01T15:00:00Z,2.053829,base,18676.4,1.0,0.0,False,,Energy-Charts/ENTSO-E measured fuel mix x Macknick 2012 consumption factors (same payload as real CI),Energy-Charts / ENTSO-E generation mix + Macknick 2012 (NREL),https://api.energy-charts.info/public_power?country=pl
PL,16,2022-08-01T16:00:00Z,2022-08-01T16:00:00Z,2.150965,base,18297.5,1.0,0.0,False,,Energy-Charts/ENTSO-E measured fuel mix x Macknick 2012 consumption factors (same payload as real CI),Energy-Charts / ENTSO-E generation mix + Macknick 2012 (NREL),https://api.energy-charts.info/public_power?country=pl
PL,17,2022-08-01T17:00:00Z,2022-08-01T17:00:00Z,2.18307,base,18391.0,1.0,0.0,False,,Energy-Charts/ENTSO-E measured fuel mix x Macknick 2012 consumption factors (same payload as real CI),Energy-Charts / ENTSO-E generation mix + Macknick 2012 (NREL),https://api.energy-charts.info/public_power?country=pl
PL,18,2022-08-01T18:00:00Z,2022-08-01T18:00:00Z,2.242209,base,18597.9,1.0,0.0,False,,Energy-Charts/ENTSO-E measured fuel mix x Macknick 2012 consumption factors (same payload as real CI),Energy-Charts / ENTSO-E generation mix + Macknick 2012 (NREL),https://api.energy-charts.info/public_power?country=pl
PL,19,2022-08-01T19:00:00Z,2022-08-01T19:00:00Z,2.272411,base,18426.0,1.0,0.0,False,,Energy-Charts/ENTSO-E measured fuel mix x Macknick 2012 consumption factors (same payload as real CI),Energy-Charts / ENTSO-E generation mix + Macknick 2012 (NREL),https://api.energy-charts.info/public_power?country=pl
PL,20,2022-08-01T20:00:00Z,2022-08-01T20:00:00Z,2.313364,base,17115.2,1.0,0.0,False,,Energy-Charts/ENTSO-E measured fuel mix x Macknick 2012 consumption factors (same payload as real CI),Energy-Charts / ENTSO-E generation mix + Macknick 2012 (NREL),https://api.energy-charts.info/public_power?country=pl
PL,21,2022-08-01T21:00:00Z,2022-08-01T21:00:00Z,2.367864,base,15925.7,1.0,0.0,False,,Energy-Charts/ENTSO-E measured fuel mix x Macknick 2012 consumption factors (same payload as real CI),Energy-Charts / ENTSO-E generation mix + Macknick 2012 (NREL),https://api.energy-charts.info/public_power?country=pl
PL,22,2022-08-01T22:00:00Z,2022-08-01T22:00:00Z,2.347069,base,15356.8,1.0,0.0,False,,Energy-Charts/ENTSO-E measured fuel mix x Macknick 2012 consumption factors (same payload as real CI),Energy-Charts / ENTSO-E generation mix + Macknick 2012 (NREL),https://api.energy-charts.info/public_power?country=pl
PL,23,2022-08-01T23:00:00Z,2022-08-01T23:00:00Z,2.357732,base,14849.7,1.0,0.0,False,,Energy-Charts/ENTSO-E measured fuel mix x Macknick 2012 consumption factors (same payload as real CI),Energy-Charts / ENTSO-E generation mix + Macknick 2012 (NREL),https://api.energy-charts.info/public_power?country=pl
PL,24,2022-08-02T00:00:00Z,2022-08-02T00:00:00Z,2.346861,base,14759.7,1.0,0.0,False,,Energy-Charts/ENTSO-E measured fuel mix x Macknick 2012 consumption factors (same payload as real CI),Energy-Charts / ENTSO-E generation mix + Macknick 2012 (NREL),https://api.energy-charts.info/public_power?country=pl
PL,25,2022-08-02T01:00:00Z,2022-08-02T01:00:00Z,2.336396,base,14668.2,1.0,0.0,False,,Energy-Charts/ENTSO-E measured fuel mix x Macknick 2012 consumption factors (same payload as real CI),Energy-Charts / ENTSO-E generation mix + Macknick 2012 (NREL),https://api.energy-charts.info/public_power?country=pl
PL,26,2022-08-02T02:00:00Z,2022-08-02T02:00:00Z,2.373933,base,14530.1,1.0,0.0,False,,Energy-Charts/ENTSO-E measured fuel mix x Macknick 2012 consumption factors (same payload as real CI),Energy-Charts / ENTSO-E generation mix + Macknick 2012 (NREL),https://api.energy-charts.info/public_power?country=pl
PL,27,2022-08-02T03:00:00Z,2022-08-02T03:00:00Z,2.369066,base,14621.4,1.0,0.0,False,,Energy-Charts/ENTSO-E measured fuel mix x Macknick 2012 consumption factors (same payload as real CI),Energy-Charts / ENTSO-E generation mix + Macknick 2012 (NREL),https://api.energy-charts.info/public_power?country=pl
PL,28,2022-08-02T04:00:00Z,2022-08-02T04:00:00Z,2.347185,base,16011.5,1.0,0.0,False,,Energy-Charts/ENTSO-E measured fuel mix x Macknick 2012 consumption factors (same payload as real CI),Energy-Charts / ENTSO-E generation mix + Macknick 2012 (NREL),https://api.energy-charts.info/public_power?country=pl
PL,29,2022-08-02T05:00:00Z,2022-08-02T05:00:00Z,2.281121,base,17681.3,1.0,0.0,False,,Energy-Charts/ENTSO-E measured fuel mix x Macknick 2012 consumption factors (same payload as real CI),Energy-Charts / ENTSO-E generation mix + Macknick 2012 (NREL),https://api.energy-charts.info/public_power?country=pl
PL,30,2022-08-02T06:00:00Z,2022-08-02T06:00:00Z,2.14559,base,19037.4,1.0,0.0,False,,Energy-Charts/ENTSO-E measured fuel mix x Macknick 2012 consumption factors (same payload as real CI),Energy-Charts / ENTSO-E generation mix + Macknick 2012 (NREL),https://api.energy-charts.info/public_power?country=pl
PL,31,2022-08-02T07:00:00Z,2022-08-02T07:00:00Z,2.032843,base,19399.8,1.0,0.0,False,,Energy-Charts/ENTSO-E measured fuel mix x Macknick 2012 consumption factors (same payload as real CI),Energy-Charts / ENTSO-E generation mix + Macknick 2012 (NREL),https://api.energy-charts.info/public_power?country=pl
PL,32,2022-08-02T08:00:00Z,2022-08-02T08:00:00Z,1.908128,base,19870.2,1.0,0.0,False,,Energy-Charts/ENTSO-E measured fuel mix x Macknick 2012 consumption factors (same payload as real CI),Energy-Charts / ENTSO-E generation mix + Macknick 2012 (NREL),https://api.energy-charts.info/public_power?country=pl
PL,33,2022-08-02T09:00:00Z,2022-08-02T09:00:00Z,1.839203,base,20262.8,1.0,0.0,False,,Energy-Charts/ENTSO-E measured fuel mix x Macknick 2012 consumption factors (same payload as real CI),Energy-Charts / ENTSO-E generation mix + Macknick 2012 (NREL),https://api.energy-charts.info/public_power?country=pl
PL,34,2022-08-02T10:00:00Z,2022-08-02T10:00:00Z,1.835972,base,19783.7,1.0,0.0,False,,Energy-Charts/ENTSO-E measured fuel mix x Macknick 2012 consumption factors (same payload as real CI),Energy-Charts / ENTSO-E generation mix + Macknick 2012 (NREL),https://api.energy-charts.info/public_power?country=pl
PL,35,2022-08-02T11:00:00Z,2022-08-02T11:00:00Z,1.827375,base,19960.0,1.0,0.0,False,,Energy-Charts/ENTSO-E measured fuel mix x Macknick 2012 consumption factors (same payload as real CI),Energy-Charts / ENTSO-E generation mix + Macknick 2012 (NREL),https://api.energy-charts.info/public_power?country=pl
PL,36,2022-08-02T12:00:00Z,2022-08-02T12:00:00Z,1.833683,base,19638.1,1.0,0.0,False,,Energy-Charts/ENTSO-E measured fuel mix x Macknick 2012 consumption factors (same payload as real CI),Energy-Charts / ENTSO-E generation mix + Macknick 2012 (NREL),https://api.energy-charts.info/public_power?country=pl
PL,37,2022-08-02T13:00:00Z,2022-08-02T13:00:00Z,1.878568,base,19663.8,1.0,0.0,False,,Energy-Charts/ENTSO-E measured fuel mix x Macknick 2012 consumption factors (same payload as real CI),Energy-Charts / ENTSO-E generation mix + Macknick 2012 (NREL),https://api.energy-charts.info/public_power?country=pl
PL,38,2022-08-02T14:00:00Z,2022-08-02T14:00:00Z,1.983388,base,19258.5,1.0,0.0,False,,Energy-Charts/ENTSO-E measured fuel mix x Macknick 2012 consumption factors (same payload as real CI),Energy-Charts / ENTSO-E generation mix + Macknick 2012 (NREL),https://api.energy-charts.info/public_power?country=pl
PL,39,2022-08-02T15:00:00Z,2022-08-02T15:00:00Z,2.113813,base,19006.7,1.0,0.0,False,,Energy-Charts/ENTSO-E measured fuel mix x Macknick 2012 consumption factors (same payload as real CI),Energy-Charts / ENTSO-E generation mix + Macknick 2012 (NREL),https://api.energy-charts.info/public_power?country=pl
PL,40,2022-08-02T16:00:00Z,2022-08-02T16:00:00Z,2.288548,base,18700.0,1.0,0.0,False,,Energy-Charts/ENTSO-E measured fuel mix x Macknick 2012 consumption factors (same payload as real CI),Energy-Charts / ENTSO-E generation mix + Macknick 2012 (NREL),https://api.energy-charts.info/public_power?country=pl
PL,41,2022-08-02T17:00:00Z,2022-08-02T17:00:00Z,2.335899,base,18758.1,1.0,0.0,False,,Energy-Charts/ENTSO-E measured fuel mix x Macknick 2012 consumption factors (same payload as real CI),Energy-Charts / ENTSO-E generation mix + Macknick 2012 (NREL),https://api.energy-charts.info/public_power?country=pl
PL,42,2022-08-02T18:00:00Z,2022-08-02T18:00:00Z,2.360819,base,18786.7,1.0,0.0,False,,Energy-Charts/ENTSO-E measured fuel mix x Macknick 2012 consumption factors (same payload as real CI),Energy-Charts / ENTSO-E generation mix + Macknick 2012 (NREL),https://api.energy-charts.info/public_power?country=pl
PL,43,2022-08-02T19:00:00Z,2022-08-02T19:00:00Z,2.359779,base,18770.7,1.0,0.0,False,,Energy-Charts/ENTSO-E measured fuel mix x Macknick 2012 consumption factors (same payload as real CI),Energy-Charts / ENTSO-E generation mix + Macknick 2012 (NREL),https://api.energy-charts.info/public_power?country=pl
PL,44,2022-08-02T20:00:00Z,2022-08-02T20:00:00Z,2.410055,base,17413.0,1.0,0.0,False,,Energy-Charts/ENTSO-E measured fuel mix x Macknick 2012 consumption factors (same payload as real CI),Energy-Charts / ENTSO-E generation mix + Macknick 2012 (NREL),https://api.energy-charts.info/public_power?country=pl
PL,45,2022-08-02T21:00:00Z,2022-08-02T21:00:00Z,2.39927,base,16005.5,1.0,0.0,False,,Energy-Charts/ENTSO-E measured fuel mix x Macknick 2012 consumption factors (same payload as real CI),Energy-Charts / ENTSO-E generation mix + Macknick 2012 (NREL),https://api.energy-charts.info/public_power?country=pl
PL,46,2022-08-02T22:00:00Z,2022-08-02T22:00:00Z,2.35918,base,14770.0,1.0,0.0,False,,Energy-Charts/ENTSO-E measured fuel mix x Macknick 2012 consumption factors (same payload as real CI),Energy-Charts / ENTSO-E generation mix + Macknick 2012 (NREL),https://api.energy-charts.info/public_power?country=pl
PL,47,2022-08-02T23:00:00Z,2022-08-02T23:00:00Z,2.340072,base,14351.3,1.0,0.0,False,,Energy-Charts/ENTSO-E measured fuel mix x Macknick 2012 consumption factors (same payload as real CI),Energy-Charts / ENTSO-E generation mix + Macknick 2012 (NREL),https://api.energy-charts.info/public_power?country=pl
DE-BER,0,2022-08-01T00:00:00Z,2022-08-01T00:00:00Z,1.656808,base,42931.7,1.0,0.0,False,,Energy-Charts/ENTSO-E measured fuel mix x Macknick 2012 consumption factors (same payload as real CI),Energy-Charts / ENTSO-E generation mix + Macknick 2012 (NREL),https://api.energy-charts.info/public_power?country=de
DE-BER,1,2022-08-01T01:00:00Z,2022-08-01T01:00:00Z,1.666111,base,42311.9,1.0,0.0,False,,Energy-Charts/ENTSO-E measured fuel mix x Macknick 2012 consumption factors (same payload as real CI),Energy-Charts / ENTSO-E generation mix + Macknick 2012 (NREL),https://api.energy-charts.info/public_power?country=de
DE-BER,2,2022-08-01T02:00:00Z,2022-08-01T02:00:00Z,1.682677,base,42677.3,1.0,0.0,False,,Energy-Charts/ENTSO-E measured fuel mix x Macknick 2012 consumption factors (same payload as real CI),Energy-Charts / ENTSO-E generation mix + Macknick 2012 (NREL),https://api.energy-charts.info/public_power?country=de
DE-BER,3,2022-08-01T03:00:00Z,2022-08-01T03:00:00Z,1.687019,base,44276.6,1.0,0.0,False,,Energy-Charts/ENTSO-E measured fuel mix x Macknick 2012 consumption factors (same payload as real CI),Energy-Charts / ENTSO-E generation mix + Macknick 2012 (NREL),https://api.energy-charts.info/public_power?country=de
DE-BER,4,2022-08-01T04:00:00Z,2022-08-01T04:00:00Z,1.653784,base,45774.5,1.0,0.0,False,,Energy-Charts/ENTSO-E measured fuel mix x Macknick 2012 consumption factors (same payload as real CI),Energy-Charts / ENTSO-E generation mix + Macknick 2012 (NREL),https://api.energy-charts.info/public_power?country=de
DE-BER,5,2022-08-01T05:00:00Z,2022-08-01T05:00:00Z,1.572244,base,49012.9,1.0,0.0,False,,Energy-Charts/ENTSO-E measured fuel mix x Macknick 2012 consumption factors (same payload as real CI),Energy-Charts / ENTSO-E generation mix + Macknick 2012 (NREL),https://api.energy-charts.info/public_power?country=de
DE-BER,6,2022-08-01T06:00:00Z,2022-08-01T06:00:00Z,1.392819,base,55928.1,1.0,0.0,False,,Energy-Charts/ENTSO-E measured fuel mix x Macknick 2012 consumption factors (same payload as real CI),Energy-Charts / ENTSO-E generation mix + Macknick 2012 (NREL),https://api.energy-charts.info/public_power?country=de
DE-BER,7,2022-08-01T07:00:00Z,2022-08-01T07:00:00Z,1.304064,base,59603.8,1.0,0.0,False,,Energy-Charts/ENTSO-E measured fuel mix x Macknick 2012 consumption factors (same payload as real CI),Energy-Charts / ENTSO-E generation mix + Macknick 2012 (NREL),https://api.energy-charts.info/public_power?country=de
DE-BER,8,2022-08-01T08:00:00Z,2022-08-01T08:00:00Z,1.234895,base,61558.4,1.0,0.0,False,,Energy-Charts/ENTSO-E measured fuel mix x Macknick 2012 consumption factors (same payload as real CI),Energy-Charts / ENTSO-E generation mix + Macknick 2012 (NREL),https://api.energy-charts.info/public_power?country=de
DE-BER,9,2022-08-01T09:00:00Z,2022-08-01T09:00:00Z,1.186621,base,63738.5,1.0,0.0,False,,Energy-Charts/ENTSO-E measured fuel mix x Macknick 2012 consumption factors (same payload as real CI),Energy-Charts / ENTSO-E generation mix + Macknick 2012 (NREL),https://api.energy-charts.info/public_power?country=de
DE-BER,10,2022-08-01T10:00:00Z,2022-08-01T10:00:00Z,1.154702,base,64653.3,1.0,0.0,False,,Energy-Charts/ENTSO-E measured fuel mix x Macknick 2012 consumption factors (same payload as real CI),Energy-Charts / ENTSO-E generation mix + Macknick 2012 (NREL),https://api.energy-charts.info/public_power?country=de
DE-BER,11,2022-08-01T11:00:00Z,2022-08-01T11:00:00Z,1.147688,base,64475.9,1.0,0.0,False,,Energy-Charts/ENTSO-E measured fuel mix x Macknick 2012 consumption factors (same payload as real CI),Energy-Charts / ENTSO-E generation mix + Macknick 2012 (NREL),https://api.energy-charts.info/public_power?country=de
DE-BER,12,2022-08-01T12:00:00Z,2022-08-01T12:00:00Z,1.157044,base,63771.2,1.0,0.0,False,,Energy-Charts/ENTSO-E measured fuel mix x Macknick 2012 consumption factors (same payload as real CI),Energy-Charts / ENTSO-E generation mix + Macknick 2012 (NREL),https://api.energy-charts.info/public_power?country=de
DE-BER,13,2022-08-01T13:00:00Z,2022-08-01T13:00:00Z,1.189803,base,62475.1,1.0,0.0,False,,Energy-Charts/ENTSO-E measured fuel mix x Macknick 2012 consumption factors (same payload as real CI),Energy-Charts / ENTSO-E generation mix + Macknick 2012 (NREL),https://api.energy-charts.info/public_power?country=de
DE-BER,14,2022-08-01T14:00:00Z,2022-08-01T14:00:00Z,1.260829,base,60993.9,1.0,0.0,False,,Energy-Charts/ENTSO-E measured fuel mix x Macknick 2012 consumption factors (same payload as real CI),Energy-Charts / ENTSO-E generation mix + Macknick 2012 (NREL),https://api.energy-charts.info/public_power?country=de
DE-BER,15,2022-08-01T15:00:00Z,2022-08-01T15:00:00Z,1.387286,base,57451.3,1.0,0.0,False,,Energy-Charts/ENTSO-E measured fuel mix x Macknick 2012 consumption factors (same payload as real CI),Energy-Charts / ENTSO-E generation mix + Macknick 2012 (NREL),https://api.energy-charts.info/public_power?country=de
DE-BER,16,2022-08-01T16:00:00Z,2022-08-01T16:00:00Z,1.509913,base,53638.2,1.0,0.0,False,,Energy-Charts/ENTSO-E measured fuel mix x Macknick 2012 consumption factors (same payload as real CI),Energy-Charts / ENTSO-E generation mix + Macknick 2012 (NREL),https://api.energy-charts.info/public_power?country=de
DE-BER,17,2022-08-01T17:00:00Z,2022-08-01T17:00:00Z,1.609411,base,50549.1,1.0,0.0,False,,Energy-Charts/ENTSO-E measured fuel mix x Macknick 2012 consumption factors (same payload as real CI),Energy-Charts / ENTSO-E generation mix + Macknick 2012 (NREL),https://api.energy-charts.info/public_power?country=de
DE-BER,18,2022-08-01T18:00:00Z,2022-08-01T18:00:00Z,1.678792,base,48679.8,1.0,0.0,False,,Energy-Charts/ENTSO-E measured fuel mix x Macknick 2012 consumption factors (same payload as real CI),Energy-Charts / ENTSO-E generation mix + Macknick 2012 (NREL),https://api.energy-charts.info/public_power?country=de
DE-BER,19,2022-08-01T19:00:00Z,2022-08-01T19:00:00Z,1.745401,base,47086.4,1.0,0.0,False,,Energy-Charts/ENTSO-E measured fuel mix x Macknick 2012 consumption factors (same payload as real CI),Energy-Charts / ENTSO-E generation mix + Macknick 2012 (NREL),https://api.energy-charts.info/public_power?country=de
DE-BER,20,2022-08-01T20:00:00Z,2022-08-01T20:00:00Z,1.822292,base,45063.2,1.0,0.0,False,,Energy-Charts/ENTSO-E measured fuel mix x Macknick 2012 consumption factors (same payload as real CI),Energy-Charts / ENTSO-E generation mix + Macknick 2012 (NREL),https://api.energy-charts.info/public_power?country=de
DE-BER,21,2022-08-01T21:00:00Z,2022-08-01T21:00:00Z,1.96363,base,41516.2,1.0,0.0,False,,Energy-Charts/ENTSO-E measured fuel mix x Macknick 2012 consumption factors (same payload as real CI),Energy-Charts / ENTSO-E generation mix + Macknick 2012 (NREL),https://api.energy-charts.info/public_power?country=de
DE-BER,22,2022-08-01T22:00:00Z,2022-08-01T22:00:00Z,2.047742,base,39560.6,1.0,0.0,False,,Energy-Charts/ENTSO-E measured fuel mix x Macknick 2012 consumption factors (same payload as real CI),Energy-Charts / ENTSO-E generation mix + Macknick 2012 (NREL),https://api.energy-charts.info/public_power?country=de
DE-BER,23,2022-08-01T23:00:00Z,2022-08-01T23:00:00Z,2.09094,base,38306.8,1.0,0.0,False,,Energy-Charts/ENTSO-E measured fuel mix x Macknick 2012 consumption factors (same payload as real CI),Energy-Charts / ENTSO-E generation mix + Macknick 2012 (NREL),https://api.energy-charts.info/public_power?country=de
DE-BER,24,2022-08-02T00:00:00Z,2022-08-02T00:00:00Z,2.108075,base,37752.4,1.0,0.0,False,,Energy-Charts/ENTSO-E measured fuel mix x Macknick 2012 consumption factors (same payload as real CI),Energy-Charts / ENTSO-E generation mix + Macknick 2012 (NREL),https://api.energy-charts.info/public_power?country=de
DE-BER,25,2022-08-02T01:00:00Z,2022-08-02T01:00:00Z,2.105182,base,37824.6,1.0,0.0,False,,Energy-Charts/ENTSO-E measured fuel mix x Macknick 2012 consumption factors (same payload as real CI),Energy-Charts / ENTSO-E generation mix + Macknick 2012 (NREL),https://api.energy-charts.info/public_power?country=de
DE-BER,26,2022-08-02T02:00:00Z,2022-08-02T02:00:00Z,2.07395,base,38340.9,1.0,0.0,False,,Energy-Charts/ENTSO-E measured fuel mix x Macknick 2012 consumption factors (same payload as real CI),Energy-Charts / ENTSO-E generation mix + Macknick 2012 (NREL),https://api.energy-charts.info/public_power?country=de
DE-BER,27,2022-08-02T03:00:00Z,2022-08-02T03:00:00Z,2.019094,base,39465.1,1.0,0.0,False,,Energy-Charts/ENTSO-E measured fuel mix x Macknick 2012 consumption factors (same payload as real CI),Energy-Charts / ENTSO-E generation mix + Macknick 2012 (NREL),https://api.energy-charts.info/public_power?country=de
DE-BER,28,2022-08-02T04:00:00Z,2022-08-02T04:00:00Z,1.908971,base,42231.7,1.0,0.0,False,,Energy-Charts/ENTSO-E measured fuel mix x Macknick 2012 consumption factors (same payload as real CI),Energy-Charts / ENTSO-E generation mix + Macknick 2012 (NREL),https://api.energy-charts.info/public_power?country=de
DE-BER,29,2022-08-02T05:00:00Z,2022-08-02T05:00:00Z,1.669625,base,48722.1,1.0,0.0,False,,Energy-Charts/ENTSO-E measured fuel mix x Macknick 2012 consumption factors (same payload as real CI),Energy-Charts / ENTSO-E generation mix + Macknick 2012 (NREL),https://api.energy-charts.info/public_power?country=de
DE-BER,30,2022-08-02T06:00:00Z,2022-08-02T06:00:00Z,1.495377,base,54324.2,1.0,0.0,False,,Energy-Charts/ENTSO-E measured fuel mix x Macknick 2012 consumption factors (same payload as real CI),Energy-Charts / ENTSO-E generation mix + Macknick 2012 (NREL),https://api.energy-charts.info/public_power?country=de
DE-BER,31,2022-08-02T07:00:00Z,2022-08-02T07:00:00Z,1.303133,base,61196.7,1.0,0.0,False,,Energy-Charts/ENTSO-E measured fuel mix x Macknick 2012 consumption factors (same payload as real CI),Energy-Charts / ENTSO-E generation mix + Macknick 2012 (NREL),https://api.energy-charts.info/public_power?country=de
DE-BER,32,2022-08-02T08:00:00Z,2022-08-02T08:00:00Z,1.134353,base,66334.7,1.0,0.0,False,,Energy-Charts/ENTSO-E measured fuel mix x Macknick 2012 consumption factors (same payload as real CI),Energy-Charts / ENTSO-E generation mix + Macknick 2012 (NREL),https://api.energy-charts.info/public_power?country=de
DE-BER,33,2022-08-02T09:00:00Z,2022-08-02T09:00:00Z,1.015432,base,69161.1,1.0,0.0,False,,Energy-Charts/ENTSO-E measured fuel mix x Macknick 2012 consumption factors (same payload as real CI),Energy-Charts / ENTSO-E generation mix + Macknick 2012 (NREL),https://api.energy-charts.info/public_power?country=de
DE-BER,34,2022-08-02T10:00:00Z,2022-08-02T10:00:00Z,0.983579,base,71098.2,1.0,0.0,False,,Energy-Charts/ENTSO-E measured fuel mix x Macknick 2012 consumption factors (same payload as real CI),Energy-Charts / ENTSO-E generation mix + Macknick 2012 (NREL),https://api.energy-charts.info/public_power?country=de
DE-BER,35,2022-08-02T11:00:00Z,2022-08-02T11:00:00Z,0.966231,base,72068.6,1.0,0.0,False,,Energy-Charts/ENTSO-E measured fuel mix x Macknick 2012 consumption factors (same payload as real CI),Energy-Charts / ENTSO-E generation mix + Macknick 2012 (NREL),https://api.energy-charts.info/public_power?country=de
DE-BER,36,2022-08-02T12:00:00Z,2022-08-02T12:00:00Z,0.963412,base,70941.8,1.0,0.0,False,,Energy-Charts/ENTSO-E measured fuel mix x Macknick 2012 consumption factors (same payload as real CI),Energy-Charts / ENTSO-E generation mix + Macknick 2012 (NREL),https://api.energy-charts.info/public_power?country=de
DE-BER,37,2022-08-02T13:00:00Z,2022-08-02T13:00:00Z,1.017275,base,68343.1,1.0,0.0,False,,Energy-Charts/ENTSO-E measured fuel mix x Macknick 2012 consumption factors (same payload as real CI),Energy-Charts / ENTSO-E generation mix + Macknick 2012 (NREL),https://api.energy-charts.info/public_power?country=de
DE-BER,38,2022-08-02T14:00:00Z,2022-08-02T14:00:00Z,1.147813,base,64361.2,1.0,0.0,False,,Energy-Charts/ENTSO-E measured fuel mix x Macknick 2012 consumption factors (same payload as real CI),Energy-Charts / ENTSO-E generation mix + Macknick 2012 (NREL),https://api.energy-charts.info/public_power?country=de
DE-BER,39,2022-08-02T15:00:00Z,2022-08-02T15:00:00Z,1.312957,base,59140.3,1.0,0.0,False,,Energy-Charts/ENTSO-E measured fuel mix x Macknick 2012 consumption factors (same payload as real CI),Energy-Charts / ENTSO-E generation mix + Macknick 2012 (NREL),https://api.energy-charts.info/public_power?country=de
DE-BER,40,2022-08-02T16:00:00Z,2022-08-02T16:00:00Z,1.465629,base,54092.5,1.0,0.0,False,,Energy-Charts/ENTSO-E measured fuel mix x Macknick 2012 consumption factors (same payload as real CI),Energy-Charts / ENTSO-E generation mix + Macknick 2012 (NREL),https://api.energy-charts.info/public_power?country=de
DE-BER,41,2022-08-02T17:00:00Z,2022-08-02T17:00:00Z,1.541975,base,52032.4,1.0,0.0,False,,Energy-Charts/ENTSO-E measured fuel mix x Macknick 2012 consumption factors (same payload as real CI),Energy-Charts / ENTSO-E generation mix + Macknick 2012 (NREL),https://api.energy-charts.info/public_power?country=de
DE-BER,42,2022-08-02T18:00:00Z,2022-08-02T18:00:00Z,1.634389,base,49849.5,1.0,0.0,False,,Energy-Charts/ENTSO-E measured fuel mix x Macknick 2012 consumption factors (same payload as real CI),Energy-Charts / ENTSO-E generation mix + Macknick 2012 (NREL),https://api.energy-charts.info/public_power?country=de
DE-BER,43,2022-08-02T19:00:00Z,2022-08-02T19:00:00Z,1.686872,base,48176.1,1.0,0.0,False,,Energy-Charts/ENTSO-E measured fuel mix x Macknick 2012 consumption factors (same payload as real CI),Energy-Charts / ENTSO-E generation mix + Macknick 2012 (NREL),https://api.energy-charts.info/public_power?country=de
DE-BER,44,2022-08-02T20:00:00Z,2022-08-02T20:00:00Z,1.735966,base,46344.6,1.0,0.0,False,,Energy-Charts/ENTSO-E measured fuel mix x Macknick 2012 consumption factors (same payload as real CI),Energy-Charts / ENTSO-E generation mix + Macknick 2012 (NREL),https://api.energy-charts.info/public_power?country=de
DE-BER,45,2022-08-02T21:00:00Z,2022-08-02T21:00:00Z,1.804105,base,43740.4,1.0,0.0,False,,Energy-Charts/ENTSO-E measured fuel mix x Macknick 2012 consumption factors (same payload as real CI),Energy-Charts / ENTSO-E generation mix + Macknick 2012 (NREL),https://api.energy-charts.info/public_power?country=de
DE-BER,46,2022-08-02T22:00:00Z,2022-08-02T22:00:00Z,1.873676,base,41233.7,1.0,0.0,False,,Energy-Charts/ENTSO-E measured fuel mix x Macknick 2012 consumption factors (same payload as real CI),Energy-Charts / ENTSO-E generation mix + Macknick 2012 (NREL),https://api.energy-charts.info/public_power?country=de
DE-BER,47,2022-08-02T23:00:00Z,2022-08-02T23:00:00Z,1.873607,base,40628.1,1.0,0.0,False,,Energy-Charts/ENTSO-E measured fuel mix x Macknick 2012 consumption factors (same payload as real CI),Energy-Charts / ENTSO-E generation mix + Macknick 2012 (NREL),https://api.energy-charts.info/public_power?country=de
DE-MUC,0,2022-08-01T00:00:00Z,2022-08-01T00:00:00Z,1.656808,base,42931.7,1.0,0.0,False,,Energy-Charts/ENTSO-E measured fuel mix x Macknick 2012 consumption factors (same payload as real CI),Energy-Charts / ENTSO-E generation mix + Macknick 2012 (NREL),https://api.energy-charts.info/public_power?country=de
DE-MUC,1,2022-08-01T01:00:00Z,2022-08-01T01:00:00Z,1.666111,base,42311.9,1.0,0.0,False,,Energy-Charts/ENTSO-E measured fuel mix x Macknick 2012 consumption factors (same payload as real CI),Energy-Charts / ENTSO-E generation mix + Macknick 2012 (NREL),https://api.energy-charts.info/public_power?country=de
DE-MUC,2,2022-08-01T02:00:00Z,2022-08-01T02:00:00Z,1.682677,base,42677.3,1.0,0.0,False,,Energy-Charts/ENTSO-E measured fuel mix x Macknick 2012 consumption factors (same payload as real CI),Energy-Charts / ENTSO-E generation mix + Macknick 2012 (NREL),https://api.energy-charts.info/public_power?country=de
DE-MUC,3,2022-08-01T03:00:00Z,2022-08-01T03:00:00Z,1.687019,base,44276.6,1.0,0.0,False,,Energy-Charts/ENTSO-E measured fuel mix x Macknick 2012 consumption factors (same payload as real CI),Energy-Charts / ENTSO-E generation mix + Macknick 2012 (NREL),https://api.energy-charts.info/public_power?country=de
DE-MUC,4,2022-08-01T04:00:00Z,2022-08-01T04:00:00Z,1.653784,base,45774.5,1.0,0.0,False,,Energy-Charts/ENTSO-E measured fuel mix x Macknick 2012 consumption factors (same payload as real CI),Energy-Charts / ENTSO-E generation mix + Macknick 2012 (NREL),https://api.energy-charts.info/public_power?country=de
DE-MUC,5,2022-08-01T05:00:00Z,2022-08-01T05:00:00Z,1.572244,base,49012.9,1.0,0.0,False,,Energy-Charts/ENTSO-E measured fuel mix x Macknick 2012 consumption factors (same payload as real CI),Energy-Charts / ENTSO-E generation mix + Macknick 2012 (NREL),https://api.energy-charts.info/public_power?country=de
DE-MUC,6,2022-08-01T06:00:00Z,2022-08-01T06:00:00Z,1.392819,base,55928.1,1.0,0.0,False,,Energy-Charts/ENTSO-E measured fuel mix x Macknick 2012 consumption factors (same payload as real CI),Energy-Charts / ENTSO-E generation mix + Macknick 2012 (NREL),https://api.energy-charts.info/public_power?country=de
DE-MUC,7,2022-08-01T07:00:00Z,2022-08-01T07:00:00Z,1.304064,base,59603.8,1.0,0.0,False,,Energy-Charts/ENTSO-E measured fuel mix x Macknick 2012 consumption factors (same payload as real CI),Energy-Charts / ENTSO-E generation mix + Macknick 2012 (NREL),https://api.energy-charts.info/public_power?country=de
DE-MUC,8,2022-08-01T08:00:00Z,2022-08-01T08:00:00Z,1.234895,base,61558.4,1.0,0.0,False,,Energy-Charts/ENTSO-E measured fuel mix x Macknick 2012 consumption factors (same payload as real CI),Energy-Charts / ENTSO-E generation mix + Macknick 2012 (NREL),https://api.energy-charts.info/public_power?country=de
DE-MUC,9,2022-08-01T09:00:00Z,2022-08-01T09:00:00Z,1.186621,base,63738.5,1.0,0.0,False,,Energy-Charts/ENTSO-E measured fuel mix x Macknick 2012 consumption factors (same payload as real CI),Energy-Charts / ENTSO-E generation mix + Macknick 2012 (NREL),https://api.energy-charts.info/public_power?country=de
DE-MUC,10,2022-08-01T10:00:00Z,2022-08-01T10:00:00Z,1.154702,base,64653.3,1.0,0.0,False,,Energy-Charts/ENTSO-E measured fuel mix x Macknick 2012 consumption factors (same payload as real CI),Energy-Charts / ENTSO-E generation mix + Macknick 2012 (NREL),https://api.energy-charts.info/public_power?country=de
DE-MUC,11,2022-08-01T11:00:00Z,2022-08-01T11:00:00Z,1.147688,base,64475.9,1.0,0.0,False,,Energy-Charts/ENTSO-E measured fuel mix x Macknick 2012 consumption factors (same payload as real CI),Energy-Charts / ENTSO-E generation mix + Macknick 2012 (NREL),https://api.energy-charts.info/public_power?country=de
DE-MUC,12,2022-08-01T12:00:00Z,2022-08-01T12:00:00Z,1.157044,base,63771.2,1.0,0.0,False,,Energy-Charts/ENTSO-E measured fuel mix x Macknick 2012 consumption factors (same payload as real CI),Energy-Charts / ENTSO-E generation mix + Macknick 2012 (NREL),https://api.energy-charts.info/public_power?country=de
DE-MUC,13,2022-08-01T13:00:00Z,2022-08-01T13:00:00Z,1.189803,base,62475.1,1.0,0.0,False,,Energy-Charts/ENTSO-E measured fuel mix x Macknick 2012 consumption factors (same payload as real CI),Energy-Charts / ENTSO-E generation mix + Macknick 2012 (NREL),https://api.energy-charts.info/public_power?country=de
DE-MUC,14,2022-08-01T14:00:00Z,2022-08-01T14:00:00Z,1.260829,base,60993.9,1.0,0.0,False,,Energy-Charts/ENTSO-E measured fuel mix x Macknick 2012 consumption factors (same payload as real CI),Energy-Charts / ENTSO-E generation mix + Macknick 2012 (NREL),https://api.energy-charts.info/public_power?country=de
DE-MUC,15,2022-08-01T15:00:00Z,2022-08-01T15:00:00Z,1.387286,base,57451.3,1.0,0.0,False,,Energy-Charts/ENTSO-E measured fuel mix x Macknick 2012 consumption factors (same payload as real CI),Energy-Charts / ENTSO-E generation mix + Macknick 2012 (NREL),https://api.energy-charts.info/public_power?country=de
DE-MUC,16,2022-08-01T16:00:00Z,2022-08-01T16:00:00Z,1.509913,base,53638.2,1.0,0.0,False,,Energy-Charts/ENTSO-E measured fuel mix x Macknick 2012 consumption factors (same payload as real CI),Energy-Charts / ENTSO-E generation mix + Macknick 2012 (NREL),https://api.energy-charts.info/public_power?country=de
DE-MUC,17,2022-08-01T17:00:00Z,2022-08-01T17:00:00Z,1.609411,base,50549.1,1.0,0.0,False,,Energy-Charts/ENTSO-E measured fuel mix x Macknick 2012 consumption factors (same payload as real CI),Energy-Charts / ENTSO-E generation mix + Macknick 2012 (NREL),https://api.energy-charts.info/public_power?country=de
DE-MUC,18,2022-08-01T18:00:00Z,2022-08-01T18:00:00Z,1.678792,base,48679.8,1.0,0.0,False,,Energy-Charts/ENTSO-E measured fuel mix x Macknick 2012 consumption factors (same payload as real CI),Energy-Charts / ENTSO-E generation mix + Macknick 2012 (NREL),https://api.energy-charts.info/public_power?country=de
DE-MUC,19,2022-08-01T19:00:00Z,2022-08-01T19:00:00Z,1.745401,base,47086.4,1.0,0.0,False,,Energy-Charts/ENTSO-E measured fuel mix x Macknick 2012 consumption factors (same payload as real CI),Energy-Charts / ENTSO-E generation mix + Macknick 2012 (NREL),https://api.energy-charts.info/public_power?country=de
DE-MUC,20,2022-08-01T20:00:00Z,2022-08-01T20:00:00Z,1.822292,base,45063.2,1.0,0.0,False,,Energy-Charts/ENTSO-E measured fuel mix x Macknick 2012 consumption factors (same payload as real CI),Energy-Charts / ENTSO-E generation mix + Macknick 2012 (NREL),https://api.energy-charts.info/public_power?country=de
DE-MUC,21,2022-08-01T21:00:00Z,2022-08-01T21:00:00Z,1.96363,base,41516.2,1.0,0.0,False,,Energy-Charts/ENTSO-E measured fuel mix x Macknick 2012 consumption factors (same payload as real CI),Energy-Charts / ENTSO-E generation mix + Macknick 2012 (NREL),https://api.energy-charts.info/public_power?country=de
DE-MUC,22,2022-08-01T22:00:00Z,2022-08-01T22:00:00Z,2.047742,base,39560.6,1.0,0.0,False,,Energy-Charts/ENTSO-E measured fuel mix x Macknick 2012 consumption factors (same payload as real CI),Energy-Charts / ENTSO-E generation mix + Macknick 2012 (NREL),https://api.energy-charts.info/public_power?country=de
DE-MUC,23,2022-08-01T23:00:00Z,2022-08-01T23:00:00Z,2.09094,base,38306.8,1.0,0.0,False,,Energy-Charts/ENTSO-E measured fuel mix x Macknick 2012 consumption factors (same payload as real CI),Energy-Charts / ENTSO-E generation mix + Macknick 2012 (NREL),https://api.energy-charts.info/public_power?country=de
DE-MUC,24,2022-08-02T00:00:00Z,2022-08-02T00:00:00Z,2.108075,base,37752.4,1.0,0.0,False,,Energy-Charts/ENTSO-E measured fuel mix x Macknick 2012 consumption factors (same payload as real CI),Energy-Charts / ENTSO-E generation mix + Macknick 2012 (NREL),https://api.energy-charts.info/public_power?country=de
DE-MUC,25,2022-08-02T01:00:00Z,2022-08-02T01:00:00Z,2.105182,base,37824.6,1.0,0.0,False,,Energy-Charts/ENTSO-E measured fuel mix x Macknick 2012 consumption factors (same payload as real CI),Energy-Charts / ENTSO-E generation mix + Macknick 2012 (NREL),https://api.energy-charts.info/public_power?country=de
DE-MUC,26,2022-08-02T02:00:00Z,2022-08-02T02:00:00Z,2.07395,base,38340.9,1.0,0.0,False,,Energy-Charts/ENTSO-E measured fuel mix x Macknick 2012 consumption factors (same payload as real CI),Energy-Charts / ENTSO-E generation mix + Macknick 2012 (NREL),https://api.energy-charts.info/public_power?country=de
DE-MUC,27,2022-08-02T03:00:00Z,2022-08-02T03:00:00Z,2.019094,base,39465.1,1.0,0.0,False,,Energy-Charts/ENTSO-E measured fuel mix x Macknick 2012 consumption factors (same payload as real CI),Energy-Charts / ENTSO-E generation mix + Macknick 2012 (NREL),https://api.energy-charts.info/public_power?country=de
DE-MUC,28,2022-08-02T04:00:00Z,2022-08-02T04:00:00Z,1.908971,base,42231.7,1.0,0.0,False,,Energy-Charts/ENTSO-E measured fuel mix x Macknick 2012 consumption factors (same payload as real CI),Energy-Charts / ENTSO-E generation mix + Macknick 2012 (NREL),https://api.energy-charts.info/public_power?country=de
DE-MUC,29,2022-08-02T05:00:00Z,2022-08-02T05:00:00Z,1.669625,base,48722.1,1.0,0.0,False,,Energy-Charts/ENTSO-E measured fuel mix x Macknick 2012 consumption factors (same payload as real CI),Energy-Charts / ENTSO-E generation mix + Macknick 2012 (NREL),https://api.energy-charts.info/public_power?country=de
DE-MUC,30,2022-08-02T06:00:00Z,2022-08-02T06:00:00Z,1.495377,base,54324.2,1.0,0.0,False,,Energy-Charts/ENTSO-E measured fuel mix x Macknick 2012 consumption factors (same payload as real CI),Energy-Charts / ENTSO-E generation mix + Macknick 2012 (NREL),https://api.energy-charts.info/public_power?country=de
DE-MUC,31,2022-08-02T07:00:00Z,2022-08-02T07:00:00Z,1.303133,base,61196.7,1.0,0.0,False,,Energy-Charts/ENTSO-E measured fuel mix x Macknick 2012 consumption factors (same payload as real CI),Energy-Charts / ENTSO-E generation mix + Macknick 2012 (NREL),https://api.energy-charts.info/public_power?country=de
DE-MUC,32,2022-08-02T08:00:00Z,2022-08-02T08:00:00Z,1.134353,base,66334.7,1.0,0.0,False,,Energy-Charts/ENTSO-E measured fuel mix x Macknick 2012 consumption factors (same payload as real CI),Energy-Charts / ENTSO-E generation mix + Macknick 2012 (NREL),https://api.energy-charts.info/public_power?country=de
DE-MUC,33,2022-08-02T09:00:00Z,2022-08-02T09:00:00Z,1.015432,base,69161.1,1.0,0.0,False,,Energy-Charts/ENTSO-E measured fuel mix x Macknick 2012 consumption factors (same payload as real CI),Energy-Charts / ENTSO-E generation mix + Macknick 2012 (NREL),https://api.energy-charts.info/public_power?country=de
DE-MUC,34,2022-08-02T10:00:00Z,2022-08-02T10:00:00Z,0.983579,base,71098.2,1.0,0.0,False,,Energy-Charts/ENTSO-E measured fuel mix x Macknick 2012 consumption factors (same payload as real CI),Energy-Charts / ENTSO-E generation mix + Macknick 2012 (NREL),https://api.energy-charts.info/public_power?country=de
DE-MUC,35,2022-08-02T11:00:00Z,2022-08-02T11:00:00Z,0.966231,base,72068.6,1.0,0.0,False,,Energy-Charts/ENTSO-E measured fuel mix x Macknick 2012 consumption factors (same payload as real CI),Energy-Charts / ENTSO-E generation mix + Macknick 2012 (NREL),https://api.energy-charts.info/public_power?country=de
DE-MUC,36,2022-08-02T12:00:00Z,2022-08-02T12:00:00Z,0.963412,base,70941.8,1.0,0.0,False,,Energy-Charts/ENTSO-E measured fuel mix x Macknick 2012 consumption factors (same payload as real CI),Energy-Charts / ENTSO-E generation mix + Macknick 2012 (NREL),https://api.energy-charts.info/public_power?country=de
DE-MUC,37,2022-08-02T13:00:00Z,2022-08-02T13:00:00Z,1.017275,base,68343.1,1.0,0.0,False,,Energy-Charts/ENTSO-E measured fuel mix x Macknick 2012 consumption factors (same payload as real CI),Energy-Charts / ENTSO-E generation mix + Macknick 2012 (NREL),https://api.energy-charts.info/public_power?country=de
DE-MUC,38,2022-08-02T14:00:00Z,2022-08-02T14:00:00Z,1.147813,base,64361.2,1.0,0.0,False,,Energy-Charts/ENTSO-E measured fuel mix x Macknick 2012 consumption factors (same payload as real CI),Energy-Charts / ENTSO-E generation mix + Macknick 2012 (NREL),https://api.energy-charts.info/public_power?country=de
DE-MUC,39,2022-08-02T15:00:00Z,2022-08-02T15:00:00Z,1.312957,base,59140.3,1.0,0.0,False,,Energy-Charts/ENTSO-E measured fuel mix x Macknick 2012 consumption factors (same payload as real CI),Energy-Charts / ENTSO-E generation mix + Macknick 2012 (NREL),https://api.energy-charts.info/public_power?country=de
DE-MUC,40,2022-08-02T16:00:00Z,2022-08-02T16:00:00Z,1.465629,base,54092.5,1.0,0.0,False,,Energy-Charts/ENTSO-E measured fuel mix x Macknick 2012 consumption factors (same payload as real CI),Energy-Charts / ENTSO-E generation mix + Macknick 2012 (NREL),https://api.energy-charts.info/public_power?country=de
DE-MUC,41,2022-08-02T17:00:00Z,2022-08-02T17:00:00Z,1.541975,base,52032.4,1.0,0.0,False,,Energy-Charts/ENTSO-E measured fuel mix x Macknick 2012 consumption factors (same payload as real CI),Energy-Charts / ENTSO-E generation mix + Macknick 2012 (NREL),https://api.energy-charts.info/public_power?country=de
DE-MUC,42,2022-08-02T18:00:00Z,2022-08-02T18:00:00Z,1.634389,base,49849.5,1.0,0.0,False,,Energy-Charts/ENTSO-E measured fuel mix x Macknick 2012 consumption factors (same payload as real CI),Energy-Charts / ENTSO-E generation mix + Macknick 2012 (NREL),https://api.energy-charts.info/public_power?country=de
DE-MUC,43,2022-08-02T19:00:00Z,2022-08-02T19:00:00Z,1.686872,base,48176.1,1.0,0.0,False,,Energy-Charts/ENTSO-E measured fuel mix x Macknick 2012 consumption factors (same payload as real CI),Energy-Charts / ENTSO-E generation mix + Macknick 2012 (NREL),https://api.energy-charts.info/public_power?country=de
DE-MUC,44,2022-08-02T20:00:00Z,2022-08-02T20:00:00Z,1.735966,base,46344.6,1.0,0.0,False,,Energy-Charts/ENTSO-E measured fuel mix x Macknick 2012 consumption factors (same payload as real CI),Energy-Charts / ENTSO-E generation mix + Macknick 2012 (NREL),https://api.energy-charts.info/public_power?country=de
DE-MUC,45,2022-08-02T21:00:00Z,2022-08-02T21:00:00Z,1.804105,base,43740.4,1.0,0.0,False,,Energy-Charts/ENTSO-E measured fuel mix x Macknick 2012 consumption factors (same payload as real CI),Energy-Charts / ENTSO-E generation mix + Macknick 2012 (NREL),https://api.energy-charts.info/public_power?country=de
DE-MUC,46,2022-08-02T22:00:00Z,2022-08-02T22:00:00Z,1.873676,base,41233.7,1.0,0.0,False,,Energy-Charts/ENTSO-E measured fuel mix x Macknick 2012 consumption factors (same payload as real CI),Energy-Charts / ENTSO-E generation mix + Macknick 2012 (NREL),https://api.energy-charts.info/public_power?country=de
DE-MUC,47,2022-08-02T23:00:00Z,2022-08-02T23:00:00Z,1.873607,base,40628.1,1.0,0.0,False,,Energy-Charts/ENTSO-E measured fuel mix x Macknick 2012 consumption factors (same payload as real CI),Energy-Charts / ENTSO-E generation mix + Macknick 2012 (NREL),https://api.energy-charts.info/public_power?country=de
