region,slot_index,utc_timestamp,residual_load_mw,signal_model,source_dataset
DE,0,2022-08-01T00:00:00Z,27528.075,energy_charts_residual_load_minus_wind_solar (real 2022; Load−WindOnshore−WindOffshore−Solar; 15min→1h resample),Energy-Charts / ENTSO-E de 2022-08-01 via https://api.energy-charts.info/public_power?country=de&start=2022-08-01&end=2022-08-03
DE,1,2022-08-01T01:00:00Z,28013.475,energy_charts_residual_load_minus_wind_solar (real 2022; Load−WindOnshore−WindOffshore−Solar; 15min→1h resample),Energy-Charts / ENTSO-E de 2022-08-01 via https://api.energy-charts.info/public_power?country=de&start=2022-08-01&end=2022-08-03
DE,2,2022-08-01T02:00:00Z,29595.15,energy_charts_residual_load_minus_wind_solar (real 2022; Load−WindOnshore−WindOffshore−Solar; 15min→1h resample),Energy-Charts / ENTSO-E de 2022-08-01 via https://api.energy-charts.info/public_power?country=de&start=2022-08-01&end=2022-08-03
DE,3,2022-08-01T03:00:00Z,33352.5,energy_charts_residual_load_minus_wind_solar (real 2022; Load−WindOnshore−WindOffshore−Solar; 15min→1h resample),Energy-Charts / ENTSO-E de 2022-08-01 via https://api.energy-charts.info/public_power?country=de&start=2022-08-01&end=2022-08-03
DE,4,2022-08-01T04:00:00Z,38855.025,energy_charts_residual_load_minus_wind_solar (real 2022; Load−WindOnshore−WindOffshore−Solar; 15min→1h resample),Energy-Charts / ENTSO-E de 2022-08-01 via https://api.energy-charts.info/public_power?country=de&start=2022-08-01&end=2022-08-03
DE,5,2022-08-01T05:00:00Z,42279.4,energy_charts_residual_load_minus_wind_solar (real 2022; Load−WindOnshore−WindOffshore−Solar; 15min→1h resample),Energy-Charts / ENTSO-E de 2022-08-01 via https://api.energy-charts.info/public_power?country=de&start=2022-08-01&end=2022-08-03
DE,6,2022-08-01T06:00:00Z,41456.325,energy_charts_residual_load_minus_wind_solar (real 2022; Load−WindOnshore−WindOffshore−Solar; 15min→1h resample),Energy-Charts / ENTSO-E de 2022-08-01 via https://api.energy-charts.info/public_power?country=de&start=2022-08-01&end=2022-08-03
DE,7,2022-08-01T07:00:00Z,38040.525,energy_charts_residual_load_minus_wind_solar (real 2022; Load−WindOnshore−WindOffshore−Solar; 15min→1h resample),Energy-Charts / ENTSO-E de 2022-08-01 via https://api.energy-charts.info/public_power?country=de&start=2022-08-01&end=2022-08-03
DE,8,2022-08-01T08:00:00Z,35455.8,energy_charts_residual_load_minus_wind_solar (real 2022; Load−WindOnshore−WindOffshore−Solar; 15min→1h resample),Energy-Charts / ENTSO-E de 2022-08-01 via https://api.energy-charts.info/public_power?country=de&start=2022-08-01&end=2022-08-03
DE,9,2022-08-01T09:00:00Z,33785.95,energy_charts_residual_load_minus_wind_solar (real 2022; Load−WindOnshore−WindOffshore−Solar; 15min→1h resample),Energy-Charts / ENTSO-E de 2022-08-01 via https://api.energy-charts.info/public_power?country=de&start=2022-08-01&end=2022-08-03
DE,10,2022-08-01T10:00:00Z,31596.825,energy_charts_residual_load_minus_wind_solar (real 2022; Load−WindOnshore−WindOffshore−Solar; 15min→1h resample),Energy-Charts / ENTSO-E de 2022-08-01 via https://api.energy-charts.info/public_power?country=de&start=2022-08-01&end=2022-08-03
DE,11,2022-08-01T11:00:00Z,30341.875,energy_charts_residual_load_minus_wind_solar (real 2022; Load−WindOnshore−WindOffshore−Solar; 15min→1h resample),Energy-Charts / ENTSO-E de 2022-08-01 via https://api.energy-charts.info/public_power?country=de&start=2022-08-01&end=2022-08-03
DE,12,2022-08-01T12:00:00Z,29894.0,energy_charts_residual_load_minus_wind_solar (real 2022; Load−WindOnshore−WindOffshore−Solar; 15min→1h resample),Energy-Charts / ENTSO-E de 2022-08-01 via https://api.energy-charts.info/public_power?country=de&start=2022-08-01&end=2022-08-03
DE,13,2022-08-01T13:00:00Z,30601.8,energy_charts_residual_load_minus_wind_solar (real 2022; Load−WindOnshore−WindOffshore−Solar; 15min→1h resample),Energy-Charts / ENTSO-E de 2022-08-01 via https://api.energy-charts.info/public_power?country=de&start=2022-08-01&end=2022-08-03
DE,14,2022-08-01T14:00:00Z,32777.625,energy_charts_residual_load_minus_wind_solar (real 2022; Load−WindOnshore−WindOffshore−Solar; 15min→1h resample),Energy-Charts / ENTSO-E de 2022-08-01 via https://api.energy-charts.info/public_power?country=de&start=2022-08-01&end=2022-08-03
DE,15,2022-08-01T15:00:00Z,38152.95,energy_charts_residual_load_minus_wind_solar (real 2022; Load−WindOnshore−WindOffshore−Solar; 15min→1h resample),Energy-Charts / ENTSO-E de 2022-08-01 via https://api.energy-charts.info/public_power?country=de&start=2022-08-01&end=2022-08-03
DE,16,2022-08-01T16:00:00Z,43454.85,energy_charts_residual_load_minus_wind_solar (real 2022; Load−WindOnshore−WindOffshore−Solar; 15min→1h resample),Energy-Charts / ENTSO-E de 2022-08-01 via https://api.energy-charts.info/public_power?country=de&start=2022-08-01&end=2022-08-03
DE,17,2022-08-01T17:00:00Z,47889.775,energy_charts_residual_load_minus_wind_solar (real 2022; Load−WindOnshore−WindOffshore−Solar; 15min→1h resample),Energy-Charts / ENTSO-E de 2022-08-01 via https://api.energy-charts.info/public_power?country=de&start=2022-08-01&end=2022-08-03
DE,18,2022-08-01T18:00:00Z,49688.275,energy_charts_residual_load_minus_wind_solar (real 2022; Load−WindOnshore−WindOffshore−Solar; 15min→1h resample),Energy-Charts / ENTSO-E de 2022-08-01 via https://api.energy-charts.info/public_power?country=de&start=2022-08-01&end=2022-08-03
DE,19,2022-08-01T19:00:00Z,48923.225,energy_charts_residual_load_minus_wind_solar (real 2022; Load−WindOnshore−WindOffshore−Solar; 15min→1h resample),Energy-Charts / ENTSO-E de 2022-08-01 via https://api.energy-charts.info/public_power?country=de&start=2022-08-01&end=2022-08-03
DE,20,2022-08-01T20:00:00Z,46189.775,energy_charts_residual_load_minus_wind_solar (real 2022; Load−WindOnshore−WindOffshore−Solar; 15min→1h resample),Energy-Charts / ENTSO-E de 2022-08-01 via https://api.energy-charts.info/public_power?country=de&start=2022-08-01&end=2022-08-03
DE,21,2022-08-01T21:00:00Z,43051.15,energy_charts_residual_load_minus_wind_solar (real 2022; Load−WindOnshore−WindOffshore−Solar; 15min→1h resample),Energy-Charts / ENTSO-E de 2022-08-01 via https://api.energy-charts.info/public_power?country=de&start=2022-08-01&end=2022-08-03
DE,22,2022-08-01T22:00:00Z,40867.375,energy_charts_residual_load_minus_wind_solar (real 2022; Load−WindOnshore−WindOffshore−Solar; 15min→1h resample),Energy-Charts / ENTSO-E de 2022-08-01 via https://api.energy-charts.info/public_power?country=de&start=2022-08-01&end=2022-08-03
DE,23,2022-08-01T23:00:00Z,39687.1,energy_charts_residual_load_minus_wind_solar (real 2022; Load−WindOnshore−WindOffshore−Solar; 15min→1h resample),Energy-Charts / ENTSO-E de 2022-08-01 via https://api.energy-charts.info/public_power?country=de&start=2022-08-01&end=2022-08-03
DE,24,2022-08-02T00:00:00Z,39004.55,energy_charts_residual_load_minus_wind_solar (real 2022; Load−WindOnshore−WindOffshore−Solar; 15min→1h resample),Energy-Charts / ENTSO-E de 2022-08-01 via https://api.energy-charts.info/public_power?country=de&start=2022-08-01&end=2022-08-03
DE,25,2022-08-02T01:00:00Z,38773.975,energy_charts_residual_load_minus_wind_solar (real 2022; Load−WindOnshore−WindOffshore−Solar; 15min→1h resample),Energy-Charts / ENTSO-E de 2022-08-01 via https://api.energy-charts.info/public_power?country=de&start=2022-08-01&end=2022-08-03
DE,26,2022-08-02T02:00:00Z,39172.775,energy_charts_residual_load_minus_wind_solar (real 2022; Load−WindOnshore−WindOffshore−Solar; 15min→1h resample),Energy-Charts / ENTSO-E de 2022-08-01 via https://api.energy-charts.info/public_power?country=de&start=2022-08-01&end=2022-08-03
DE,27,2022-08-02T03:00:00Z,41071.85,energy_charts_residual_load_minus_wind_solar (real 2022; Load−WindOnshore−WindOffshore−Solar; 15min→1h resample),Energy-Charts / ENTSO-E de 2022-08-01 via https://api.energy-charts.info/public_power?country=de&start=2022-08-01&end=2022-08-03
DE,28,2022-08-02T04:00:00Z,44411.45,energy_charts_residual_load_minus_wind_solar (real 2022; Load−WindOnshore−WindOffshore−Solar; 15min→1h resample),Energy-Charts / ENTSO-E de 2022-08-01 via https://api.energy-charts.info/public_power?country=de&start=2022-08-01&end=2022-08-03
DE,29,2022-08-02T05:00:00Z,44159.6,energy_charts_residual_load_minus_wind_solar (real 2022; Load−WindOnshore−WindOffshore−Solar; 15min→1h resample),Energy-Charts / ENTSO-E de 2022-08-01 via https://api.energy-charts.info/public_power?country=de&start=2022-08-01&end=2022-08-03
DE,30,2022-08-02T06:00:00Z,41043.425,energy_charts_residual_load_minus_wind_solar (real 2022; Load−WindOnshore−WindOffshore−Solar; 15min→1h resample),Energy-Charts / ENTSO-E de 2022-08-01 via https://api.energy-charts.info/public_power?country=de&start=2022-08-01&end=2022-08-03
DE,31,2022-08-02T07:00:00Z,34726.525,energy_charts_residual_load_minus_wind_solar (real 2022; Load−WindOnshore−WindOffshore−Solar; 15min→1h resample),Energy-Charts / ENTSO-E de 2022-08-01 via https://api.energy-charts.info/public_power?country=de&start=2022-08-01&end=2022-08-03
DE,32,2022-08-02T08:00:00Z,28715.7,energy_charts_residual_load_minus_wind_solar (real 2022; Load−WindOnshore−WindOffshore−Solar; 15min→1h resample),Energy-Charts / ENTSO-E de 2022-08-01 via https://api.energy-charts.info/public_power?country=de&start=2022-08-01&end=2022-08-03
DE,33,2022-08-02T09:00:00Z,24731.15,energy_charts_residual_load_minus_wind_solar (real 2022; Load−WindOnshore−WindOffshore−Solar; 15min→1h resample),Energy-Charts / ENTSO-E de 2022-08-01 via https://api.energy-charts.info/public_power?country=de&start=2022-08-01&end=2022-08-03
DE,34,2022-08-02T10:00:00Z,22171.475,energy_charts_residual_load_minus_wind_solar (real 2022; Load−WindOnshore−WindOffshore−Solar; 15min→1h resample),Energy-Charts / ENTSO-E de 2022-08-01 via https://api.energy-charts.info/public_power?country=de&start=2022-08-01&end=2022-08-03
DE,35,2022-08-02T11:00:00Z,20228.95,energy_charts_residual_load_minus_wind_solar (real 2022; Load−WindOnshore−WindOffshore−Solar; 15min→1h resample),Energy-Charts / ENTSO-E de 2022-08-01 via https://api.energy-charts.info/public_power?country=de&start=2022-08-01&end=2022-08-03
DE,36,2022-08-02T12:00:00Z,20020.7,energy_charts_residual_load_minus_wind_solar (real 2022; Load−WindOnshore−WindOffshore−Solar; 15min→1h resample),Energy-Charts / ENTSO-E de 2022-08-01 via https://api.energy-charts.info/public_power?country=de&start=2022-08-01&end=2022-08-03
DE,37,2022-08-02T13:00:00Z,22059.625,energy_charts_residual_load_minus_wind_solar (real 2022; Load−WindOnshore−WindOffshore−Solar; 15min→1h resample),Energy-Charts / ENTSO-E de 2022-08-01 via https://api.energy-charts.info/public_power?country=de&start=2022-08-01&end=2022-08-03
DE,38,2022-08-02T14:00:00Z,26674.3,energy_charts_residual_load_minus_wind_solar (real 2022; Load−WindOnshore−WindOffshore−Solar; 15min→1h resample),Energy-Charts / ENTSO-E de 2022-08-01 via https://api.energy-charts.info/public_power?country=de&start=2022-08-01&end=2022-08-03
DE,39,2022-08-02T15:00:00Z,33245.45,energy_charts_residual_load_minus_wind_solar (real 2022; Load−WindOnshore−WindOffshore−Solar; 15min→1h resample),Energy-Charts / ENTSO-E de 2022-08-01 via https://api.energy-charts.info/public_power?country=de&start=2022-08-01&end=2022-08-03
DE,40,2022-08-02T16:00:00Z,40182.7,energy_charts_residual_load_minus_wind_solar (real 2022; Load−WindOnshore−WindOffshore−Solar; 15min→1h resample),Energy-Charts / ENTSO-E de 2022-08-01 via https://api.energy-charts.info/public_power?country=de&start=2022-08-01&end=2022-08-03
DE,41,2022-08-02T17:00:00Z,45483.175,energy_charts_residual_load_minus_wind_solar (real 2022; Load−WindOnshore−WindOffshore−Solar; 15min→1h resample),Energy-Charts / ENTSO-E de 2022-08-01 via https://api.energy-charts.info/public_power?country=de&start=2022-08-01&end=2022-08-03
DE,42,2022-08-02T18:00:00Z,47525.9,energy_charts_residual_load_minus_wind_solar (real 2022; Load−WindOnshore−WindOffshore−Solar; 15min→1h resample),Energy-Charts / ENTSO-E de 2022-08-01 via https://api.energy-charts.info/public_power?country=de&start=2022-08-01&end=2022-08-03
DE,43,2022-08-02T19:00:00Z,47112.15,energy_charts_residual_load_minus_wind_solar (real 2022; Load−WindOnshore−WindOffshore−Solar; 15min→1h resample),Energy-Charts / ENTSO-E de 2022-08-01 via https://api.energy-charts.info/public_power?country=de&start=2022-08-01&end=2022-08-03
DE,44,2022-08-02T20:00:00Z,44556.275,energy_charts_residual_load_minus_wind_solar (real 2022; Load−WindOnshore−WindOffshore−Solar; 15min→1h resample),Energy-Charts / ENTSO-E de 2022-08-01 via https://api.energy-charts.info/public_power?country=de&start=2022-08-01&end=2022-08-03
DE,45,2022-08-02T21:00:00Z,41004.05,energy_charts_residual_load_minus_wind_solar (real 2022; Load−WindOnshore−WindOffshore−Solar; 15min→1h resample),Energy-Charts / ENTSO-E de 2022-08-01 via https://api.energy-charts.info/public_power?country=de&start=2022-08-01&end=2022-08-03
DE,46,2022-08-02T22:00:00Z,38267.65,energy_charts_residual_load_minus_wind_solar (real 2022; Load−WindOnshore−WindOffshore−Solar; 15min→1h resample),Energy-Charts / ENTSO-E de 2022-08-01 via https://api.energy-charts.info/public_power?country=de&start=2022-08-01&end=2022-08-03
DE,47,2022-08-02T23:00:00Z,36107.1,energy_charts_residual_load_minus_wind_solar (real 2022; Load−WindOnshore−WindOffshore−Solar; 15min→1h resample),Energy-Charts / ENTSO-E de 2022-08-01 via https://api.energy-charts.info/public_power?country=de&start=2022-08-01&end=2022-08-03
FR,0,2022-08-01T00:00:00Z,33753.0,energy_charts_residual_load_minus_wind_solar (real 2022; Load−WindOnshore−WindOffshore−Solar; 60min→1h resample) [absent treated as 0 MW: ['Wind offshore']],Energy-Charts / ENTSO-E fr 2022-08-01 via https://api.energy-charts.info/public_power?country=fr&start=2022-08-01&end=2022-08-03
FR,1,2022-08-01T01:00:00Z,32502.0,energy_charts_residual_load_minus_wind_solar (real 2022; Load−WindOnshore−WindOffshore−Solar; 60min→1h resample) [absent treated as 0 MW: ['Wind offshore']],Energy-Charts / ENTSO-E fr 2022-08-01 via https://api.energy-charts.info/public_power?country=fr&start=2022-08-01&end=2022-08-03
FR,2,2022-08-01T02:00:00Z,32319.0,energy_charts_residual_load_minus_wind_solar (real 2022; Load−WindOnshore−WindOffshore−Solar; 60min→1h resample) [absent treated as 0 MW: ['Wind offshore']],Energy-Charts / ENTSO-E fr 2022-08-01 via https://api.energy-charts.info/public_power?country=fr&start=2022-08-01&end=2022-08-03
FR,3,2022-08-01T03:00:00Z,33736.0,energy_charts_residual_load_minus_wind_solar (real 2022; Load−WindOnshore−WindOffshore−Solar; 60min→1h resample) [absent treated as 0 MW: ['Wind offshore']],Energy-Charts / ENTSO-E fr 2022-08-01 via https://api.energy-charts.info/public_power?country=fr&start=2022-08-01&end=2022-08-03
FR,4,2022-08-01T04:00:00Z,35868.0,energy_charts_residual_load_minus_wind_solar (real 2022; Load−WindOnshore−WindOffshore−Solar; 60min→1h resample) [absent treated as 0 MW: ['Wind offshore']],Energy-Charts / ENTSO-E fr 2022-08-01 via https://api.energy-charts.info/public_power?country=fr&start=2022-08-01&end=2022-08-03
FR,5,2022-08-01T05:00:00Z,38168.0,energy_charts_residual_load_minus_wind_solar (real 2022; Load−WindOnshore−WindOffshore−Solar; 60min→1h resample) [absent treated as 0 MW: ['Wind offshore']],Energy-Charts / ENTSO-E fr 2022-08-01 via https://api.energy-charts.info/public_power?country=fr&start=2022-08-01&end=2022-08-03
FR,6,2022-08-01T06:00:00Z,40081.0,energy_charts_residual_load_minus_wind_solar (real 2022; Load−WindOnshore−WindOffshore−Solar; 60min→1h resample) [absent treated as 0 MW: ['Wind offshore']],Energy-Charts / ENTSO-E fr 2022-08-01 via https://api.energy-charts.info/public_power?country=fr&start=2022-08-01&end=2022-08-03
FR,7,2022-08-01T07:00:00Z,40373.0,energy_charts_residual_load_minus_wind_solar (real 2022; Load−WindOnshore−WindOffshore−Solar; 60min→1h resample) [absent treated as 0 MW: ['Wind offshore']],Energy-Charts / ENTSO-E fr 2022-08-01 via https://api.energy-charts.info/public_power?country=fr&start=2022-08-01&end=2022-08-03
FR,8,2022-08-01T08:00:00Z,39684.0,energy_charts_residual_load_minus_wind_solar (real 2022; Load−WindOnshore−WindOffshore−Solar; 60min→1h resample) [absent treated as 0 MW: ['Wind offshore']],Energy-Charts / ENTSO-E fr 2022-08-01 via https://api.energy-charts.info/public_power?country=fr&start=2022-08-01&end=2022-08-03
FR,9,2022-08-01T09:00:00Z,39504.0,energy_charts_residual_load_minus_wind_solar (real 2022; Load−WindOnshore−WindOffshore−Solar; 60min→1h resample) [absent treated as 0 MW: ['Wind offshore']],Energy-Charts / ENTSO-E fr 2022-08-01 via https://api.energy-charts.info/public_power?country=fr&start=2022-08-01&end=2022-08-03
FR,10,2022-08-01T10:00:00Z,40318.0,energy_charts_residual_load_minus_wind_solar (real 2022; Load−WindOnshore−WindOffshore−Solar; 60min→1h resample) [absent treated as 0 MW: ['Wind offshore']],Energy-Charts / ENTSO-E fr 2022-08-01 via https://api.energy-charts.info/public_power?country=fr&start=2022-08-01&end=2022-08-03
FR,11,2022-08-01T11:00:00Z,39282.0,energy_charts_residual_load_minus_wind_solar (real 2022; Load−WindOnshore−WindOffshore−Solar; 60min→1h resample) [absent treated as 0 MW: ['Wind offshore']],Energy-Charts / ENTSO-E fr 2022-08-01 via https://api.energy-charts.info/public_power?country=fr&start=2022-08-01&end=2022-08-03
FR,12,2022-08-01T12:00:00Z,38565.0,energy_charts_residual_load_minus_wind_solar (real 2022; Load−WindOnshore−WindOffshore−Solar; 60min→1h resample) [absent treated as 0 MW: ['Wind offshore']],Energy-Charts / ENTSO-E fr 2022-08-01 via https://api.energy-charts.info/public_power?country=fr&start=2022-08-01&end=2022-08-03
FR,13,2022-08-01T13:00:00Z,38070.0,energy_charts_residual_load_minus_wind_solar (real 2022; Load−WindOnshore−WindOffshore−Solar; 60min→1h resample) [absent treated as 0 MW: ['Wind offshore']],Energy-Charts / ENTSO-E fr 2022-08-01 via https://api.energy-charts.info/public_power?country=fr&start=2022-08-01&end=2022-08-03
FR,14,2022-08-01T14:00:00Z,37990.0,energy_charts_residual_load_minus_wind_solar (real 2022; Load−WindOnshore−WindOffshore−Solar; 60min→1h resample) [absent treated as 0 MW: ['Wind offshore']],Energy-Charts / ENTSO-E fr 2022-08-01 via https://api.energy-charts.info/public_power?country=fr&start=2022-08-01&end=2022-08-03
FR,15,2022-08-01T15:00:00Z,38939.0,energy_charts_residual_load_minus_wind_solar (real 2022; Load−WindOnshore−WindOffshore−Solar; 60min→1h resample) [absent treated as 0 MW: ['Wind offshore']],Energy-Charts / ENTSO-E fr 2022-08-01 via https://api.energy-charts.info/public_power?country=fr&start=2022-08-01&end=2022-08-03
FR,16,2022-08-01T16:00:00Z,41849.0,energy_charts_residual_load_minus_wind_solar (real 2022; Load−WindOnshore−WindOffshore−Solar; 60min→1h resample) [absent treated as 0 MW: ['Wind offshore']],Energy-Charts / ENTSO-E fr 2022-08-01 via https://api.energy-charts.info/public_power?country=fr&start=2022-08-01&end=2022-08-03
FR,17,2022-08-01T17:00:00Z,44542.0,energy_charts_residual_load_minus_wind_solar (real 2022; Load−WindOnshore−WindOffshore−Solar; 60min→1h resample) [absent treated as 0 MW: ['Wind offshore']],Energy-Charts / ENTSO-E fr 2022-08-01 via https://api.energy-charts.info/public_power?country=fr&start=2022-08-01&end=2022-08-03
FR,18,2022-08-01T18:00:00Z,44266.0,energy_charts_residual_load_minus_wind_solar (real 2022; Load−WindOnshore−WindOffshore−Solar; 60min→1h resample) [absent treated as 0 MW: ['Wind offshore']],Energy-Charts / ENTSO-E fr 2022-08-01 via https://api.energy-charts.info/public_power?country=fr&start=2022-08-01&end=2022-08-03
FR,19,2022-08-01T19:00:00Z,43599.0,energy_charts_residual_load_minus_wind_solar (real 2022; Load−WindOnshore−WindOffshore−Solar; 60min→1h resample) [absent treated as 0 MW: ['Wind offshore']],Energy-Charts / ENTSO-E fr 2022-08-01 via https://api.energy-charts.info/public_power?country=fr&start=2022-08-01&end=2022-08-03
FR,20,2022-08-01T20:00:00Z,44786.0,energy_charts_residual_load_minus_wind_solar (real 2022; Load−WindOnshore−WindOffshore−Solar; 60min→1h resample) [absent treated as 0 MW: ['Wind offshore']],Energy-Charts / ENTSO-E fr 2022-08-01 via https://api.energy-charts.info/public_power?country=fr&start=2022-08-01&end=2022-08-03
FR,21,2022-08-01T21:00:00Z,43920.0,energy_charts_residual_load_minus_wind_solar (real 2022; Load−WindOnshore−WindOffshore−Solar; 60min→1h resample) [absent treated as 0 MW: ['Wind offshore']],Energy-Charts / ENTSO-E fr 2022-08-01 via https://api.energy-charts.info/public_power?country=fr&start=2022-08-01&end=2022-08-03
FR,22,2022-08-01T22:00:00Z,40092.0,energy_charts_residual_load_minus_wind_solar (real 2022; Load−WindOnshore−WindOffshore−Solar; 60min→1h resample) [absent treated as 0 MW: ['Wind offshore']],Energy-Charts / ENTSO-E fr 2022-08-01 via https://api.energy-charts.info/public_power?country=fr&start=2022-08-01&end=2022-08-03
FR,23,2022-08-01T23:00:00Z,38034.0,energy_charts_residual_load_minus_wind_solar (real 2022; Load−WindOnshore−WindOffshore−Solar; 60min→1h resample) [absent treated as 0 MW: ['Wind offshore']],Energy-Charts / ENTSO-E fr 2022-08-01 via https://api.energy-charts.info/public_power?country=fr&start=2022-08-01&end=2022-08-03
FR,24,2022-08-02T00:00:00Z,36544.0,energy_charts_residual_load_minus_wind_solar (real 2022; Load−WindOnshore−WindOffshore−Solar; 60min→1h resample) [absent treated as 0 MW: ['Wind offshore']],Energy-Charts / ENTSO-E fr 2022-08-01 via https://api.energy-charts.info/public_power?country=fr&start=2022-08-01&end=2022-08-03
FR,25,2022-08-02T01:00:00Z,34553.0,energy_charts_residual_load_minus_wind_solar (real 2022; Load−WindOnshore−WindOffshore−Solar; 60min→1h resample) [absent treated as 0 MW: ['Wind offshore']],Energy-Charts / ENTSO-E fr 2022-08-01 via https://api.energy-charts.info/public_power?country=fr&start=2022-08-01&end=2022-08-03
FR,26,2022-08-02T02:00:00Z,33832.0,energy_charts_residual_load_minus_wind_solar (real 2022; Load−WindOnshore−WindOffshore−Solar; 60min→1h resample) [absent treated as 0 MW: ['Wind offshore']],Energy-Charts / ENTSO-E fr 2022-08-01 via https://api.energy-charts.info/public_power?country=fr&start=2022-08-01&end=2022-08-03
FR,27,2022-08-02T03:00:00Z,34880.0,energy_charts_residual_load_minus_wind_solar (real 2022; Load−WindOnshore−WindOffshore−Solar; 60min→1h resample) [absent treated as 0 MW: ['Wind offshore']],Energy-Charts / ENTSO-E fr 2022-08-01 via https://api.energy-charts.info/public_power?country=fr&start=2022-08-01&end=2022-08-03
FR,28,2022-08-02T04:00:00Z,36626.0,energy_charts_residual_load_minus_wind_solar (real 2022; Load−WindOnshore−WindOffshore−Solar; 60min→1h resample) [absent treated as 0 MW: ['Wind offshore']],Energy-Charts / ENTSO-E fr 2022-08-01 via https://api.energy-charts.info/public_power?country=fr&start=2022-08-01&end=2022-08-03
FR,29,2022-08-02T05:00:00Z,38783.0,energy_charts_residual_load_minus_wind_solar (real 2022; Load−WindOnshore−WindOffshore−Solar; 60min→1h resample) [absent treated as 0 MW: ['Wind offshore']],Energy-Charts / ENTSO-E fr 2022-08-01 via https://api.energy-charts.info/public_power?country=fr&start=2022-08-01&end=2022-08-03
FR,30,2022-08-02T06:00:00Z,40493.0,energy_charts_residual_load_minus_wind_solar (real 2022; Load−WindOnshore−WindOffshore−Solar; 60min→1h resample) [absent treated as 0 MW: ['Wind offshore']],Energy-Charts / ENTSO-E fr 2022-08-01 via https://api.energy-charts.info/public_power?country=fr&start=2022-08-01&end=2022-08-03
FR,31,2022-08-02T07:00:00Z,40238.0,energy_charts_residual_load_minus_wind_solar (real 2022; Load−WindOnshore−WindOffshore−Solar; 60min→1h resample) [absent treated as 0 MW: ['Wind offshore']],Energy-Charts / ENTSO-E fr 2022-08-01 via https://api.energy-charts.info/public_power?country=fr&start=2022-08-01&end=2022-08-03
FR,32,2022-08-02T08:00:00Z,39551.0,energy_charts_residual_load_minus_wind_solar (real 2022; Load−WindOnshore−WindOffshore−Solar; 60min→1h resample) [absent treated as 0 MW: ['Wind offshore']],Energy-Charts / ENTSO-E fr 2022-08-01 via https://api.energy-charts.info/public_power?country=fr&start=2022-08-01&end=2022-08-03
FR,33,2022-08-02T09:00:00Z,39446.0,energy_charts_residual_load_minus_wind_solar (real 2022; Load−WindOnshore−WindOffshore−Solar; 60min→1h resample) [absent treated as 0 MW: ['Wind offshore']],Energy-Charts / ENTSO-E fr 2022-08-01 via https://api.energy-charts.info/public_power?country=fr&start=2022-08-01&end=2022-08-03
FR,34,2022-08-02T10:00:00Z,40351.0,energy_charts_residual_load_minus_wind_solar (real 2022; Load−WindOnshore−WindOffshore−Solar; 60min→1h resample) [absent treated as 0 MW: ['Wind offshore']],Energy-Charts / ENTSO-E fr 2022-08-01 via https://api.energy-charts.info/public_power?country=fr&start=2022-08-01&end=2022-08-03
FR,35,2022-08-02T11:00:00Z,39544.0,energy_charts_residual_load_minus_wind_solar (real 2022; Load−WindOnshore−WindOffshore−Solar; 60min→1h resample) [absent treated as 0 MW: ['Wind offshore']],Energy-Charts / ENTSO-E fr 2022-08-01 via https://api.energy-charts.info/public_power?country=fr&start=2022-08-01&end=2022-08-03
FR,36,2022-08-02T12:00:00Z,39228.0,energy_charts_residual_load_minus_wind_solar (real 2022; Load−WindOnshore−WindOffshore−Solar; 60min→1h resample) [absent treated as 0 MW: ['Wind offshore']],Energy-Charts / ENTSO-E fr 2022-08-01 via https://api.energy-charts.info/public_power?country=fr&start=2022-08-01&end=2022-08-03
FR,37,2022-08-02T13:00:00Z,38934.0,energy_charts_residual_load_minus_wind_solar (real 2022; Load−WindOnshore−WindOffshore−Solar; 60min→1h resample) [absent treated as 0 MW: ['Wind offshore']],Energy-Charts / ENTSO-E fr 2022-08-01 via https://api.energy-charts.info/public_power?country=fr&start=2022-08-01&end=2022-08-03
FR,38,2022-08-02T14:00:00Z,39068.0,energy_charts_residual_load_minus_wind_solar (real 2022; Load−WindOnshore−WindOffshore−Solar; 60min→1h resample) [absent treated as 0 MW: ['Wind offshore']],Energy-Charts / ENTSO-E fr 2022-08-01 via https://api.energy-charts.info/public_power?country=fr&start=2022-08-01&end=2022-08-03
FR,39,2022-08-02T15:00:00Z,40386.0,energy_charts_residual_load_minus_wind_solar (real 2022; Load−WindOnshore−WindOffshore−Solar; 60min→1h resample) [absent treated as 0 MW: ['Wind offshore']],Energy-Charts / ENTSO-E fr 2022-08-01 via https://api.energy-charts.info/public_power?country=fr&start=2022-08-01&end=2022-08-03
FR,40,2022-08-02T16:00:00Z,43159.0,energy_charts_residual_load_minus_wind_solar (real 2022; Load−WindOnshore−WindOffshore−Solar; 60min→1h resample) [absent treated as 0 MW: ['Wind offshore']],Energy-Charts / ENTSO-E fr 2022-08-01 via https://api.energy-charts.info/public_power?country=fr&start=2022-08-01&end=2022-08-03
FR,41,2022-08-02T17:00:00Z,45747.0,energy_charts_residual_load_minus_wind_solar (real 2022; Load−WindOnshore−WindOffshore−Solar; 60min→1h resample) [absent treated as 0 MW: ['Wind offshore']],Energy-Charts / ENTSO-E fr 2022-08-01 via https://api.energy-charts.info/public_power?country=fr&start=2022-08-01&end=2022-08-03
FR,42,2022-08-02T18:00:00Z,45634.0,energy_charts_residual_load_minus_wind_solar (real 2022; Load−WindOnshore−WindOffshore−Solar; 60min→1h resample) [absent treated as 0 MW: ['Wind offshore']],Energy-Charts / ENTSO-E fr 2022-08-01 via https://api.energy-charts.info/public_power?country=fr&start=2022-08-01&end=2022-08-03
FR,43,2022-08-02T19:00:00Z,44791.0,energy_charts_residual_load_minus_wind_solar (real 2022; Load−WindOnshore−WindOffshore−Solar; 60min→1h resample) [absent treated as 0 MW: ['Wind offshore']],Energy-Charts / ENTSO-E fr 2022-08-01 via https://api.energy-charts.info/public_power?country=fr&start=2022-08-01&end=2022-08-03
FR,44,2022-08-02T20:00:00Z,45794.0,energy_charts_residual_load_minus_wind_solar (real 2022; Load−WindOnshore−WindOffshore−Solar; 60min→1h resample) [absent treated as 0 MW: ['Wind offshore']],Energy-Charts / ENTSO-E fr 2022-08-01 via https://api.energy-charts.info/public_power?country=fr&start=2022-08-01&end=2022-08-03
FR,45,2022-08-02T21:00:00Z,44765.0,energy_charts_residual_load_minus_wind_solar (real 2022; Load−WindOnshore−WindOffshore−Solar; 60min→1h resample) [absent treated as 0 MW: ['Wind offshore']],Energy-Charts / ENTSO-E fr 2022-08-01 via https://api.energy-charts.info/public_power?country=fr&start=2022-08-01&end=2022-08-03
FR,46,2022-08-02T22:00:00Z,40836.0,energy_charts_residual_load_minus_wind_solar (real 2022; Load−WindOnshore−WindOffshore−Solar; 60min→1h resample) [absent treated as 0 MW: ['Wind offshore']],Energy-Charts / ENTSO-E fr 2022-08-01 via https://api.energy-charts.info/public_power?country=fr&start=2022-08-01&end=2022-08-03
FR,47,2022-08-02T23:00:00Z,38748.0,energy_charts_residual_load_minus_wind_solar (real 2022; Load−WindOnshore−WindOffshore−Solar; 60min→1h resample) [absent treated as 0 MW: ['Wind offshore']],Energy-Charts / ENTSO-E fr 2022-08-01 via https://api.energy-charts.info/public_power?country=fr&start=2022-08-01&end=2022-08-03
ES,0,2022-08-01T00:00:00Z,16268.0,energy_charts_residual_load_minus_wind_solar (real 2022; Load−WindOnshore−WindOffshore−Solar; 60min→1h resample) [absent treated as 0 MW: ['Wind offshore']],Energy-Charts / ENTSO-E es 2022-08-01 via https://api.energy-charts.info/public_power?country=es&start=2022-08-01&end=2022-08-03
ES,1,2022-08-01T01:00:00Z,16144.0,energy_charts_residual_load_minus_wind_solar (real 2022; Load−WindOnshore−WindOffshore−Solar; 60min→1h resample) [absent treated as 0 MW: ['Wind offshore']],Energy-Charts / ENTSO-E es 2022-08-01 via https://api.energy-charts.info/public_power?country=es&start=2022-08-01&end=2022-08-03
ES,2,2022-08-01T02:00:00Z,16284.0,energy_charts_residual_load_minus_wind_solar (real 2022; Load−WindOnshore−WindOffshore−Solar; 60min→1h resample) [absent treated as 0 MW: ['Wind offshore']],Energy-Charts / ENTSO-E es 2022-08-01 via https://api.energy-charts.info/public_power?country=es&start=2022-08-01&end=2022-08-03
ES,3,2022-08-01T03:00:00Z,17156.0,energy_charts_residual_load_minus_wind_solar (real 2022; Load−WindOnshore−WindOffshore−Solar; 60min→1h resample) [absent treated as 0 MW: ['Wind offshore']],Energy-Charts / ENTSO-E es 2022-08-01 via https://api.energy-charts.info/public_power?country=es&start=2022-08-01&end=2022-08-03
ES,4,2022-08-01T04:00:00Z,19016.0,energy_charts_residual_load_minus_wind_solar (real 2022; Load−WindOnshore−WindOffshore−Solar; 60min→1h resample) [absent treated as 0 MW: ['Wind offshore']],Energy-Charts / ENTSO-E es 2022-08-01 via https://api.energy-charts.info/public_power?country=es&start=2022-08-01&end=2022-08-03
ES,5,2022-08-01T05:00:00Z,21512.0,energy_charts_residual_load_minus_wind_solar (real 2022; Load−WindOnshore−WindOffshore−Solar; 60min→1h resample) [absent treated as 0 MW: ['Wind offshore']],Energy-Charts / ENTSO-E es 2022-08-01 via https://api.energy-charts.info/public_power?country=es&start=2022-08-01&end=2022-08-03
ES,6,2022-08-01T06:00:00Z,22808.0,energy_charts_residual_load_minus_wind_solar (real 2022; Load−WindOnshore−WindOffshore−Solar; 60min→1h resample) [absent treated as 0 MW: ['Wind offshore']],Energy-Charts / ENTSO-E es 2022-08-01 via https://api.energy-charts.info/public_power?country=es&start=2022-08-01&end=2022-08-03
ES,7,2022-08-01T07:00:00Z,22256.0,energy_charts_residual_load_minus_wind_solar (real 2022; Load−WindOnshore−WindOffshore−Solar; 60min→1h resample) [absent treated as 0 MW: ['Wind offshore']],Energy-Charts / ENTSO-E es 2022-08-01 via https://api.energy-charts.info/public_power?country=es&start=2022-08-01&end=2022-08-03
ES,8,2022-08-01T08:00:00Z,19712.0,energy_charts_residual_load_minus_wind_solar (real 2022; Load−WindOnshore−WindOffshore−Solar; 60min→1h resample) [absent treated as 0 MW: ['Wind offshore']],Energy-Charts / ENTSO-E es 2022-08-01 via https://api.energy-charts.info/public_power?country=es&start=2022-08-01&end=2022-08-03
ES,9,2022-08-01T09:00:00Z,19228.0,energy_charts_residual_load_minus_wind_solar (real 2022; Load−WindOnshore−WindOffshore−Solar; 60min→1h resample) [absent treated as 0 MW: ['Wind offshore']],Energy-Charts / ENTSO-E es 2022-08-01 via https://api.energy-charts.info/public_power?country=es&start=2022-08-01&end=2022-08-03
ES,10,2022-08-01T10:00:00Z,20132.0,energy_charts_residual_load_minus_wind_solar (real 2022; Load−WindOnshore−WindOffshore−Solar; 60min→1h resample) [absent treated as 0 MW: ['Wind offshore']],Energy-Charts / ENTSO-E es 2022-08-01 via https://api.energy-charts.info/public_power?country=es&start=2022-08-01&end=2022-08-03
ES,11,2022-08-01T11:00:00Z,20964.0,energy_charts_residual_load_minus_wind_solar (real 2022; Load−WindOnshore−WindOffshore−Solar; 60min→1h resample) [absent treated as 0 MW: ['Wind offshore']],Energy-Charts / ENTSO-E es 2022-08-01 via https://api.energy-charts.info/public_power?country=es&start=2022-08-01&end=2022-08-03
ES,12,2022-08-01T12:00:00Z,20624.0,energy_charts_residual_load_minus_wind_solar (real 2022; Load−WindOnshore−WindOffshore−Solar; 60min→1h resample) [absent treated as 0 MW: ['Wind offshore']],Energy-Charts / ENTSO-E es 2022-08-01 via https://api.energy-charts.info/public_power?country=es&start=2022-08-01&end=2022-08-03
ES,13,2022-08-01T13:00:00Z,20104.0,energy_charts_residual_load_minus_wind_solar (real 2022; Load−WindOnshore−WindOffshore−Solar; 60min→1h resample) [absent treated as 0 MW: ['Wind offshore']],Energy-Charts / ENTSO-E es 2022-08-01 via https://api.energy-charts.info/public_power?country=es&start=2022-08-01&end=2022-08-03
ES,14,2022-08-01T14:00:00Z,19652.0,energy_charts_residual_load_minus_wind_solar (real 2022; Load−WindOnshore−WindOffshore−Solar; 60min→1h resample) [absent treated as 0 MW: ['Wind offshore']],Energy-Charts / ENTSO-E es 2022-08-01 via https://api.energy-charts.info/public_power?country=es&start=2022-08-01&end=2022-08-03
ES,15,2022-08-01T15:00:00Z,19856.0,energy_charts_residual_load_minus_wind_solar (real 2022; Load−WindOnshore−WindOffshore−Solar; 60min→1h resample) [absent treated as 0 MW: ['Wind offshore']],Energy-Charts / ENTSO-E es 2022-08-01 via https://api.energy-charts.info/public_power?country=es&start=2022-08-01&end=2022-08-03
ES,16,2022-08-01T16:00:00Z,20560.0,energy_charts_residual_load_minus_wind_solar (real 2022; Load−WindOnshore−WindOffshore−Solar; 60min→1h resample) [absent treated as 0 MW: ['Wind offshore']],Energy-Charts / ENTSO-E es 2022-08-01 via https://api.energy-charts.info/public_power?country=es&start=2022-08-01&end=2022-08-03
ES,17,2022-08-01T17:00:00Z,20152.0,energy_charts_residual_load_minus_wind_solar (real 2022; Load−WindOnshore−WindOffshore−Solar; 60min→1h resample) [absent treated as 0 MW: ['Wind offshore']],Energy-Charts / ENTSO-E es 2022-08-01 via https://api.energy-charts.info/public_power?country=es&start=2022-08-01&end=2022-08-03
ES,18,2022-08-01T18:00:00Z,22596.0,energy_charts_residual_load_minus_wind_solar (real 2022; Load−WindOnshore−WindOffshore−Solar; 60min→1h resample) [absent treated as 0 MW: ['Wind offshore']],Energy-Charts / ENTSO-E es 2022-08-01 via https://api.energy-charts.info/public_power?country=es&start=2022-08-01&end=2022-08-03
ES,19,2022-08-01T19:00:00Z,26312.0,energy_charts_residual_load_minus_wind_solar (real 2022; Load−WindOnshore−WindOffshore−Solar; 60min→1h resample) [absent treated as 0 MW: ['Wind offshore']],Energy-Charts / ENTSO-E es 2022-08-01 via https://api.energy-charts.info/public_power?country=es&start=2022-08-01&end=2022-08-03
ES,20,2022-08-01T20:00:00Z,26564.0,energy_charts_residual_load_minus_wind_solar (real 2022; Load−WindOnshore−WindOffshore−Solar; 60min→1h resample) [absent treated as 0 MW: ['Wind offshore']],Energy-Charts / ENTSO-E es 2022-08-01 via https://api.energy-charts.info/public_power?country=es&start=2022-08-01&end=2022-08-03
ES,21,2022-08-01T21:00:00Z,23952.0,energy_charts_residual_load_minus_wind_solar (real 2022; Load−WindOnshore−WindOffshore−Solar; 60min→1h resample) [absent treated as 0 MW: ['Wind offshore']],Energy-Charts / ENTSO-E es 2022-08-01 via https://api.energy-charts.info/public_power?country=es&start=2022-08-01&end=2022-08-03
ES,22,2022-08-01T22:00:00Z,22216.0,energy_charts_residual_load_minus_wind_solar (real 2022; Load−WindOnshore−WindOffshore−Solar; 60min→1h resample) [absent treated as 0 MW: ['Wind offshore']],Energy-Charts / ENTSO-E es 2022-08-01 via https://api.energy-charts.info/public_power?country=es&start=2022-08-01&end=2022-08-03
ES,23,2022-08-01T23:00:00Z,20720.0,energy_charts_residual_load_minus_wind_solar (real 2022; Load−WindOnshore−WindOffshore−Solar; 60min→1h resample) [absent treated as 0 MW: ['Wind offshore']],Energy-Charts / ENTSO-E es 2022-08-01 via https://api.energy-charts.info/public_power?country=es&start=2022-08-01&end=2022-08-03
ES,24,2022-08-02T00:00:00Z,19284.0,energy_charts_residual_load_minus_wind_solar (real 2022; Load−WindOnshore−WindOffshore−Solar; 60min→1h resample) [absent treated as 0 MW: ['Wind offshore']],Energy-Charts / ENTSO-E es 2022-08-01 via https://api.energy-charts.info/public_power?country=es&start=2022-08-01&end=2022-08-03
ES,25,2022-08-02T01:00:00Z,19060.0,energy_charts_residual_load_minus_wind_solar (real 2022; Load−WindOnshore−WindOffshore−Solar; 60min→1h resample) [absent treated as 0 MW: ['Wind offshore']],Energy-Charts / ENTSO-E es 2022-08-01 via https://api.energy-charts.info/public_power?country=es&start=2022-08-01&end=2022-08-03
ES,26,2022-08-02T02:00:00Z,19304.0,energy_charts_residual_load_minus_wind_solar (real 2022; Load−WindOnshore−WindOffshore−Solar; 60min→1h resample) [absent treated as 0 MW: ['Wind offshore']],Energy-Charts / ENTSO-E es 2022-08-01 via https://api.energy-charts.info/public_power?country=es&start=2022-08-01&end=2022-08-03
ES,27,2022-08-02T03:00:00Z,20048.0,energy_charts_residual_load_minus_wind_solar (real 2022; Load−WindOnshore−WindOffshore−Solar; 60min→1h resample) [absent treated as 0 MW: ['Wind offshore']],Energy-Charts / ENTSO-E es 2022-08-01 via https://api.energy-charts.info/public_power?country=es&start=2022-08-01&end=2022-08-03
ES,28,2022-08-02T04:00:00Z,21744.0,energy_charts_residual_load_minus_wind_solar (real 2022; Load−WindOnshore−WindOffshore−Solar; 60min→1h resample) [absent treated as 0 MW: ['Wind offshore']],Energy-Charts / ENTSO-E es 2022-08-01 via https://api.energy-charts.info/public_power?country=es&start=2022-08-01&end=2022-08-03
ES,29,2022-08-02T05:00:00Z,23804.0,energy_charts_residual_load_minus_wind_solar (real 2022; Load−WindOnshore−WindOffshore−Solar; 60min→1h resample) [absent treated as 0 MW: ['Wind offshore']],Energy-Charts / ENTSO-E es 2022-08-01 via https://api.energy-charts.info/public_power?country=es&start=2022-08-01&end=2022-08-03
ES,30,2022-08-02T06:00:00Z,24512.0,energy_charts_residual_load_minus_wind_solar (real 2022; Load−WindOnshore−WindOffshore−Solar; 60min→1h resample) [absent treated as 0 MW: ['Wind offshore']],Energy-Charts / ENTSO-E es 2022-08-01 via https://api.energy-charts.info/public_power?country=es&start=2022-08-01&end=2022-08-03
ES,31,2022-08-02T07:00:00Z,23528.0,energy_charts_residual_load_minus_wind_solar (real 2022; Load−WindOnshore−WindOffshore−Solar; 60min→1h resample) [absent treated as 0 MW: ['Wind offshore']],Energy-Charts / ENTSO-E es 2022-08-01 via https://api.energy-charts.info/public_power?country=es&start=2022-08-01&end=2022-08-03
ES,32,2022-08-02T08:00:00Z,21588.0,energy_charts_residual_load_minus_wind_solar (real 2022; Load−WindOnshore−WindOffshore−Solar; 60min→1h resample) [absent treated as 0 MW: ['Wind offshore']],Energy-Charts / ENTSO-E es 2022-08-01 via https://api.energy-charts.info/public_power?country=es&start=2022-08-01&end=2022-08-03
ES,33,2022-08-02T09:00:00Z,20664.0,energy_charts_residual_load_minus_wind_solar (real 2022; Load−WindOnshore−WindOffshore−Solar; 60min→1h resample) [absent treated as 0 MW: ['Wind offshore']],Energy-Charts / ENTSO-E es 2022-08-01 via https://api.energy-charts.info/public_power?country=es&start=2022-08-01&end=2022-08-03
ES,34,2022-08-02T10:00:00Z,20688.0,energy_charts_residual_load_minus_wind_solar (real 2022; Load−WindOnshore−WindOffshore−Solar; 60min→1h resample) [absent treated as 0 MW: ['Wind offshore']],Energy-Charts / ENTSO-E es 2022-08-01 via https://api.energy-charts.info/public_power?country=es&start=2022-08-01&end=2022-08-03
ES,35,2022-08-02T11:00:00Z,20968.0,energy_charts_residual_load_minus_wind_solar (real 2022; Load−WindOnshore−WindOffshore−Solar; 60min→1h resample) [absent treated as 0 MW: ['Wind offshore']],Energy-Charts / ENTSO-E es 2022-08-01 via https://api.energy-charts.info/public_power?country=es&start=2022-08-01&end=2022-08-03
ES,36,2022-08-02T12:00:00Z,20852.0,energy_charts_residual_load_minus_wind_solar (real 2022; Load−WindOnshore−WindOffshore−Solar; 60min→1h resample) [absent treated as 0 MW: ['Wind offshore']],Energy-Charts / ENTSO-E es 2022-08-01 via https://api.energy-charts.info/public_power?country=es&start=2022-08-01&end=2022-08-03
ES,37,2022-08-02T13:00:00Z,20412.0,energy_charts_residual_load_minus_wind_solar (real 2022; Load−WindOnshore−WindOffshore−Solar; 60min→1h resample) [absent treated as 0 MW: ['Wind offshore']],Energy-Charts / ENTSO-E es 2022-08-01 via https://api.energy-charts.info/public_power?country=es&start=2022-08-01&end=2022-08-03
ES,38,2022-08-02T14:00:00Z,20316.0,energy_charts_residual_load_minus_wind_solar (real 2022; Load−WindOnshore−WindOffshore−Solar; 60min→1h resample) [absent treated as 0 MW: ['Wind offshore']],Energy-Charts / ENTSO-E es 2022-08-01 via https://api.energy-charts.info/public_power?country=es&start=2022-08-01&end=2022-08-03
ES,39,2022-08-02T15:00:00Z,20280.0,energy_charts_residual_load_minus_wind_solar (real 2022; Load−WindOnshore−WindOffshore−Solar; 60min→1h resample) [absent treated as 0 MW: ['Wind offshore']],Energy-Charts / ENTSO-E es 2022-08-01 via https://api.energy-charts.info/public_power?country=es&start=2022-08-01&end=2022-08-03
ES,40,2022-08-02T16:00:00Z,20796.0,energy_charts_residual_load_minus_wind_solar (real 2022; Load−WindOnshore−WindOffshore−Solar; 60min→1h resample) [absent treated as 0 MW: ['Wind offshore']],Energy-Charts / ENTSO-E es 2022-08-01 via https://api.energy-charts.info/public_power?country=es&start=2022-08-01&end=2022-08-03
ES,41,2022-08-02T17:00:00Z,21428.0,energy_charts_residual_load_minus_wind_solar (real 2022; Load−WindOnshore−WindOffshore−Solar; 60min→1h resample) [absent treated as 0 MW: ['Wind offshore']],Energy-Charts / ENTSO-E es 2022-08-01 via https://api.energy-charts.info/public_power?country=es&start=2022-08-01&end=2022-08-03
ES,42,2022-08-02T18:00:00Z,23816.0,energy_charts_residual_load_minus_wind_solar (real 2022; Load−WindOnshore−WindOffshore−Solar; 60min→1h resample) [absent treated as 0 MW: ['Wind offshore']],Energy-Charts / ENTSO-E es 2022-08-01 via https://api.energy-charts.info/public_power?country=es&start=2022-08-01&end=2022-08-03
ES,43,2022-08-02T19:00:00Z,27188.0,energy_charts_residual_load_minus_wind_solar (real 2022; Load−WindOnshore−WindOffshore−Solar; 60min→1h resample) [absent treated as 0 MW: ['Wind offshore']],Energy-Charts / ENTSO-E es 2022-08-01 via https://api.energy-charts.info/public_power?country=es&start=2022-08-01&end=2022-08-03
ES,44,2022-08-02T20:00:00Z,27972.0,energy_charts_residual_load_minus_wind_solar (real 2022; Load−WindOnshore−WindOffshore−Solar; 60min→1h resample) [absent treated as 0 MW: ['Wind offshore']],Energy-Charts / ENTSO-E es 2022-08-01 via https://api.energy-charts.info/public_power?country=es&start=2022-08-01&end=2022-08-03
ES,45,2022-08-02T21:00:00Z,26148.0,energy_charts_residual_load_minus_wind_solar (real 2022; Load−WindOnshore−WindOffshore−Solar; 60min→1h resample) [absent treated as 0 MW: ['Wind offshore']],Energy-Charts / ENTSO-E es 2022-08-01 via https://api.energy-charts.info/public_power?country=es&start=2022-08-01&end=2022-08-03
ES,46,2022-08-02T22:00:00Z,24228.0,energy_charts_residual_load_minus_wind_solar (real 2022; Load−WindOnshore−WindOffshore−Solar; 60min→1h resample) [absent treated as 0 MW: ['Wind offshore']],Energy-Charts / ENTSO-E es 2022-08-01 via https://api.energy-charts.info/public_power?country=es&start=2022-08-01&end=2022-08-03
ES,47,2022-08-02T23:00:00Z,22260.0,energy_charts_residual_load_minus_wind_solar (real 2022; Load−WindOnshore−WindOffshore−Solar; 60min→1h resample) [absent treated as 0 MW: ['Wind offshore']],Energy-Charts / ENTSO-E es 2022-08-01 via https://api.energy-charts.info/public_power?country=es&start=2022-08-01&end=2022-08-03
IT-NO,0,2022-08-01T00:00:00Z,24137.0,energy_charts_residual_load_minus_wind_solar (real 2022; Load−WindOnshore−WindOffshore−Solar; 60min→1h resample),Energy-Charts / ENTSO-E it 2022-08-01 via https://api.energy-charts.info/public_power?country=it&start=2022-08-01&end=2022-08-03
IT-NO,1,2022-08-01T01:00:00Z,23480.0,energy_charts_residual_load_minus_wind_solar (real 2022; Load−WindOnshore−WindOffshore−Solar; 60min→1h resample),Energy-Charts / ENTSO-E it 2022-08-01 via https://api.energy-charts.info/public_power?country=it&start=2022-08-01&end=2022-08-03
IT-NO,2,2022-08-01T02:00:00Z,23406.0,energy_charts_residual_load_minus_wind_solar (real 2022; Load−WindOnshore−WindOffshore−Solar; 60min→1h resample),Energy-Charts / ENTSO-E it 2022-08-01 via https://api.energy-charts.info/public_power?country=it&start=2022-08-01&end=2022-08-03
IT-NO,3,2022-08-01T03:00:00Z,24763.0,energy_charts_residual_load_minus_wind_solar (real 2022; Load−WindOnshore−WindOffshore−Solar; 60min→1h resample),Energy-Charts / ENTSO-E it 2022-08-01 via https://api.energy-charts.info/public_power?country=it&start=2022-08-01&end=2022-08-03
IT-NO,4,2022-08-01T04:00:00Z,28082.0,energy_charts_residual_load_minus_wind_solar (real 2022; Load−WindOnshore−WindOffshore−Solar; 60min→1h resample),Energy-Charts / ENTSO-E it 2022-08-01 via https://api.energy-charts.info/public_power?country=it&start=2022-08-01&end=2022-08-03
IT-NO,5,2022-08-01T05:00:00Z,31431.0,energy_charts_residual_load_minus_wind_solar (real 2022; Load−WindOnshore−WindOffshore−Solar; 60min→1h resample),Energy-Charts / ENTSO-E it 2022-08-01 via https://api.energy-charts.info/public_power?country=it&start=2022-08-01&end=2022-08-03
IT-NO,6,2022-08-01T06:00:00Z,33046.0,energy_charts_residual_load_minus_wind_solar (real 2022; Load−WindOnshore−WindOffshore−Solar; 60min→1h resample),Energy-Charts / ENTSO-E it 2022-08-01 via https://api.energy-charts.info/public_power?country=it&start=2022-08-01&end=2022-08-03
IT-NO,7,2022-08-01T07:00:00Z,32184.0,energy_charts_residual_load_minus_wind_solar (real 2022; Load−WindOnshore−WindOffshore−Solar; 60min→1h resample),Energy-Charts / ENTSO-E it 2022-08-01 via https://api.energy-charts.info/public_power?country=it&start=2022-08-01&end=2022-08-03
IT-NO,8,2022-08-01T08:00:00Z,30765.0,energy_charts_residual_load_minus_wind_solar (real 2022; Load−WindOnshore−WindOffshore−Solar; 60min→1h resample),Energy-Charts / ENTSO-E it 2022-08-01 via https://api.energy-charts.info/public_power?country=it&start=2022-08-01&end=2022-08-03
IT-NO,9,2022-08-01T09:00:00Z,29575.0,energy_charts_residual_load_minus_wind_solar (real 2022; Load−WindOnshore−WindOffshore−Solar; 60min→1h resample),Energy-Charts / ENTSO-E it 2022-08-01 via https://api.energy-charts.info/public_power?country=it&start=2022-08-01&end=2022-08-03
IT-NO,10,2022-08-01T10:00:00Z,28221.0,energy_charts_residual_load_minus_wind_solar (real 2022; Load−WindOnshore−WindOffshore−Solar; 60min→1h resample),Energy-Charts / ENTSO-E it 2022-08-01 via https://api.energy-charts.info/public_power?country=it&start=2022-08-01&end=2022-08-03
IT-NO,11,2022-08-01T11:00:00Z,28138.0,energy_charts_residual_load_minus_wind_solar (real 2022; Load−WindOnshore−WindOffshore−Solar; 60min→1h resample),Energy-Charts / ENTSO-E it 2022-08-01 via https://api.energy-charts.info/public_power?country=it&start=2022-08-01&end=2022-08-03
IT-NO,12,2022-08-01T12:00:00Z,29117.0,energy_charts_residual_load_minus_wind_solar (real 2022; Load−WindOnshore−WindOffshore−Solar; 60min→1h resample),Energy-Charts / ENTSO-E it 2022-08-01 via https://api.energy-charts.info/public_power?country=it&start=2022-08-01&end=2022-08-03
IT-NO,13,2022-08-01T13:00:00Z,30158.0,energy_charts_residual_load_minus_wind_solar (real 2022; Load−WindOnshore−WindOffshore−Solar; 60min→1h resample),Energy-Charts / ENTSO-E it 2022-08-01 via https://api.energy-charts.info/public_power?country=it&start=2022-08-01&end=2022-08-03
IT-NO,14,2022-08-01T14:00:00Z,31927.0,energy_charts_residual_load_minus_wind_solar (real 2022; Load−WindOnshore−WindOffshore−Solar; 60min→1h resample),Energy-Charts / ENTSO-E it 2022-08-01 via https://api.energy-charts.info/public_power?country=it&start=2022-08-01&end=2022-08-03
IT-NO,15,2022-08-01T15:00:00Z,33513.0,energy_charts_residual_load_minus_wind_solar (real 2022; Load−WindOnshore−WindOffshore−Solar; 60min→1h resample),Energy-Charts / ENTSO-E it 2022-08-01 via https://api.energy-charts.info/public_power?country=it&start=2022-08-01&end=2022-08-03
IT-NO,16,2022-08-01T16:00:00Z,35820.0,energy_charts_residual_load_minus_wind_solar (real 2022; Load−WindOnshore−WindOffshore−Solar; 60min→1h resample),Energy-Charts / ENTSO-E it 2022-08-01 via https://api.energy-charts.info/public_power?country=it&start=2022-08-01&end=2022-08-03
IT-NO,17,2022-08-01T17:00:00Z,38127.0,energy_charts_residual_load_minus_wind_solar (real 2022; Load−WindOnshore−WindOffshore−Solar; 60min→1h resample),Energy-Charts / ENTSO-E it 2022-08-01 via https://api.energy-charts.info/public_power?country=it&start=2022-08-01&end=2022-08-03
IT-NO,18,2022-08-01T18:00:00Z,38571.0,energy_charts_residual_load_minus_wind_solar (real 2022; Load−WindOnshore−WindOffshore−Solar; 60min→1h resample),Energy-Charts / ENTSO-E it 2022-08-01 via https://api.energy-charts.info/public_power?country=it&start=2022-08-01&end=2022-08-03
IT-NO,19,2022-08-01T19:00:00Z,37908.0,energy_charts_residual_load_minus_wind_solar (real 2022; Load−WindOnshore−WindOffshore−Solar; 60min→1h resample),Energy-Charts / ENTSO-E it 2022-08-01 via https://api.energy-charts.info/public_power?country=it&start=2022-08-01&end=2022-08-03
IT-NO,20,2022-08-01T20:00:00Z,35494.0,energy_charts_residual_load_minus_wind_solar (real 2022; Load−WindOnshore−WindOffshore−Solar; 60min→1h resample),Energy-Charts / ENTSO-E it 2022-08-01 via https://api.energy-charts.info/public_power?country=it&start=2022-08-01&end=2022-08-03
IT-NO,21,2022-08-01T21:00:00Z,33600.0,energy_charts_residual_load_minus_wind_solar (real 2022; Load−WindOnshore−WindOffshore−Solar; 60min→1h resample),Energy-Charts / ENTSO-E it 2022-08-01 via https://api.energy-charts.info/public_power?country=it&start=2022-08-01&end=2022-08-03
IT-NO,22,2022-08-01T22:00:00Z,30631.0,energy_charts_residual_load_minus_wind_solar (real 2022; Load−WindOnshore−WindOffshore−Solar; 60min→1h resample),Energy-Charts / ENTSO-E it 2022-08-01 via https://api.energy-charts.info/public_power?country=it&start=2022-08-01&end=2022-08-03
IT-NO,23,2022-08-01T23:00:00Z,28558.0,energy_charts_residual_load_minus_wind_solar (real 2022; Load−WindOnshore−WindOffshore−Solar; 60min→1h resample),Energy-Charts / ENTSO-E it 2022-08-01 via https://api.energy-charts.info/public_power?country=it&start=2022-08-01&end=2022-08-03
IT-NO,24,2022-08-02T00:00:00Z,27229.0,energy_charts_residual_load_minus_wind_solar (real 2022; Load−WindOnshore−WindOffshore−Solar; 60min→1h resample),Energy-Charts / ENTSO-E it 2022-08-01 via https://api.energy-charts.info/public_power?country=it&start=2022-08-01&end=2022-08-03
IT-NO,25,2022-08-02T01:00:00Z,26853.0,energy_charts_residual_load_minus_wind_solar (real 2022; Load−WindOnshore−WindOffshore−Solar; 60min→1h resample),Energy-Charts / ENTSO-E it 2022-08-01 via https://api.energy-charts.info/public_power?country=it&start=2022-08-01&end=2022-08-03
IT-NO,26,2022-08-02T02:00:00Z,26921.0,energy_charts_residual_load_minus_wind_solar (real 2022; Load−WindOnshore−WindOffshore−Solar; 60min→1h resample),Energy-Charts / ENTSO-E it 2022-08-01 via https://api.energy-charts.info/public_power?country=it&start=2022-08-01&end=2022-08-03
IT-NO,27,2022-08-02T03:00:00Z,28405.0,energy_charts_residual_load_minus_wind_solar (real 2022; Load−WindOnshore−WindOffshore−Solar; 60min→1h resample),Energy-Charts / ENTSO-E it 2022-08-01 via https://api.energy-charts.info/public_power?country=it&start=2022-08-01&end=2022-08-03
IT-NO,28,2022-08-02T04:00:00Z,31090.0,energy_charts_residual_load_minus_wind_solar (real 2022; Load−WindOnshore−WindOffshore−Solar; 60min→1h resample),Energy-Charts / ENTSO-E it 2022-08-01 via https://api.energy-charts.info/public_power?country=it&start=2022-08-01&end=2022-08-03
IT-NO,29,2022-08-02T05:00:00Z,34277.0,energy_charts_residual_load_minus_wind_solar (real 2022; Load−WindOnshore−WindOffshore−Solar; 60min→1h resample),Energy-Charts / ENTSO-E it 2022-08-01 via https://api.energy-charts.info/public_power?country=it&start=2022-08-01&end=2022-08-03
IT-NO,30,2022-08-02T06:00:00Z,36266.0,energy_charts_residual_load_minus_wind_solar (real 2022; Load−WindOnshore−WindOffshore−Solar; 60min→1h resample),Energy-Charts / ENTSO-E it 2022-08-01 via https://api.energy-charts.info/public_power?country=it&start=2022-08-01&end=2022-08-03
IT-NO,31,2022-08-02T07:00:00Z,36135.0,energy_charts_residual_load_minus_wind_solar (real 2022; Load−WindOnshore−WindOffshore−Solar; 60min→1h resample),Energy-Charts / ENTSO-E it 2022-08-01 via https://api.energy-charts.info/public_power?country=it&start=2022-08-01&end=2022-08-03
IT-NO,32,2022-08-02T08:00:00Z,34263.0,energy_charts_residual_load_minus_wind_solar (real 2022; Load−WindOnshore−WindOffshore−Solar; 60min→1h resample),Energy-Charts / ENTSO-E it 2022-08-01 via https://api.energy-charts.info/public_power?country=it&start=2022-08-01&end=2022-08-03
IT-NO,33,2022-08-02T09:00:00Z,32983.0,energy_charts_residual_load_minus_wind_solar (real 2022; Load−WindOnshore−WindOffshore−Solar; 60min→1h resample),Energy-Charts / ENTSO-E it 2022-08-01 via https://api.energy-charts.info/public_power?country=it&start=2022-08-01&end=2022-08-03
IT-NO,34,2022-08-02T10:00:00Z,30991.0,energy_charts_residual_load_minus_wind_solar (real 2022; Load−WindOnshore−WindOffshore−Solar; 60min→1h resample),Energy-Charts / ENTSO-E it 2022-08-01 via https://api.energy-charts.info/public_power?country=it&start=2022-08-01&end=2022-08-03
IT-NO,35,2022-08-02T11:00:00Z,30777.0,energy_charts_residual_load_minus_wind_solar (real 2022; Load−WindOnshore−WindOffshore−Solar; 60min→1h resample),Energy-Charts / ENTSO-E it 2022-08-01 via https://api.energy-charts.info/public_power?country=it&start=2022-08-01&end=2022-08-03
IT-NO,36,2022-08-02T12:00:00Z,31743.0,energy_charts_residual_load_minus_wind_solar (real 2022; Load−WindOnshore−WindOffshore−Solar; 60min→1h resample),Energy-Charts / ENTSO-E it 2022-08-01 via https://api.energy-charts.info/public_power?country=it&start=2022-08-01&end=2022-08-03
IT-NO,37,2022-08-02T13:00:00Z,32789.0,energy_charts_residual_load_minus_wind_solar (real 2022; Load−WindOnshore−WindOffshore−Solar; 60min→1h resample),Energy-Charts / ENTSO-E it 2022-08-01 via https://api.energy-charts.info/public_power?country=it&start=2022-08-01&end=2022-08-03
IT-NO,38,2022-08-02T14:00:00Z,34398.0,energy_charts_residual_load_minus_wind_solar (real 2022; Load−WindOnshore−WindOffshore−Solar; 60min→1h resample),Energy-Charts / ENTSO-E it 2022-08-01 via https://api.energy-charts.info/public_power?country=it&start=2022-08-01&end=2022-08-03
IT-NO,39,2022-08-02T15:00:00Z,35943.0,energy_charts_residual_load_minus_wind_solar (real 2022; Load−WindOnshore−WindOffshore−Solar; 60min→1h resample),Energy-Charts / ENTSO-E it 2022-08-01 via https://api.energy-charts.info/public_power?country=it&start=2022-08-01&end=2022-08-03
IT-NO,40,2022-08-02T16:00:00Z,38357.0,energy_charts_residual_load_minus_wind_solar (real 2022; Load−WindOnshore−WindOffshore−Solar; 60min→1h resample),Energy-Charts / ENTSO-E it 2022-08-01 via https://api.energy-charts.info/public_power?country=it&start=2022-08-01&end=2022-08-03
IT-NO,41,2022-08-02T17:00:00Z,40322.0,energy_charts_residual_load_minus_wind_solar (real 2022; Load−WindOnshore−WindOffshore−Solar; 60min→1h resample),Energy-Charts / ENTSO-E it 2022-08-01 via https://api.energy-charts.info/public_power?country=it&start=2022-08-01&end=2022-08-03
IT-NO,42,2022-08-02T18:00:00Z,40172.0,energy_charts_residual_load_minus_wind_solar (real 2022; Load−WindOnshore−WindOffshore−Solar; 60min→1h resample),Energy-Charts / ENTSO-E it 2022-08-01 via https://api.energy-charts.info/public_power?country=it&start=2022-08-01&end=2022-08-03
IT-NO,43,2022-08-02T19:00:00Z,39063.0,energy_charts_residual_load_minus_wind_solar (real 2022; Load−WindOnshore−WindOffshore−Solar; 60min→1h resample),Energy-Charts / ENTSO-E it 2022-08-01 via https://api.energy-charts.info/public_power?country=it&start=2022-08-01&end=2022-08-03
IT-NO,44,2022-08-02T20:00:00Z,36164.0,energy_charts_residual_load_minus_wind_solar (real 2022; Load−WindOnshore−WindOffshore−Solar; 60min→1h resample),Energy-Charts / ENTSO-E it 2022-08-01 via https://api.energy-charts.info/public_power?country=it&start=2022-08-01&end=2022-08-03
IT-NO,45,2022-08-02T21:00:00Z,33415.0,energy_charts_residual_load_minus_wind_solar (real 2022; Load−WindOnshore−WindOffshore−Solar; 60min→1h resample),Energy-Charts / ENTSO-E it 2022-08-01 via https://api.energy-charts.info/public_power?country=it&start=2022-08-01&end=2022-08-03
IT-NO,46,2022-08-02T22:00:00Z,30572.0,energy_charts_residual_load_minus_wind_solar (real 2022; Load−WindOnshore−WindOffshore−Solar; 60min→1h resample),Energy-Charts / ENTSO-E it 2022-08-01 via https://api.energy-charts.info/public_power?country=it&start=2022-08-01&end=2022-08-03
IT-NO,47,2022-08-02T23:00:00Z,29020.0,energy_charts_residual_load_minus_wind_solar (real 2022; Load−WindOnshore−WindOffshore−Solar; 60min→1h resample),Energy-Charts / ENTSO-E it 2022-08-01 via https://api.energy-charts.info/public_power?country=it&start=2022-08-01&end=2022-08-03
SE,0,2022-08-01T00:00:00Z,8250.8,energy_charts_residual_load_minus_wind_solar (real 2022; Load−WindOnshore−WindOffshore−Solar; 60min→1h resample) [absent treated as 0 MW: ['Wind offshore']],Energy-Charts / ENTSO-E se 2022-08-01 via https://api.energy-charts.info/public_power?country=se&start=2022-08-01&end=2022-08-03
SE,1,2022-08-01T01:00:00Z,8409.9,energy_charts_residual_load_minus_wind_solar (real 2022; Load−WindOnshore−WindOffshore−Solar; 60min→1h resample) [absent treated as 0 MW: ['Wind offshore']],Energy-Charts / ENTSO-E se 2022-08-01 via https://api.energy-charts.info/public_power?country=se&start=2022-08-01&end=2022-08-03
SE,2,2022-08-01T02:00:00Z,8453.0,energy_charts_residual_load_minus_wind_solar (real 2022; Load−WindOnshore−WindOffshore−Solar; 60min→1h resample) [absent treated as 0 MW: ['Wind offshore']],Energy-Charts / ENTSO-E se 2022-08-01 via https://api.energy-charts.info/public_power?country=se&start=2022-08-01&end=2022-08-03
SE,3,2022-08-01T03:00:00Z,8524.0,energy_charts_residual_load_minus_wind_solar (real 2022; Load−WindOnshore−WindOffshore−Solar; 60min→1h resample) [absent treated as 0 MW: ['Wind offshore']],Energy-Charts / ENTSO-E se 2022-08-01 via https://api.energy-charts.info/public_power?country=se&start=2022-08-01&end=2022-08-03
SE,4,2022-08-01T04:00:00Z,9279.8,energy_charts_residual_load_minus_wind_solar (real 2022; Load−WindOnshore−WindOffshore−Solar; 60min→1h resample) [absent treated as 0 MW: ['Wind offshore']],Energy-Charts / ENTSO-E se 2022-08-01 via https://api.energy-charts.info/public_power?country=se&start=2022-08-01&end=2022-08-03
SE,5,2022-08-01T05:00:00Z,10293.7,energy_charts_residual_load_minus_wind_solar (real 2022; Load−WindOnshore−WindOffshore−Solar; 60min→1h resample) [absent treated as 0 MW: ['Wind offshore']],Energy-Charts / ENTSO-E se 2022-08-01 via https://api.energy-charts.info/public_power?country=se&start=2022-08-01&end=2022-08-03
SE,6,2022-08-01T06:00:00Z,11098.9,energy_charts_residual_load_minus_wind_solar (real 2022; Load−WindOnshore−WindOffshore−Solar; 60min→1h resample) [absent treated as 0 MW: ['Wind offshore']],Energy-Charts / ENTSO-E se 2022-08-01 via https://api.energy-charts.info/public_power?country=se&start=2022-08-01&end=2022-08-03
SE,7,2022-08-01T07:00:00Z,11567.9,energy_charts_residual_load_minus_wind_solar (real 2022; Load−WindOnshore−WindOffshore−Solar; 60min→1h resample) [absent treated as 0 MW: ['Wind offshore']],Energy-Charts / ENTSO-E se 2022-08-01 via https://api.energy-charts.info/public_power?country=se&start=2022-08-01&end=2022-08-03
SE,8,2022-08-01T08:00:00Z,11692.2,energy_charts_residual_load_minus_wind_solar (real 2022; Load−WindOnshore−WindOffshore−Solar; 60min→1h resample) [absent treated as 0 MW: ['Wind offshore']],Energy-Charts / ENTSO-E se 2022-08-01 via https://api.energy-charts.info/public_power?country=se&start=2022-08-01&end=2022-08-03
SE,9,2022-08-01T09:00:00Z,11341.3,energy_charts_residual_load_minus_wind_solar (real 2022; Load−WindOnshore−WindOffshore−Solar; 60min→1h resample) [absent treated as 0 MW: ['Wind offshore']],Energy-Charts / ENTSO-E se 2022-08-01 via https://api.energy-charts.info/public_power?country=se&start=2022-08-01&end=2022-08-03
SE,10,2022-08-01T10:00:00Z,11143.2,energy_charts_residual_load_minus_wind_solar (real 2022; Load−WindOnshore−WindOffshore−Solar; 60min→1h resample) [absent treated as 0 MW: ['Wind offshore']],Energy-Charts / ENTSO-E se 2022-08-01 via https://api.energy-charts.info/public_power?country=se&start=2022-08-01&end=2022-08-03
SE,11,2022-08-01T11:00:00Z,10542.8,energy_charts_residual_load_minus_wind_solar (real 2022; Load−WindOnshore−WindOffshore−Solar; 60min→1h resample) [absent treated as 0 MW: ['Wind offshore']],Energy-Charts / ENTSO-E se 2022-08-01 via https://api.energy-charts.info/public_power?country=se&start=2022-08-01&end=2022-08-03
SE,12,2022-08-01T12:00:00Z,10202.4,energy_charts_residual_load_minus_wind_solar (real 2022; Load−WindOnshore−WindOffshore−Solar; 60min→1h resample) [absent treated as 0 MW: ['Wind offshore']],Energy-Charts / ENTSO-E se 2022-08-01 via https://api.energy-charts.info/public_power?country=se&start=2022-08-01&end=2022-08-03
SE,13,2022-08-01T13:00:00Z,9897.8,energy_charts_residual_load_minus_wind_solar (real 2022; Load−WindOnshore−WindOffshore−Solar; 60min→1h resample) [absent treated as 0 MW: ['Wind offshore']],Energy-Charts / ENTSO-E se 2022-08-01 via https://api.energy-charts.info/public_power?country=se&start=2022-08-01&end=2022-08-03
SE,14,2022-08-01T14:00:00Z,9774.7,energy_charts_residual_load_minus_wind_solar (real 2022; Load−WindOnshore−WindOffshore−Solar; 60min→1h resample) [absent treated as 0 MW: ['Wind offshore']],Energy-Charts / ENTSO-E se 2022-08-01 via https://api.energy-charts.info/public_power?country=se&start=2022-08-01&end=2022-08-03
SE,15,2022-08-01T15:00:00Z,9976.8,energy_charts_residual_load_minus_wind_solar (real 2022; Load−WindOnshore−WindOffshore−Solar; 60min→1h resample) [absent treated as 0 MW: ['Wind offshore']],Energy-Charts / ENTSO-E se 2022-08-01 via https://api.energy-charts.info/public_power?country=se&start=2022-08-01&end=2022-08-03
SE,16,2022-08-01T16:00:00Z,9903.7,energy_charts_residual_load_minus_wind_solar (real 2022; Load−WindOnshore−WindOffshore−Solar; 60min→1h resample) [absent treated as 0 MW: ['Wind offshore']],Energy-Charts / ENTSO-E se 2022-08-01 via https://api.energy-charts.info/public_power?country=se&start=2022-08-01&end=2022-08-03
SE,17,2022-08-01T17:00:00Z,9775.3,energy_charts_residual_load_minus_wind_solar (real 2022; Load−WindOnshore−WindOffshore−Solar; 60min→1h resample) [absent treated as 0 MW: ['Wind offshore']],Energy-Charts / ENTSO-E se 2022-08-01 via https://api.energy-charts.info/public_power?country=se&start=2022-08-01&end=2022-08-03
SE,18,2022-08-01T18:00:00Z,9695.8,energy_charts_residual_load_minus_wind_solar (real 2022; Load−WindOnshore−WindOffshore−Solar; 60min→1h resample) [absent treated as 0 MW: ['Wind offshore']],Energy-Charts / ENTSO-E se 2022-08-01 via https://api.energy-charts.info/public_power?country=se&start=2022-08-01&end=2022-08-03
SE,19,2022-08-01T19:00:00Z,9235.5,energy_charts_residual_load_minus_wind_solar (real 2022; Load−WindOnshore−WindOffshore−Solar; 60min→1h resample) [absent treated as 0 MW: ['Wind offshore']],Energy-Charts / ENTSO-E se 2022-08-01 via https://api.energy-charts.info/public_power?country=se&start=2022-08-01&end=2022-08-03
SE,20,2022-08-01T20:00:00Z,8576.2,energy_charts_residual_load_minus_wind_solar (real 2022; Load−WindOnshore−WindOffshore−Solar; 60min→1h resample) [absent treated as 0 MW: ['Wind offshore']],Energy-Charts / ENTSO-E se 2022-08-01 via https://api.energy-charts.info/public_power?country=se&start=2022-08-01&end=2022-08-03
SE,21,2022-08-01T21:00:00Z,7259.2,energy_charts_residual_load_minus_wind_solar (real 2022; Load−WindOnshore−WindOffshore−Solar; 60min→1h resample) [absent treated as 0 MW: ['Wind offshore']],Energy-Charts / ENTSO-E se 2022-08-01 via https://api.energy-charts.info/public_power?country=se&start=2022-08-01&end=2022-08-03
SE,22,2022-08-01T22:00:00Z,6877.1,energy_charts_residual_load_minus_wind_solar (real 2022; Load−WindOnshore−WindOffshore−Solar; 60min→1h resample) [absent treated as 0 MW: ['Wind offshore']],Energy-Charts / ENTSO-E se 2022-08-01 via https://api.energy-charts.info/public_power?country=se&start=2022-08-01&end=2022-08-03
SE,23,2022-08-01T23:00:00Z,6449.5,energy_charts_residual_load_minus_wind_solar (real 2022; Load−WindOnshore−WindOffshore−Solar; 60min→1h resample) [absent treated as 0 MW: ['Wind offshore']],Energy-Charts / ENTSO-E se 2022-08-01 via https://api.energy-charts.info/public_power?country=se&start=2022-08-01&end=2022-08-03
SE,24,2022-08-02T00:00:00Z,6218.8,energy_charts_residual_load_minus_wind_solar (real 2022; Load−WindOnshore−WindOffshore−Solar; 60min→1h resample) [absent treated as 0 MW: ['Wind offshore']],Energy-Charts / ENTSO-E se 2022-08-01 via https://api.energy-charts.info/public_power?country=se&start=2022-08-01&end=2022-08-03
SE,25,2022-08-02T01:00:00Z,5845.8,energy_charts_residual_load_minus_wind_solar (real 2022; Load−WindOnshore−WindOffshore−Solar; 60min→1h resample) [absent treated as 0 MW: ['Wind offshore']],Energy-Charts / ENTSO-E se 2022-08-01 via https://api.energy-charts.info/public_power?country=se&start=2022-08-01&end=2022-08-03
SE,26,2022-08-02T02:00:00Z,5550.5,energy_charts_residual_load_minus_wind_solar (real 2022; Load−WindOnshore−WindOffshore−Solar; 60min→1h resample) [absent treated as 0 MW: ['Wind offshore']],Energy-Charts / ENTSO-E se 2022-08-01 via https://api.energy-charts.info/public_power?country=se&start=2022-08-01&end=2022-08-03
SE,27,2022-08-02T03:00:00Z,6373.0,energy_charts_residual_load_minus_wind_solar (real 2022; Load−WindOnshore−WindOffshore−Solar; 60min→1h resample) [absent treated as 0 MW: ['Wind offshore']],Energy-Charts / ENTSO-E se 2022-08-01 via https://api.energy-charts.info/public_power?country=se&start=2022-08-01&end=2022-08-03
SE,28,2022-08-02T04:00:00Z,8150.2,energy_charts_residual_load_minus_wind_solar (real 2022; Load−WindOnshore−WindOffshore−Solar; 60min→1h resample) [absent treated as 0 MW: ['Wind offshore']],Energy-Charts / ENTSO-E se 2022-08-01 via https://api.energy-charts.info/public_power?country=se&start=2022-08-01&end=2022-08-03
SE,29,2022-08-02T05:00:00Z,9831.1,energy_charts_residual_load_minus_wind_solar (real 2022; Load−WindOnshore−WindOffshore−Solar; 60min→1h resample) [absent treated as 0 MW: ['Wind offshore']],Energy-Charts / ENTSO-E se 2022-08-01 via https://api.energy-charts.info/public_power?country=se&start=2022-08-01&end=2022-08-03
SE,30,2022-08-02T06:00:00Z,10838.9,energy_charts_residual_load_minus_wind_solar (real 2022; Load−WindOnshore−WindOffshore−Solar; 60min→1h resample) [absent treated as 0 MW: ['Wind offshore']],Energy-Charts / ENTSO-E se 2022-08-01 via https://api.energy-charts.info/public_power?country=se&start=2022-08-01&end=2022-08-03
SE,31,2022-08-02T07:00:00Z,11084.7,energy_charts_residual_load_minus_wind_solar (real 2022; Load−WindOnshore−WindOffshore−Solar; 60min→1h resample) [absent treated as 0 MW: ['Wind offshore']],Energy-Charts / ENTSO-E se 2022-08-01 via https://api.energy-charts.info/public_power?country=se&start=2022-08-01&end=2022-08-03
SE,32,2022-08-02T08:00:00Z,11076.3,energy_charts_residual_load_minus_wind_solar (real 2022; Load−WindOnshore−WindOffshore−Solar; 60min→1h resample) [absent treated as 0 MW: ['Wind offshore']],Energy-Charts / ENTSO-E se 2022-08-01 via https://api.energy-charts.info/public_power?country=se&start=2022-08-01&end=2022-08-03
SE,33,2022-08-02T09:00:00Z,10804.7,energy_charts_residual_load_minus_wind_solar (real 2022; Load−WindOnshore−WindOffshore−Solar; 60min→1h resample) [absent treated as 0 MW: ['Wind offshore']],Energy-Charts / ENTSO-E se 2022-08-01 via https://api.energy-charts.info/public_power?country=se&start=2022-08-01&end=2022-08-03
SE,34,2022-08-02T10:00:00Z,10657.9,energy_charts_residual_load_minus_wind_solar (real 2022; Load−WindOnshore−WindOffshore−Solar; 60min→1h resample) [absent treated as 0 MW: ['Wind offshore']],Energy-Charts / ENTSO-E se 2022-08-01 via https://api.energy-charts.info/public_power?country=se&start=2022-08-01&end=2022-08-03
SE,35,2022-08-02T11:00:00Z,10437.8,energy_charts_residual_load_minus_wind_solar (real 2022; Load−WindOnshore−WindOffshore−Solar; 60min→1h resample) [absent treated as 0 MW: ['Wind offshore']],Energy-Charts / ENTSO-E se 2022-08-01 via https://api.energy-charts.info/public_power?country=se&start=2022-08-01&end=2022-08-03
SE,36,2022-08-02T12:00:00Z,10260.3,energy_charts_residual_load_minus_wind_solar (real 2022; Load−WindOnshore−WindOffshore−Solar; 60min→1h resample) [absent treated as 0 MW: ['Wind offshore']],Energy-Charts / ENTSO-E se 2022-08-01 via https://api.energy-charts.info/public_power?country=se&start=2022-08-01&end=2022-08-03
SE,37,2022-08-02T13:00:00Z,10090.6,energy_charts_residual_load_minus_wind_solar (real 2022; Load−WindOnshore−WindOffshore−Solar; 60min→1h resample) [absent treated as 0 MW: ['Wind offshore']],Energy-Charts / ENTSO-E se 2022-08-01 via https://api.energy-charts.info/public_power?country=se&start=2022-08-01&end=2022-08-03
SE,38,2022-08-02T14:00:00Z,9989.3,energy_charts_residual_load_minus_wind_solar (real 2022; Load−WindOnshore−WindOffshore−Solar; 60min→1h resample) [absent treated as 0 MW: ['Wind offshore']],Energy-Charts / ENTSO-E se 2022-08-01 via https://api.energy-charts.info/public_power?country=se&start=2022-08-01&end=2022-08-03
SE,39,2022-08-02T15:00:00Z,10299.8,energy_charts_residual_load_minus_wind_solar (real 2022; Load−WindOnshore−WindOffshore−Solar; 60min→1h resample) [absent treated as 0 MW: ['Wind offshore']],Energy-Charts / ENTSO-E se 2022-08-01 via https://api.energy-charts.info/public_power?country=se&start=2022-08-01&end=2022-08-03
SE,40,2022-08-02T16:00:00Z,10028.4,energy_charts_residual_load_minus_wind_solar (real 2022; Load−WindOnshore−WindOffshore−Solar; 60min→1h resample) [absent treated as 0 MW: ['Wind offshore']],Energy-Charts / ENTSO-E se 2022-08-01 via https://api.energy-charts.info/public_power?country=se&start=2022-08-01&end=2022-08-03
SE,41,2022-08-02T17:00:00Z,9781.7,energy_charts_residual_load_minus_wind_solar (real 2022; Load−WindOnshore−WindOffshore−Solar; 60min→1h resample) [absent treated as 0 MW: ['Wind offshore']],Energy-Charts / ENTSO-E se 2022-08-01 via https://api.energy-charts.info/public_power?country=se&start=2022-08-01&end=2022-08-03
SE,42,2022-08-02T18:00:00Z,8809.9,energy_charts_residual_load_minus_wind_solar (real 2022; Load−WindOnshore−WindOffshore−Solar; 60min→1h resample) [absent treated as 0 MW: ['Wind offshore']],Energy-Charts / ENTSO-E se 2022-08-01 via https://api.energy-charts.info/public_power?country=se&start=2022-08-01&end=2022-08-03
SE,43,2022-08-02T19:00:00Z,7744.3,energy_charts_residual_load_minus_wind_solar (real 2022; Load−WindOnshore−WindOffshore−Solar; 60min→1h resample) [absent treated as 0 MW: ['Wind offshore']],Energy-Charts / ENTSO-E se 2022-08-01 via https://api.energy-charts.info/public_power?country=se&start=2022-08-01&end=2022-08-03
SE,44,2022-08-02T20:00:00Z,6871.2,energy_charts_residual_load_minus_wind_solar (real 2022; Load−WindOnshore−WindOffshore−Solar; 60min→1h resample) [absent treated as 0 MW: ['Wind offshore']],Energy-Charts / ENTSO-E se 2022-08-01 via https://api.energy-charts.info/public_power?country=se&start=2022-08-01&end=2022-08-03
SE,45,2022-08-02T21:00:00Z,5642.5,energy_charts_residual_load_minus_wind_solar (real 2022; Load−WindOnshore−WindOffshore−Solar; 60min→1h resample) [absent treated as 0 MW: ['Wind offshore']],Energy-Charts / ENTSO-E se 2022-08-01 via https://api.energy-charts.info/public_power?country=se&start=2022-08-01&end=2022-08-03
SE,46,2022-08-02T22:00:00Z,5433.5,energy_charts_residual_load_minus_wind_solar (real 2022; Load−WindOnshore−WindOffshore−Solar; 60min→1h resample) [absent treated as 0 MW: ['Wind offshore']],Energy-Charts / ENTSO-E se 2022-08-01 via https://api.energy-charts.info/public_power?country=se&start=2022-08-01&end=2022-08-03
SE,47,2022-08-02T23:00:00Z,5186.0,energy_charts_residual_load_minus_wind_solar (real 2022; Load−WindOnshore−WindOffshore−Solar; 60min→1h resample) [absent treated as 0 MW: ['Wind offshore']],Energy-Charts / ENTSO-E se 2022-08-01 via https://api.energy-charts.info/public_power?country=se&start=2022-08-01&end=2022-08-03
PL,0,2022-08-01T00:00:00Z,12849.8,energy_charts_residual_load_minus_wind_solar (real 2022; Load−WindOnshore−WindOffshore−Solar; 60min→1h resample) [absent treated as 0 MW: ['Wind offshore']],Energy-Charts / ENTSO-E pl 2022-08-01 via https://api.energy-charts.info/public_power?country=pl&start=2022-08-01&end=2022-08-03
PL,1,2022-08-01T01:00:00Z,12963.1,energy_charts_residual_load_minus_wind_solar (real 2022; Load−WindOnshore−WindOffshore−Solar; 60min→1h resample) [absent treated as 0 MW: ['Wind offshore']],Energy-Charts / ENTSO-E pl 2022-08-01 via https://api.energy-charts.info/public_power?country=pl&start=2022-08-01&end=2022-08-03
PL,2,2022-08-01T02:00:00Z,13100.0,energy_charts_residual_load_minus_wind_solar (real 2022; Load−WindOnshore−WindOffshore−Solar; 60min→1h resample) [absent treated as 0 MW: ['Wind offshore']],Energy-Charts / ENTSO-E pl 2022-08-01 via https://api.energy-charts.info/public_power?country=pl&start=2022-08-01&end=2022-08-03
PL,3,2022-08-01T03:00:00Z,13407.1,energy_charts_residual_load_minus_wind_solar (real 2022; Load−WindOnshore−WindOffshore−Solar; 60min→1h resample) [absent treated as 0 MW: ['Wind offshore']],Energy-Charts / ENTSO-E pl 2022-08-01 via https://api.energy-charts.info/public_power?country=pl&start=2022-08-01&end=2022-08-03
PL,4,2022-08-01T04:00:00Z,15554.5,energy_charts_residual_load_minus_wind_solar (real 2022; Load−WindOnshore−WindOffshore−Solar; 60min→1h resample) [absent treated as 0 MW: ['Wind offshore']],Energy-Charts / ENTSO-E pl 2022-08-01 via https://api.energy-charts.info/public_power?country=pl&start=2022-08-01&end=2022-08-03
PL,5,2022-08-01T05:00:00Z,17131.1,energy_charts_residual_load_minus_wind_solar (real 2022; Load−WindOnshore−WindOffshore−Solar; 60min→1h resample) [absent treated as 0 MW: ['Wind offshore']],Energy-Charts / ENTSO-E pl 2022-08-01 via https://api.energy-charts.info/public_power?country=pl&start=2022-08-01&end=2022-08-03
PL,6,2022-08-01T06:00:00Z,17506.2,energy_charts_residual_load_minus_wind_solar (real 2022; Load−WindOnshore−WindOffshore−Solar; 60min→1h resample) [absent treated as 0 MW: ['Wind offshore']],Energy-Charts / ENTSO-E pl 2022-08-01 via https://api.energy-charts.info/public_power?country=pl&start=2022-08-01&end=2022-08-03
PL,7,2022-08-01T07:00:00Z,17174.1,energy_charts_residual_load_minus_wind_solar (real 2022; Load−WindOnshore−WindOffshore−Solar; 60min→1h resample) [absent treated as 0 MW: ['Wind offshore']],Energy-Charts / ENTSO-E pl 2022-08-01 via https://api.energy-charts.info/public_power?country=pl&start=2022-08-01&end=2022-08-03
PL,8,2022-08-01T08:00:00Z,16437.2,energy_charts_residual_load_minus_wind_solar (real 2022; Load−WindOnshore−WindOffshore−Solar; 60min→1h resample) [absent treated as 0 MW: ['Wind offshore']],Energy-Charts / ENTSO-E pl 2022-08-01 via https://api.energy-charts.info/public_power?country=pl&start=2022-08-01&end=2022-08-03
PL,9,2022-08-01T09:00:00Z,16044.2,energy_charts_residual_load_minus_wind_solar (real 2022; Load−WindOnshore−WindOffshore−Solar; 60min→1h resample) [absent treated as 0 MW: ['Wind offshore']],Energy-Charts / ENTSO-E pl 2022-08-01 via https://api.energy-charts.info/public_power?country=pl&start=2022-08-01&end=2022-08-03
PL,10,2022-08-01T10:00:00Z,15837.5,energy_charts_residual_load_minus_wind_solar (real 2022; Load−WindOnshore−WindOffshore−Solar; 60min→1h resample) [absent treated as 0 MW: ['Wind offshore']],Energy-Charts / ENTSO-E pl 2022-08-01 via https://api.energy-charts.info/public_power?country=pl&start=2022-08-01&end=2022-08-03
PL,11,2022-08-01T11:00:00Z,15684.0,energy_charts_residual_load_minus_wind_solar (real 2022; Load−WindOnshore−WindOffshore−Solar; 60min→1h resample) [absent treated as 0 MW: ['Wind offshore']],Energy-Charts / ENTSO-E pl 2022-08-01 via https://api.energy-charts.info/public_power?country=pl&start=2022-08-01&end=2022-08-03
PL,12,2022-08-01T12:00:00Z,15498.8,energy_charts_residual_load_minus_wind_solar (real 2022; Load−WindOnshore−WindOffshore−Solar; 60min→1h resample) [absent treated as 0 MW: ['Wind offshore']],Energy-Charts / ENTSO-E pl 2022-08-01 via https://api.energy-charts.info/public_power?country=pl&start=2022-08-01&end=2022-08-03
PL,13,2022-08-01T13:00:00Z,16020.2,energy_charts_residual_load_minus_wind_solar (real 2022; Load−WindOnshore−WindOffshore−Solar; 60min→1h resample) [absent treated as 0 MW: ['Wind offshore']],Energy-Charts / ENTSO-E pl 2022-08-01 via https://api.energy-charts.info/public_power?country=pl&start=2022-08-01&end=2022-08-03
PL,14,2022-08-01T14:00:00Z,16598.0,energy_charts_residual_load_minus_wind_solar (real 2022; Load−WindOnshore−WindOffshore−Solar; 60min→1h resample) [absent treated as 0 MW: ['Wind offshore']],Energy-Charts / ENTSO-E pl 2022-08-01 via https://api.energy-charts.info/public_power?country=pl&start=2022-08-01&end=2022-08-03
PL,15,2022-08-01T15:00:00Z,17442.3,energy_charts_residual_load_minus_wind_solar (real 2022; Load−WindOnshore−WindOffshore−Solar; 60min→1h resample) [absent treated as 0 MW: ['Wind offshore']],Energy-Charts / ENTSO-E pl 2022-08-01 via https://api.energy-charts.info/public_power?country=pl&start=2022-08-01&end=2022-08-03
PL,16,2022-08-01T16:00:00Z,18376.5,energy_charts_residual_load_minus_wind_solar (real 2022; Load−WindOnshore−WindOffshore−Solar; 60min→1h resample) [absent treated as 0 MW: ['Wind offshore']],Energy-Charts / ENTSO-E pl 2022-08-01 via https://api.energy-charts.info/public_power?country=pl&start=2022-08-01&end=2022-08-03
PL,17,2022-08-01T17:00:00Z,19225.2,energy_charts_residual_load_minus_wind_solar (real 2022; Load−WindOnshore−WindOffshore−Solar; 60min→1h resample) [absent treated as 0 MW: ['Wind offshore']],Energy-Charts / ENTSO-E pl 2022-08-01 via https://api.energy-charts.info/public_power?country=pl&start=2022-08-01&end=2022-08-03
PL,18,2022-08-01T18:00:00Z,19803.3,energy_charts_residual_load_minus_wind_solar (real 2022; Load−WindOnshore−WindOffshore−Solar; 60min→1h resample) [absent treated as 0 MW: ['Wind offshore']],Energy-Charts / ENTSO-E pl 2022-08-01 via https://api.energy-charts.info/public_power?country=pl&start=2022-08-01&end=2022-08-03
PL,19,2022-08-01T19:00:00Z,19577.3,energy_charts_residual_load_minus_wind_solar (real 2022; Load−WindOnshore−WindOffshore−Solar; 60min→1h resample) [absent treated as 0 MW: ['Wind offshore']],Energy-Charts / ENTSO-E pl 2022-08-01 via https://api.energy-charts.info/public_power?country=pl&start=2022-08-01&end=2022-08-03
PL,20,2022-08-01T20:00:00Z,18087.3,energy_charts_residual_load_minus_wind_solar (real 2022; Load−WindOnshore−WindOffshore−Solar; 60min→1h resample) [absent treated as 0 MW: ['Wind offshore']],Energy-Charts / ENTSO-E pl 2022-08-01 via https://api.energy-charts.info/public_power?country=pl&start=2022-08-01&end=2022-08-03
PL,21,2022-08-01T21:00:00Z,16613.4,energy_charts_residual_load_minus_wind_solar (real 2022; Load−WindOnshore−WindOffshore−Solar; 60min→1h resample) [absent treated as 0 MW: ['Wind offshore']],Energy-Charts / ENTSO-E pl 2022-08-01 via https://api.energy-charts.info/public_power?country=pl&start=2022-08-01&end=2022-08-03
PL,22,2022-08-01T22:00:00Z,15424.5,energy_charts_residual_load_minus_wind_solar (real 2022; Load−WindOnshore−WindOffshore−Solar; 60min→1h resample) [absent treated as 0 MW: ['Wind offshore']],Energy-Charts / ENTSO-E pl 2022-08-01 via https://api.energy-charts.info/public_power?country=pl&start=2022-08-01&end=2022-08-03
PL,23,2022-08-01T23:00:00Z,14792.8,energy_charts_residual_load_minus_wind_solar (real 2022; Load−WindOnshore−WindOffshore−Solar; 60min→1h resample) [absent treated as 0 MW: ['Wind offshore']],Energy-Charts / ENTSO-E pl 2022-08-01 via https://api.energy-charts.info/public_power?country=pl&start=2022-08-01&end=2022-08-03
PL,24,2022-08-02T00:00:00Z,14411.0,energy_charts_residual_load_minus_wind_solar (real 2022; Load−WindOnshore−WindOffshore−Solar; 60min→1h resample) [absent treated as 0 MW: ['Wind offshore']],Energy-Charts / ENTSO-E pl 2022-08-01 via https://api.energy-charts.info/public_power?country=pl&start=2022-08-01&end=2022-08-03
PL,25,2022-08-02T01:00:00Z,14369.1,energy_charts_residual_load_minus_wind_solar (real 2022; Load−WindOnshore−WindOffshore−Solar; 60min→1h resample) [absent treated as 0 MW: ['Wind offshore']],Energy-Charts / ENTSO-E pl 2022-08-01 via https://api.energy-charts.info/public_power?country=pl&start=2022-08-01&end=2022-08-03
PL,26,2022-08-02T02:00:00Z,14549.6,energy_charts_residual_load_minus_wind_solar (real 2022; Load−WindOnshore−WindOffshore−Solar; 60min→1h resample) [absent treated as 0 MW: ['Wind offshore']],Energy-Charts / ENTSO-E pl 2022-08-01 via https://api.energy-charts.info/public_power?country=pl&start=2022-08-01&end=2022-08-03
PL,27,2022-08-02T03:00:00Z,14691.5,energy_charts_residual_load_minus_wind_solar (real 2022; Load−WindOnshore−WindOffshore−Solar; 60min→1h resample) [absent treated as 0 MW: ['Wind offshore']],Energy-Charts / ENTSO-E pl 2022-08-01 via https://api.energy-charts.info/public_power?country=pl&start=2022-08-01&end=2022-08-03
PL,28,2022-08-02T04:00:00Z,16596.1,energy_charts_residual_load_minus_wind_solar (real 2022; Load−WindOnshore−WindOffshore−Solar; 60min→1h resample) [absent treated as 0 MW: ['Wind offshore']],Energy-Charts / ENTSO-E pl 2022-08-01 via https://api.energy-charts.info/public_power?country=pl&start=2022-08-01&end=2022-08-03
PL,29,2022-08-02T05:00:00Z,17909.3,energy_charts_residual_load_minus_wind_solar (real 2022; Load−WindOnshore−WindOffshore−Solar; 60min→1h resample) [absent treated as 0 MW: ['Wind offshore']],Energy-Charts / ENTSO-E pl 2022-08-01 via https://api.energy-charts.info/public_power?country=pl&start=2022-08-01&end=2022-08-03
PL,30,2022-08-02T06:00:00Z,18043.8,energy_charts_residual_load_minus_wind_solar (real 2022; Load−WindOnshore−WindOffshore−Solar; 60min→1h resample) [absent treated as 0 MW: ['Wind offshore']],Energy-Charts / ENTSO-E pl 2022-08-01 via https://api.energy-charts.info/public_power?country=pl&start=2022-08-01&end=2022-08-03
PL,31,2022-08-02T07:00:00Z,17250.3,energy_charts_residual_load_minus_wind_solar (real 2022; Load−WindOnshore−WindOffshore−Solar; 60min→1h resample) [absent treated as 0 MW: ['Wind offshore']],Energy-Charts / ENTSO-E pl 2022-08-01 via https://api.energy-charts.info/public_power?country=pl&start=2022-08-01&end=2022-08-03
PL,32,2022-08-02T08:00:00Z,16217.5,energy_charts_residual_load_minus_wind_solar (real 2022; Load−WindOnshore−WindOffshore−Solar; 60min→1h resample) [absent treated as 0 MW: ['Wind offshore']],Energy-Charts / ENTSO-E pl 2022-08-01 via https://api.energy-charts.info/public_power?country=pl&start=2022-08-01&end=2022-08-03
PL,33,2022-08-02T09:00:00Z,15905.6,energy_charts_residual_load_minus_wind_solar (real 2022; Load−WindOnshore−WindOffshore−Solar; 60min→1h resample) [absent treated as 0 MW: ['Wind offshore']],Energy-Charts / ENTSO-E pl 2022-08-01 via https://api.energy-charts.info/public_power?country=pl&start=2022-08-01&end=2022-08-03
PL,34,2022-08-02T10:00:00Z,15797.8,energy_charts_residual_load_minus_wind_solar (real 2022; Load−WindOnshore−WindOffshore−Solar; 60min→1h resample) [absent treated as 0 MW: ['Wind offshore']],Energy-Charts / ENTSO-E pl 2022-08-01 via https://api.energy-charts.info/public_power?country=pl&start=2022-08-01&end=2022-08-03
PL,35,2022-08-02T11:00:00Z,15690.6,energy_charts_residual_load_minus_wind_solar (real 2022; Load−WindOnshore−WindOffshore−Solar; 60min→1h resample) [absent treated as 0 MW: ['Wind offshore']],Energy-Charts / ENTSO-E pl 2022-08-01 via https://api.energy-charts.info/public_power?country=pl&start=2022-08-01&end=2022-08-03
PL,36,2022-08-02T12:00:00Z,15605.2,energy_charts_residual_load_minus_wind_solar (real 2022; Load−WindOnshore−WindOffshore−Solar; 60min→1h resample) [absent treated as 0 MW: ['Wind offshore']],Energy-Charts / ENTSO-E pl 2022-08-01 via https://api.energy-charts.info/public_power?country=pl&start=2022-08-01&end=2022-08-03
PL,37,2022-08-02T13:00:00Z,16002.4,energy_charts_residual_load_minus_wind_solar (real 2022; Load−WindOnshore−WindOffshore−Solar; 60min→1h resample) [absent treated as 0 MW: ['Wind offshore']],Energy-Charts / ENTSO-E pl 2022-08-01 via https://api.energy-charts.info/public_power?country=pl&start=2022-08-01&end=2022-08-03
PL,38,2022-08-02T14:00:00Z,16743.4,energy_charts_residual_load_minus_wind_solar (real 2022; Load−WindOnshore−WindOffshore−Solar; 60min→1h resample) [absent treated as 0 MW: ['Wind offshore']],Energy-Charts / ENTSO-E pl 2022-08-01 via https://api.energy-charts.info/public_power?country=pl&start=2022-08-01&end=2022-08-03
PL,39,2022-08-02T15:00:00Z,17766.8,energy_charts_residual_load_minus_wind_solar (real 2022; Load−WindOnshore−WindOffshore−Solar; 60min→1h resample) [absent treated as 0 MW: ['Wind offshore']],Energy-Charts / ENTSO-E pl 2022-08-01 via https://api.energy-charts.info/public_power?country=pl&start=2022-08-01&end=2022-08-03
PL,40,2022-08-02T16:00:00Z,18940.7,energy_charts_residual_load_minus_wind_solar (real 2022; Load−WindOnshore−WindOffshore−Solar; 60min→1h resample) [absent treated as 0 MW: ['Wind offshore']],Energy-Charts / ENTSO-E pl 2022-08-01 via https://api.energy-charts.info/public_power?country=pl&start=2022-08-01&end=2022-08-03
PL,41,2022-08-02T17:00:00Z,19992.4,energy_charts_residual_load_minus_wind_solar (real 2022; Load−WindOnshore−WindOffshore−Solar; 60min→1h resample) [absent treated as 0 MW: ['Wind offshore']],Energy-Charts / ENTSO-E pl 2022-08-01 via https://api.energy-charts.info/public_power?country=pl&start=2022-08-01&end=2022-08-03
PL,42,2022-08-02T18:00:00Z,20575.1,energy_charts_residual_load_minus_wind_solar (real 2022; Load−WindOnshore−WindOffshore−Solar; 60min→1h resample) [absent treated as 0 MW: ['Wind offshore']],Energy-Charts / ENTSO-E pl 2022-08-01 via https://api.energy-charts.info/public_power?country=pl&start=2022-08-01&end=2022-08-03
PL,43,2022-08-02T19:00:00Z,20232.3,energy_charts_residual_load_minus_wind_solar (real 2022; Load−WindOnshore−WindOffshore−Solar; 60min→1h resample) [absent treated as 0 MW: ['Wind offshore']],Energy-Charts / ENTSO-E pl 2022-08-01 via https://api.energy-charts.info/public_power?country=pl&start=2022-08-01&end=2022-08-03
PL,44,2022-08-02T20:00:00Z,18606.1,energy_charts_residual_load_minus_wind_solar (real 2022; Load−WindOnshore−WindOffshore−Solar; 60min→1h resample) [absent treated as 0 MW: ['Wind offshore']],Energy-Charts / ENTSO-E pl 2022-08-01 via https://api.energy-charts.info/public_power?country=pl&start=2022-08-01&end=2022-08-03
PL,45,2022-08-02T21:00:00Z,16957.9,energy_charts_residual_load_minus_wind_solar (real 2022; Load−WindOnshore−WindOffshore−Solar; 60min→1h resample) [absent treated as 0 MW: ['Wind offshore']],Energy-Charts / ENTSO-E pl 2022-08-01 via https://api.energy-charts.info/public_power?country=pl&start=2022-08-01&end=2022-08-03
PL,46,2022-08-02T22:00:00Z,15565.3,energy_charts_residual_load_minus_wind_solar (real 2022; Load−WindOnshore−WindOffshore−Solar; 60min→1h resample) [absent treated as 0 MW: ['Wind offshore']],Energy-Charts / ENTSO-E pl 2022-08-01 via https://api.energy-charts.info/public_power?country=pl&start=2022-08-01&end=2022-08-03
PL,47,2022-08-02T23:00:00Z,14769.0,energy_charts_residual_load_minus_wind_solar (real 2022; Load−WindOnshore−WindOffshore−Solar; 60min→1h resample) [absent treated as 0 MW: ['Wind offshore']],Energy-Charts / ENTSO-E pl 2022-08-01 via https://api.energy-charts.info/public_power?country=pl&start=2022-08-01&end=2022-08-03
DE-BER,0,2022-08-01T00:00:00Z,27528.075,energy_charts_residual_load_minus_wind_solar (real 2022; Load−WindOnshore−WindOffshore−Solar; 15min→1h resample),Energy-Charts / ENTSO-E de 2022-08-01 via https://api.energy-charts.info/public_power?country=de&start=2022-08-01&end=2022-08-03
DE-BER,1,2022-08-01T01:00:00Z,28013.475,energy_charts_residual_load_minus_wind_solar (real 2022; Load−WindOnshore−WindOffshore−Solar; 15min→1h resample),Energy-Charts / ENTSO-E de 2022-08-01 via https://api.energy-charts.info/public_power?country=de&start=2022-08-01&end=2022-08-03
DE-BER,2,2022-08-01T02:00:00Z,29595.15,energy_charts_residual_load_minus_wind_solar (real 2022; Load−WindOnshore−WindOffshore−Solar; 15min→1h resample),Energy-Charts / ENTSO-E de 2022-08-01 via https://api.energy-charts.info/public_power?country=de&start=2022-08-01&end=2022-08-03
DE-BER,3,2022-08-01T03:00:00Z,33352.5,energy_charts_residual_load_minus_wind_solar (real 2022; Load−WindOnshore−WindOffshore−Solar; 15min→1h resample),Energy-Charts / ENTSO-E de 2022-08-01 via https://api.energy-charts.info/public_power?country=de&start=2022-08-01&end=2022-08-03
DE-BER,4,2022-08-01T04:00:00Z,38855.025,energy_charts_residual_load_minus_wind_solar (real 2022; Load−WindOnshore−WindOffshore−Solar; 15min→1h resample),Energy-Charts / ENTSO-E de 2022-08-01 via https://api.energy-charts.info/public_power?country=de&start=2022-08-01&end=2022-08-03
DE-BER,5,2022-08-01T05:00:00Z,42279.4,energy_charts_residual_load_minus_wind_solar (real 2022; Load−WindOnshore−WindOffshore−Solar; 15min→1h resample),Energy-Charts / ENTSO-E de 2022-08-01 via https://api.energy-charts.info/public_power?country=de&start=2022-08-01&end=2022-08-03
DE-BER,6,2022-08-01T06:00:00Z,41456.325,energy_charts_residual_load_minus_wind_solar (real 2022; Load−WindOnshore−WindOffshore−Solar; 15min→1h resample),Energy-Charts / ENTSO-E de 2022-08-01 via https://api.energy-charts.info/public_power?country=de&start=2022-08-01&end=2022-08-03
DE-BER,7,2022-08-01T07:00:00Z,38040.525,energy_charts_residual_load_minus_wind_solar (real 2022; Load−WindOnshore−WindOffshore−Solar; 15min→1h resample),Energy-Charts / ENTSO-E de 2022-08-01 via https://api.energy-charts.info/public_power?country=de&start=2022-08-01&end=2022-08-03
DE-BER,8,2022-08-01T08:00:00Z,35455.8,energy_charts_residual_load_minus_wind_solar (real 2022; Load−WindOnshore−WindOffshore−Solar; 15min→1h resample),Energy-Charts / ENTSO-E de 2022-08-01 via https://api.energy-charts.info/public_power?country=de&start=2022-08-01&end=2022-08-03
DE-BER,9,2022-08-01T09:00:00Z,33785.95,energy_charts_residual_load_minus_wind_solar (real 2022; Load−WindOnshore−WindOffshore−Solar; 15min→1h resample),Energy-Charts / ENTSO-E de 2022-08-01 via https://api.energy-charts.info/public_power?country=de&start=2022-08-01&end=2022-08-03
DE-BER,10,2022-08-01T10:00:00Z,31596.825,energy_charts_residual_load_minus_wind_solar (real 2022; Load−WindOnshore−WindOffshore−Solar; 15min→1h resample),Energy-Charts / ENTSO-E de 2022-08-01 via https://api.energy-charts.info/public_power?country=de&start=2022-08-01&end=2022-08-03
DE-BER,11,2022-08-01T11:00:00Z,30341.875,energy_charts_residual_load_minus_wind_solar (real 2022; Load−WindOnshore−WindOffshore−Solar; 15min→1h resample),Energy-Charts / ENTSO-E de 2022-08-01 via https://api.energy-charts.info/public_power?country=de&start=2022-08-01&end=2022-08-03
DE-BER,12,2022-08-01T12:00:00Z,29894.0,energy_charts_residual_load_minus_wind_solar (real 2022; Load−WindOnshore−WindOffshore−Solar; 15min→1h resample),Energy-Charts / ENTSO-E de 2022-08-01 via https://api.energy-charts.info/public_power?country=de&start=2022-08-01&end=2022-08-03
DE-BER,13,2022-08-01T13:00:00Z,30601.8,energy_charts_residual_load_minus_wind_solar (real 2022; Load−WindOnshore−WindOffshore−Solar; 15min→1h resample),Energy-Charts / ENTSO-E de 2022-08-01 via https://api.energy-charts.info/public_power?country=de&start=2022-08-01&end=2022-08-03
DE-BER,14,2022-08-01T14:00:00Z,32777.625,energy_charts_residual_load_minus_wind_solar (real 2022; Load−WindOnshore−WindOffshore−Solar; 15min→1h resample),Energy-Charts / ENTSO-E de 2022-08-01 via https://api.energy-charts.info/public_power?country=de&start=2022-08-01&end=2022-08-03
DE-BER,15,2022-08-01T15:00:00Z,38152.95,energy_charts_residual_load_minus_wind_solar (real 2022; Load−WindOnshore−WindOffshore−Solar; 15min→1h resample),Energy-Charts / ENTSO-E de 2022-08-01 via https://api.energy-charts.info/public_power?country=de&start=2022-08-01&end=2022-08-03
DE-BER,16,2022-08-01T16:00:00Z,43454.85,energy_charts_residual_load_minus_wind_solar (real 2022; Load−WindOnshore−WindOffshore−Solar; 15min→1h resample),Energy-Charts / ENTSO-E de 2022-08-01 via https://api.energy-charts.info/public_power?country=de&start=2022-08-01&end=2022-08-03
DE-BER,17,2022-08-01T17:00:00Z,47889.775,energy_charts_residual_load_minus_wind_solar (real 2022; Load−WindOnshore−WindOffshore−Solar; 15min→1h resample),Energy-Charts / ENTSO-E de 2022-08-01 via https://api.energy-charts.info/public_power?country=de&start=2022-08-01&end=2022-08-03
DE-BER,18,2022-08-01T18:00:00Z,49688.275,energy_charts_residual_load_minus_wind_solar (real 2022; Load−WindOnshore−WindOffshore−Solar; 15min→1h resample),Energy-Charts / ENTSO-E de 2022-08-01 via https://api.energy-charts.info/public_power?country=de&start=2022-08-01&end=2022-08-03
DE-BER,19,2022-08-01T19:00:00Z,48923.225,energy_charts_residual_load_minus_wind_solar (real 2022; Load−WindOnshore−WindOffshore−Solar; 15min→1h resample),Energy-Charts / ENTSO-E de 2022-08-01 via https://api.energy-charts.info/public_power?country=de&start=2022-08-01&end=2022-08-03
DE-BER,20,2022-08-01T20:00:00Z,46189.775,energy_charts_residual_load_minus_wind_solar (real 2022; Load−WindOnshore−WindOffshore−Solar; 15min→1h resample),Energy-Charts / ENTSO-E de 2022-08-01 via https://api.energy-charts.info/public_power?country=de&start=2022-08-01&end=2022-08-03
DE-BER,21,2022-08-01T21:00:00Z,43051.15,energy_charts_residual_load_minus_wind_solar (real 2022; Load−WindOnshore−WindOffshore−Solar; 15min→1h resample),Energy-Charts / ENTSO-E de 2022-08-01 via https://api.energy-charts.info/public_power?country=de&start=2022-08-01&end=2022-08-03
DE-BER,22,2022-08-01T22:00:00Z,40867.375,energy_charts_residual_load_minus_wind_solar (real 2022; Load−WindOnshore−WindOffshore−Solar; 15min→1h resample),Energy-Charts / ENTSO-E de 2022-08-01 via https://api.energy-charts.info/public_power?country=de&start=2022-08-01&end=2022-08-03
DE-BER,23,2022-08-01T23:00:00Z,39687.1,energy_charts_residual_load_minus_wind_solar (real 2022; Load−WindOnshore−WindOffshore−Solar; 15min→1h resample),Energy-Charts / ENTSO-E de 2022-08-01 via https://api.energy-charts.info/public_power?country=de&start=2022-08-01&end=2022-08-03
DE-BER,24,2022-08-02T00:00:00Z,39004.55,energy_charts_residual_load_minus_wind_solar (real 2022; Load−WindOnshore−WindOffshore−Solar; 15min→1h resample),Energy-Charts / ENTSO-E de 2022-08-01 via https://api.energy-charts.info/public_power?country=de&start=2022-08-01&end=2022-08-03
DE-BER,25,2022-08-02T01:00:00Z,38773.975,energy_charts_residual_load_minus_wind_solar (real 2022; Load−WindOnshore−WindOffshore−Solar; 15min→1h resample),Energy-Charts / ENTSO-E de 2022-08-01 via https://api.energy-charts.info/public_power?country=de&start=2022-08-01&end=2022-08-03
DE-BER,26,2022-08-02T02:00:00Z,39172.775,energy_charts_residual_load_minus_wind_solar (real 2022; Load−WindOnshore−WindOffshore−Solar; 15min→1h resample),Energy-Charts / ENTSO-E de 2022-08-01 via https://api.energy-charts.info/public_power?country=de&start=2022-08-01&end=2022-08-03
DE-BER,27,2022-08-02T03:00:00Z,41071.85,energy_charts_residual_load_minus_wind_solar (real 2022; Load−WindOnshore−WindOffshore−Solar; 15min→1h resample),Energy-Charts / ENTSO-E de 2022-08-01 via https://api.energy-charts.info/public_power?country=de&start=2022-08-01&end=2022-08-03
DE-BER,28,2022-08-02T04:00:00Z,44411.45,energy_charts_residual_load_minus_wind_solar (real 2022; Load−WindOnshore−WindOffshore−Solar; 15min→1h resample),Energy-Charts / ENTSO-E de 2022-08-01 via https://api.energy-charts.info/public_power?country=de&start=2022-08-01&end=2022-08-03
DE-BER,29,2022-08-02T05:00:00Z,44159.6,energy_charts_residual_load_minus_wind_solar (real 2022; Load−WindOnshore−WindOffshore−Solar; 15min→1h resample),Energy-Charts / ENTSO-E de 2022-08-01 via https://api.energy-charts.info/public_power?country=de&start=2022-08-01&end=2022-08-03
DE-BER,30,2022-08-02T06:00:00Z,41043.425,energy_charts_residual_load_minus_wind_solar (real 2022; Load−WindOnshore−WindOffshore−Solar; 15min→1h resample),Energy-Charts / ENTSO-E de 2022-08-01 via https://api.energy-charts.info/public_power?country=de&start=2022-08-01&end=2022-08-03
DE-BER,31,2022-08-02T07:00:00Z,34726.525,energy_charts_residual_load_minus_wind_solar (real 2022; Load−WindOnshore−WindOffshore−Solar; 15min→1h resample),Energy-Charts / ENTSO-E de 2022-08-01 via https://api.energy-charts.info/public_power?country=de&start=2022-08-01&end=2022-08-03
DE-BER,32,2022-08-02T08:00:00Z,28715.7,energy_charts_residual_load_minus_wind_solar (real 2022; Load−WindOnshore−WindOffshore−Solar; 15min→1h resample),Energy-Charts / ENTSO-E de 2022-08-01 via https://api.energy-charts.info/public_power?country=de&start=2022-08-01&end=2022-08-03
DE-BER,33,2022-08-02T09:00:00Z,24731.15,energy_charts_residual_load_minus_wind_solar (real 2022; Load−WindOnshore−WindOffshore−Solar; 15min→1h resample),Energy-Charts / ENTSO-E de 2022-08-01 via https://api.energy-charts.info/public_power?country=de&start=2022-08-01&end=2022-08-03
DE-BER,34,2022-08-02T10:00:00Z,22171.475,energy_charts_residual_load_minus_wind_solar (real 2022; Load−WindOnshore−WindOffshore−Solar; 15min→1h resample),Energy-Charts / ENTSO-E de 2022-08-01 via https://api.energy-charts.info/public_power?country=de&start=2022-08-01&end=2022-08-03
DE-BER,35,2022-08-02T11:00:00Z,20228.95,energy_charts_residual_load_minus_wind_solar (real 2022; Load−WindOnshore−WindOffshore−Solar; 15min→1h resample),Energy-Charts / ENTSO-E de 2022-08-01 via https://api.energy-charts.info/public_power?country=de&start=2022-08-01&end=2022-08-03
DE-BER,36,2022-08-02T12:00:00Z,20020.7,energy_charts_residual_load_minus_wind_solar (real 2022; Load−WindOnshore−WindOffshore−Solar; 15min→1h resample),Energy-Charts / ENTSO-E de 2022-08-01 via https://api.energy-charts.info/public_power?country=de&start=2022-08-01&end=2022-08-03
DE-BER,37,2022-08-02T13:00:00Z,22059.625,energy_charts_residual_load_minus_wind_solar (real 2022; Load−WindOnshore−WindOffshore−Solar; 15min→1h resample),Energy-Charts / ENTSO-E de 2022-08-01 via https://api.energy-charts.info/public_power?country=de&start=2022-08-01&end=2022-08-03
DE-BER,38,2022-08-02T14:00:00Z,26674.3,energy_charts_residual_load_minus_wind_solar (real 2022; Load−WindOnshore−WindOffshore−Solar; 15min→1h resample),Energy-Charts / ENTSO-E de 2022-08-01 via https://api.energy-charts.info/public_power?country=de&start=2022-08-01&end=2022-08-03
DE-BER,39,2022-08-02T15:00:00Z,33245.45,energy_charts_residual_load_minus_wind_solar (real 2022; Load−WindOnshore−WindOffshore−Solar; 15min→1h resample),Energy-Charts / ENTSO-E de 2022-08-01 via https://api.energy-charts.info/public_power?country=de&start=2022-08-01&end=2022-08-03
DE-BER,40,2022-08-02T16:00:00Z,40182.7,energy_charts_residual_load_minus_wind_solar (real 2022; Load−WindOnshore−WindOffshore−Solar; 15min→1h resample),Energy-Charts / ENTSO-E de 2022-08-01 via https://api.energy-charts.info/public_power?country=de&start=2022-08-01&end=2022-08-03
DE-BER,41,2022-08-02T17:00:00Z,45483.175,energy_charts_residual_load_minus_wind_solar (real 2022; Load−WindOnshore−WindOffshore−Solar; 15min→1h resample),Energy-Charts / ENTSO-E de 2022-08-01 via https://api.energy-charts.info/public_power?country=de&start=2022-08-01&end=2022-08-03
DE-BER,42,2022-08-02T18:00:00Z,47525.9,energy_charts_residual_load_minus_wind_solar (real 2022; Load−WindOnshore−WindOffshore−Solar; 15min→1h resample),Energy-Charts / ENTSO-E de 2022-08-01 via https://api.energy-charts.info/public_power?country=de&start=2022-08-01&end=2022-08-03
DE-BER,43,2022-08-02T19:00:00Z,47112.15,energy_charts_residual_load_minus_wind_solar (real 2022; Load−WindOnshore−WindOffshore−Solar; 15min→1h resample),Energy-Charts / ENTSO-E de 2022-08-01 via https://api.energy-charts.info/public_power?country=de&start=2022-08-01&end=2022-08-03
DE-BER,44,2022-08-02T20:00:00Z,44556.275,energy_charts_residual_load_minus_wind_solar (real 2022; Load−WindOnshore−WindOffshore−Solar; 15min→1h resample),Energy-Charts / ENTSO-E de 2022-08-01 via https://api.energy-charts.info/public_power?country=de&start=2022-08-01&end=2022-08-03
DE-BER,45,2022-08-02T21:00:00Z,41004.05,energy_charts_residual_load_minus_wind_solar (real 2022; Load−WindOnshore−WindOffshore−Solar; 15min→1h resample),Energy-Charts / ENTSO-E de 2022-08-01 via https://api.energy-charts.info/public_power?country=de&start=2022-08-01&end=2022-08-03
DE-BER,46,2022-08-02T22:00:00Z,38267.65,energy_charts_residual_load_minus_wind_solar (real 2022; Load−WindOnshore−WindOffshore−Solar; 15min→1h resample),Energy-Charts / ENTSO-E de 2022-08-01 via https://api.energy-charts.info/public_power?country=de&start=2022-08-01&end=2022-08-03
DE-BER,47,2022-08-02T23:00:00Z,36107.1,energy_charts_residual_load_minus_wind_solar (real 2022; Load−WindOnshore−WindOffshore−Solar; 15min→1h resample),Energy-Charts / ENTSO-E de 2022-08-01 via https://api.energy-charts.info/public_power?country=de&start=2022-08-01&end=2022-08-03
DE-MUC,0,2022-08-01T00:00:00Z,27528.075,energy_charts_residual_load_minus_wind_solar (real 2022; Load−WindOnshore−WindOffshore−Solar; 15min→1h resample),Energy-Charts / ENTSO-E de 2022-08-01 via https://api.energy-charts.info/public_power?country=de&start=2022-08-01&end=2022-08-03
DE-MUC,1,2022-08-01T01:00:00Z,28013.475,energy_charts_residual_load_minus_wind_solar (real 2022; Load−WindOnshore−WindOffshore−Solar; 15min→1h resample),Energy-Charts / ENTSO-E de 2022-08-01 via https://api.energy-charts.info/public_power?country=de&start=2022-08-01&end=2022-08-03
DE-MUC,2,2022-08-01T02:00:00Z,29595.15,energy_charts_residual_load_minus_wind_solar (real 2022; Load−WindOnshore−WindOffshore−Solar; 15min→1h resample),Energy-Charts / ENTSO-E de 2022-08-01 via https://api.energy-charts.info/public_power?country=de&start=2022-08-01&end=2022-08-03
DE-MUC,3,2022-08-01T03:00:00Z,33352.5,energy_charts_residual_load_minus_wind_solar (real 2022; Load−WindOnshore−WindOffshore−Solar; 15min→1h resample),Energy-Charts / ENTSO-E de 2022-08-01 via https://api.energy-charts.info/public_power?country=de&start=2022-08-01&end=2022-08-03
DE-MUC,4,2022-08-01T04:00:00Z,38855.025,energy_charts_residual_load_minus_wind_solar (real 2022; Load−WindOnshore−WindOffshore−Solar; 15min→1h resample),Energy-Charts / ENTSO-E de 2022-08-01 via https://api.energy-charts.info/public_power?country=de&start=2022-08-01&end=2022-08-03
DE-MUC,5,2022-08-01T05:00:00Z,42279.4,energy_charts_residual_load_minus_wind_solar (real 2022; Load−WindOnshore−WindOffshore−Solar; 15min→1h resample),Energy-Charts / ENTSO-E de 2022-08-01 via https://api.energy-charts.info/public_power?country=de&start=2022-08-01&end=2022-08-03
DE-MUC,6,2022-08-01T06:00:00Z,41456.325,energy_charts_residual_load_minus_wind_solar (real 2022; Load−WindOnshore−WindOffshore−Solar; 15min→1h resample),Energy-Charts / ENTSO-E de 2022-08-01 via https://api.energy-charts.info/public_power?country=de&start=2022-08-01&end=2022-08-03
DE-MUC,7,2022-08-01T07:00:00Z,38040.525,energy_charts_residual_load_minus_wind_solar (real 2022; Load−WindOnshore−WindOffshore−Solar; 15min→1h resample),Energy-Charts / ENTSO-E de 2022-08-01 via https://api.energy-charts.info/public_power?country=de&start=2022-08-01&end=2022-08-03
DE-MUC,8,2022-08-01T08:00:00Z,35455.8,energy_charts_residual_load_minus_wind_solar (real 2022; Load−WindOnshore−WindOffshore−Solar; 15min→1h resample),Energy-Charts / ENTSO-E de 2022-08-01 via https://api.energy-charts.info/public_power?country=de&start=2022-08-01&end=2022-08-03
DE-MUC,9,2022-08-01T09:00:00Z,33785.95,energy_charts_residual_load_minus_wind_solar (real 2022; Load−WindOnshore−WindOffshore−Solar; 15min→1h resample),Energy-Charts / ENTSO-E de 2022-08-01 via https://api.energy-charts.info/public_power?country=de&start=2022-08-01&end=2022-08-03
DE-MUC,10,2022-08-01T10:00:00Z,31596.825,energy_charts_residual_load_minus_wind_solar (real 2022; Load−WindOnshore−WindOffshore−Solar; 15min→1h resample),Energy-Charts / ENTSO-E de 2022-08-01 via https://api.energy-charts.info/public_power?country=de&start=2022-08-01&end=2022-08-03
DE-MUC,11,2022-08-01T11:00:00Z,30341.875,energy_charts_residual_load_minus_wind_solar (real 2022; Load−WindOnshore−WindOffshore−Solar; 15min→1h resample),Energy-Charts / ENTSO-E de 2022-08-01 via https://api.energy-charts.info/public_power?country=de&start=2022-08-01&end=2022-08-03
DE-MUC,12,2022-08-01T12:00:00Z,29894.0,energy_charts_residual_load_minus_wind_solar (real 2022; Load−WindOnshore−WindOffshore−Solar; 15min→1h resample),Energy-Charts / ENTSO-E de 2022-08-01 via https://api.energy-charts.info/public_power?country=de&start=2022-08-01&end=2022-08-03
DE-MUC,13,2022-08-01T13:00:00Z,30601.8,energy_charts_residual_load_minus_wind_solar (real 2022; Load−WindOnshore−WindOffshore−Solar; 15min→1h resample),Energy-Charts / ENTSO-E de 2022-08-01 via https://api.energy-charts.info/public_power?country=de&start=2022-08-01&end=2022-08-03
DE-MUC,14,2022-08-01T14:00:00Z,32777.625,energy_charts_residual_load_minus_wind_solar (real 2022; Load−WindOnshore−WindOffshore−Solar; 15min→1h resample),Energy-Charts / ENTSO-E de 2022-08-01 via https://api.energy-charts.info/public_power?country=de&start=2022-08-01&end=2022-08-03
DE-MUC,15,2022-08-01T15:00:00Z,38152.95,energy_charts_residual_load_minus_wind_solar (real 2022; Load−WindOnshore−WindOffshore−Solar; 15min→1h resample),Energy-Charts / ENTSO-E de 2022-08-01 via https://api.energy-charts.info/public_power?country=de&start=2022-08-01&end=2022-08-03
DE-MUC,16,2022-08-01T16:00:00Z,43454.85,energy_charts_residual_load_minus_wind_solar (real 2022; Load−WindOnshore−WindOffshore−Solar; 15min→1h resample),Energy-Charts / ENTSO-E de 2022-08-01 via https://api.energy-charts.info/public_power?country=de&start=2022-08-01&end=2022-08-03
DE-MUC,17,2022-08-01T17:00:00Z,47889.775,energy_charts_residual_load_minus_wind_solar (real 2022; Load−WindOnshore−WindOffshore−Solar; 15min→1h resample),Energy-Charts / ENTSO-E de 2022-08-01 via https://api.energy-charts.info/public_power?country=de&start=2022-08-01&end=2022-08-03
DE-MUC,18,2022-08-01T18:00:00Z,49688.275,energy_charts_residual_load_minus_wind_solar (real 2022; Load−WindOnshore−WindOffshore−Solar; 15min→1h resample),Energy-Charts / ENTSO-E de 2022-08-01 via https://api.energy-charts.info/public_power?country=de&start=2022-08-01&end=2022-08-03
DE-MUC,19,2022-08-01T19:00:00Z,48923.225,energy_charts_residual_load_minus_wind_solar (real 2022; Load−WindOnshore−WindOffshore−Solar; 15min→1h resample),Energy-Charts / ENTSO-E de 2022-08-01 via https://api.energy-charts.info/public_power?country=de&start=2022-08-01&end=2022-08-03
DE-MUC,20,2022-08-01T20:00:00Z,46189.775,energy_charts_residual_load_minus_wind_solar (real 2022; Load−WindOnshore−WindOffshore−Solar; 15min→1h resample),Energy-Charts / ENTSO-E de 2022-08-01 via https://api.energy-charts.info/public_power?country=de&start=2022-08-01&end=2022-08-03
DE-MUC,21,2022-08-01T21:00:00Z,43051.15,energy_charts_residual_load_minus_wind_solar (real 2022; Load−WindOnshore−WindOffshore−Solar; 15min→1h resample),Energy-Charts / ENTSO-E de 2022-08-01 via https://api.energy-charts.info/public_power?country=de&start=2022-08-01&end=2022-08-03
DE-MUC,22,2022-08-01T22:00:00Z,40867.375,energy_charts_residual_load_minus_wind_solar (real 2022; Load−WindOnshore−WindOffshore−Solar; 15min→1h resample),Energy-Charts / ENTSO-E de 2022-08-01 via https://api.energy-charts.info/public_power?country=de&start=2022-08-01&end=2022-08-03
DE-MUC,23,2022-08-01T23:00:00Z,39687.1,energy_charts_residual_load_minus_wind_solar (real 2022; Load−WindOnshore−WindOffshore−Solar; 15min→1h resample),Energy-Charts / ENTSO-E de 2022-08-01 via https://api.energy-charts.info/public_power?country=de&start=2022-08-01&end=2022-08-03
DE-MUC,24,2022-08-02T00:00:00Z,39004.55,energy_charts_residual_load_minus_wind_solar (real 2022; Load−WindOnshore−WindOffshore−Solar; 15min→1h resample),Energy-Charts / ENTSO-E de 2022-08-01 via https://api.energy-charts.info/public_power?country=de&start=2022-08-01&end=2022-08-03
DE-MUC,25,2022-08-02T01:00:00Z,38773.975,energy_charts_residual_load_minus_wind_solar (real 2022; Load−WindOnshore−WindOffshore−Solar; 15min→1h resample),Energy-Charts / ENTSO-E de 2022-08-01 via https://api.energy-charts.info/public_power?country=de&start=2022-08-01&end=2022-08-03
DE-MUC,26,2022-08-02T02:00:00Z,39172.775,energy_charts_residual_load_minus_wind_solar (real 2022; Load−WindOnshore−WindOffshore−Solar; 15min→1h resample),Energy-Charts / ENTSO-E de 2022-08-01 via https://api.energy-charts.info/public_power?country=de&start=2022-08-01&end=2022-08-03
DE-MUC,27,2022-08-02T03:00:00Z,41071.85,energy_charts_residual_load_minus_wind_solar (real 2022; Load−WindOnshore−WindOffshore−Solar; 15min→1h resample),Energy-Charts / ENTSO-E de 2022-08-01 via https://api.energy-charts.info/public_power?country=de&start=2022-08-01&end=2022-08-03
DE-MUC,28,2022-08-02T04:00:00Z,44411.45,energy_charts_residual_load_minus_wind_solar (real 2022; Load−WindOnshore−WindOffshore−Solar; 15min→1h resample),Energy-Charts / ENTSO-E de 2022-08-01 via https://api.energy-charts.info/public_power?country=de&start=2022-08-01&end=2022-08-03
DE-MUC,29,2022-08-02T05:00:00Z,44159.6,energy_charts_residual_load_minus_wind_solar (real 2022; Load−WindOnshore−WindOffshore−Solar; 15min→1h resample),Energy-Charts / ENTSO-E de 2022-08-01 via https://api.energy-charts.info/public_power?country=de&start=2022-08-01&end=2022-08-03
DE-MUC,30,2022-08-02T06:00:00Z,41043.425,energy_charts_residual_load_minus_wind_solar (real 2022; Load−WindOnshore−WindOffshore−Solar; 15min→1h resample),Energy-Charts / ENTSO-E de 2022-08-01 via https://api.energy-charts.info/public_power?country=de&start=2022-08-01&end=2022-08-03
DE-MUC,31,2022-08-02T07:00:00Z,34726.525,energy_charts_residual_load_minus_wind_solar (real 2022; Load−WindOnshore−WindOffshore−Solar; 15min→1h resample),Energy-Charts / ENTSO-E de 2022-08-01 via https://api.energy-charts.info/public_power?country=de&start=2022-08-01&end=2022-08-03
DE-MUC,32,2022-08-02T08:00:00Z,28715.7,energy_charts_residual_load_minus_wind_solar (real 2022; Load−WindOnshore−WindOffshore−Solar; 15min→1h resample),Energy-Charts / ENTSO-E de 2022-08-01 via https://api.energy-charts.info/public_power?country=de&start=2022-08-01&end=2022-08-03
DE-MUC,33,2022-08-02T09:00:00Z,24731.15,energy_charts_residual_load_minus_wind_solar (real 2022; Load−WindOnshore−WindOffshore−Solar; 15min→1h resample),Energy-Charts / ENTSO-E de 2022-08-01 via https://api.energy-charts.info/public_power?country=de&start=2022-08-01&end=2022-08-03
DE-MUC,34,2022-08-02T10:00:00Z,22171.475,energy_charts_residual_load_minus_wind_solar (real 2022; Load−WindOnshore−WindOffshore−Solar; 15min→1h resample),Energy-Charts / ENTSO-E de 2022-08-01 via https://api.energy-charts.info/public_power?country=de&start=2022-08-01&end=2022-08-03
DE-MUC,35,2022-08-02T11:00:00Z,20228.95,energy_charts_residual_load_minus_wind_solar (real 2022; Load−WindOnshore−WindOffshore−Solar; 15min→1h resample),Energy-Charts / ENTSO-E de 2022-08-01 via https://api.energy-charts.info/public_power?country=de&start=2022-08-01&end=2022-08-03
DE-MUC,36,2022-08-02T12:00:00Z,20020.7,energy_charts_residual_load_minus_wind_solar (real 2022; Load−WindOnshore−WindOffshore−Solar; 15min→1h resample),Energy-Charts / ENTSO-E de 2022-08-01 via https://api.energy-charts.info/public_power?country=de&start=2022-08-01&end=2022-08-03
DE-MUC,37,2022-08-02T13:00:00Z,22059.625,energy_charts_residual_load_minus_wind_solar (real 2022; Load−WindOnshore−WindOffshore−Solar; 15min→1h resample),Energy-Charts / ENTSO-E de 2022-08-01 via https://api.energy-charts.info/public_power?country=de&start=2022-08-01&end=2022-08-03
DE-MUC,38,2022-08-02T14:00:00Z,26674.3,energy_charts_residual_load_minus_wind_solar (real 2022; Load−WindOnshore−WindOffshore−Solar; 15min→1h resample),Energy-Charts / ENTSO-E de 2022-08-01 via https://api.energy-charts.info/public_power?country=de&start=2022-08-01&end=2022-08-03
DE-MUC,39,2022-08-02T15:00:00Z,33245.45,energy_charts_residual_load_minus_wind_solar (real 2022; Load−WindOnshore−WindOffshore−Solar; 15min→1h resample),Energy-Charts / ENTSO-E de 2022-08-01 via https://api.energy-charts.info/public_power?country=de&start=2022-08-01&end=2022-08-03
DE-MUC,40,2022-08-02T16:00:00Z,40182.7,energy_charts_residual_load_minus_wind_solar (real 2022; Load−WindOnshore−WindOffshore−Solar; 15min→1h resample),Energy-Charts / ENTSO-E de 2022-08-01 via https://api.energy-charts.info/public_power?country=de&start=2022-08-01&end=2022-08-03
DE-MUC,41,2022-08-02T17:00:00Z,45483.175,energy_charts_residual_load_minus_wind_solar (real 2022; Load−WindOnshore−WindOffshore−Solar; 15min→1h resample),Energy-Charts / ENTSO-E de 2022-08-01 via https://api.energy-charts.info/public_power?country=de&start=2022-08-01&end=2022-08-03
DE-MUC,42,2022-08-02T18:00:00Z,47525.9,energy_charts_residual_load_minus_wind_solar (real 2022; Load−WindOnshore−WindOffshore−Solar; 15min→1h resample),Energy-Charts / ENTSO-E de 2022-08-01 via https://api.energy-charts.info/public_power?country=de&start=2022-08-01&end=2022-08-03
DE-MUC,43,2022-08-02T19:00:00Z,47112.15,energy_charts_residual_load_minus_wind_solar (real 2022; Load−WindOnshore−WindOffshore−Solar; 15min→1h resample),Energy-Charts / ENTSO-E de 2022-08-01 via https://api.energy-charts.info/public_power?country=de&start=2022-08-01&end=2022-08-03
DE-MUC,44,2022-08-02T20:00:00Z,44556.275,energy_charts_residual_load_minus_wind_solar (real 2022; Load−WindOnshore−WindOffshore−Solar; 15min→1h resample),Energy-Charts / ENTSO-E de 2022-08-01 via https://api.energy-charts.info/public_power?country=de&start=2022-08-01&end=2022-08-03
DE-MUC,45,2022-08-02T21:00:00Z,41004.05,energy_charts_residual_load_minus_wind_solar (real 2022; Load−WindOnshore−WindOffshore−Solar; 15min→1h resample),Energy-Charts / ENTSO-E de 2022-08-01 via https://api.energy-charts.info/public_power?country=de&start=2022-08-01&end=2022-08-03
DE-MUC,46,2022-08-02T22:00:00Z,38267.65,energy_charts_residual_load_minus_wind_solar (real 2022; Load−WindOnshore−WindOffshore−Solar; 15min→1h resample),Energy-Charts / ENTSO-E de 2022-08-01 via https://api.energy-charts.info/public_power?country=de&start=2022-08-01&end=2022-08-03
DE-MUC,47,2022-08-02T23:00:00Z,36107.1,energy_charts_residual_load_minus_wind_solar (real 2022; Load−WindOnshore−WindOffshore−Solar; 15min→1h resample),Energy-Charts / ENTSO-E de 2022-08-01 via https://api.energy-charts.info/public_power?country=de&start=2022-08-01&end=2022-08-03
