region,slot_index,forecast_datetime_utc,mix_datetime_utc,ewif_l_per_kwh,ewif_scenario,power_consumption_total_mw,non_storage_share,inherit_share,is_estimated,estimation_method,mix_notes,source_dataset,source_url
DE,0,2017-07-25T00:00:00Z,2017-07-25T00:00:00Z,1.807613,base,46259.6,1.0,0.0,False,,Energy-Charts/ENTSO-E measured fuel mix x Macknick 2012 consumption factors (same payload as real CI),Energy-Charts / ENTSO-E generation mix + Macknick 2012 (NREL),https://api.energy-charts.info/public_power?country=de
DE,1,2017-07-25T01:00:00Z,2017-07-25T01:00:00Z,1.790098,base,46458.1,1.0,0.0,False,,Energy-Charts/ENTSO-E measured fuel mix x Macknick 2012 consumption factors (same payload as real CI),Energy-Charts / ENTSO-E generation mix + Macknick 2012 (NREL),https://api.energy-charts.info/public_power?country=de
DE,2,2017-07-25T02:00:00Z,2017-07-25T02:00:00Z,1.780691,base,47086.6,1.0,0.0,False,,Energy-Charts/ENTSO-E measured fuel mix x Macknick 2012 consumption factors (same payload as real CI),Energy-Charts / ENTSO-E generation mix + Macknick 2012 (NREL),https://api.energy-charts.info/public_power?country=de
DE,3,2017-07-25T03:00:00Z,2017-07-25T03:00:00Z,1.776327,base,49043.2,1.0,0.0,False,,Energy-Charts/ENTSO-E measured fuel mix x Macknick 2012 consumption factors (same payload as real CI),Energy-Charts / ENTSO-E generation mix + Macknick 2012 (NREL),https://api.energy-charts.info/public_power?country=de
DE,4,2017-07-25T04:00:00Z,2017-07-25T04:00:00Z,1.779488,base,53824.0,1.0,0.0,False,,Energy-Charts/ENTSO-E measured fuel mix x Macknick 2012 consumption factors (same payload as real CI),Energy-Charts / ENTSO-E generation mix + Macknick 2012 (NREL),https://api.energy-charts.info/public_power?country=de
DE,5,2017-07-25T05:00:00Z,2017-07-25T05:00:00Z,1.75541,base,58087.4,1.0,0.0,False,,Energy-Charts/ENTSO-E measured fuel mix x Macknick 2012 consumption factors (same payload as real CI),Energy-Charts / ENTSO-E generation mix + Macknick 2012 (NREL),https://api.energy-charts.info/public_power?country=de
DE,6,2017-07-25T06:00:00Z,2017-07-25T06:00:00Z,1.687435,base,61284.8,1.0,0.0,False,,Energy-Charts/ENTSO-E measured fuel mix x Macknick 2012 consumption factors (same payload as real CI),Energy-Charts / ENTSO-E generation mix + Macknick 2012 (NREL),https://api.energy-charts.info/public_power?country=de
DE,7,2017-07-25T07:00:00Z,2017-07-25T07:00:00Z,1.627544,base,63707.2,1.0,0.0,False,,Energy-Charts/ENTSO-E measured fuel mix x Macknick 2012 consumption factors (same payload as real CI),Energy-Charts / ENTSO-E generation mix + Macknick 2012 (NREL),https://api.energy-charts.info/public_power?country=de
DE,8,2017-07-25T08:00:00Z,2017-07-25T08:00:00Z,1.590298,base,65484.2,1.0,0.0,False,,Energy-Charts/ENTSO-E measured fuel mix x Macknick 2012 consumption factors (same payload as real CI),Energy-Charts / ENTSO-E generation mix + Macknick 2012 (NREL),https://api.energy-charts.info/public_power?country=de
DE,9,2017-07-25T09:00:00Z,2017-07-25T09:00:00Z,1.55634,base,67308.6,1.0,0.0,False,,Energy-Charts/ENTSO-E measured fuel mix x Macknick 2012 consumption factors (same payload as real CI),Energy-Charts / ENTSO-E generation mix + Macknick 2012 (NREL),https://api.energy-charts.info/public_power?country=de
DE,10,2017-07-25T10:00:00Z,2017-07-25T10:00:00Z,1.522892,base,67796.2,1.0,0.0,False,,Energy-Charts/ENTSO-E measured fuel mix x Macknick 2012 consumption factors (same payload as real CI),Energy-Charts / ENTSO-E generation mix + Macknick 2012 (NREL),https://api.energy-charts.info/public_power?country=de
DE,11,2017-07-25T11:00:00Z,2017-07-25T11:00:00Z,1.479674,base,67729.5,1.0,0.0,False,,Energy-Charts/ENTSO-E measured fuel mix x Macknick 2012 consumption factors (same payload as real CI),Energy-Charts / ENTSO-E generation mix + Macknick 2012 (NREL),https://api.energy-charts.info/public_power?country=de
DE,12,2017-07-25T12:00:00Z,2017-07-25T12:00:00Z,1.477801,base,66634.4,1.0,0.0,False,,Energy-Charts/ENTSO-E measured fuel mix x Macknick 2012 consumption factors (same payload as real CI),Energy-Charts / ENTSO-E generation mix + Macknick 2012 (NREL),https://api.energy-charts.info/public_power?country=de
DE,13,2017-07-25T13:00:00Z,2017-07-25T13:00:00Z,1.483105,base,65728.4,1.0,0.0,False,,Energy-Charts/ENTSO-E measured fuel mix x Macknick 2012 consumption factors (same payload as real CI),Energy-Charts / ENTSO-E generation mix + Macknick 2012 (NREL),https://api.energy-charts.info/public_power?country=de
DE,14,2017-07-25T14:00:00Z,2017-07-25T14:00:00Z,1.495292,base,63907.0,1.0,0.0,False,,Energy-Charts/ENTSO-E measured fuel mix x Macknick 2012 consumption factors (same payload as real CI),Energy-Charts / ENTSO-E generation mix + Macknick 2012 (NREL),https://api.energy-charts.info/public_power?country=de
DE,15,2017-07-25T15:00:00Z,2017-07-25T15:00:00Z,1.504904,base,62969.9,1.0,0.0,False,,Energy-Charts/ENTSO-E measured fuel mix x Macknick 2012 consumption factors (same payload as real CI),Energy-Charts / ENTSO-E generation mix + Macknick 2012 (NREL),https://api.energy-charts.info/public_power?country=de
DE,16,2017-07-25T16:00:00Z,2017-07-25T16:00:00Z,1.529372,base,62441.1,1.0,0.0,False,,Energy-Charts/ENTSO-E measured fuel mix x Macknick 2012 consumption factors (same payload as real CI),Energy-Charts / ENTSO-E generation mix + Macknick 2012 (NREL),https://api.energy-charts.info/public_power?country=de
DE,17,2017-07-25T17:00:00Z,2017-07-25T17:00:00Z,1.56534,base,62011.0,1.0,0.0,False,,Energy-Charts/ENTSO-E measured fuel mix x Macknick 2012 consumption factors (same payload as real CI),Energy-Charts / ENTSO-E generation mix + Macknick 2012 (NREL),https://api.energy-charts.info/public_power?country=de
DE,18,2017-07-25T18:00:00Z,2017-07-25T18:00:00Z,1.601531,base,59995.9,1.0,0.0,False,,Energy-Charts/ENTSO-E measured fuel mix x Macknick 2012 consumption factors (same payload as real CI),Energy-Charts / ENTSO-E generation mix + Macknick 2012 (NREL),https://api.energy-charts.info/public_power?country=de
DE,19,2017-07-25T19:00:00Z,2017-07-25T19:00:00Z,1.591591,base,58547.2,1.0,0.0,False,,Energy-Charts/ENTSO-E measured fuel mix x Macknick 2012 consumption factors (same payload as real CI),Energy-Charts / ENTSO-E generation mix + Macknick 2012 (NREL),https://api.energy-charts.info/public_power?country=de
DE,20,2017-07-25T20:00:00Z,2017-07-25T20:00:00Z,1.580284,base,57315.7,1.0,0.0,False,,Energy-Charts/ENTSO-E measured fuel mix x Macknick 2012 consumption factors (same payload as real CI),Energy-Charts / ENTSO-E generation mix + Macknick 2012 (NREL),https://api.energy-charts.info/public_power?country=de
DE,21,2017-07-25T21:00:00Z,2017-07-25T21:00:00Z,1.586881,base,54852.8,1.0,0.0,False,,Energy-Charts/ENTSO-E measured fuel mix x Macknick 2012 consumption factors (same payload as real CI),Energy-Charts / ENTSO-E generation mix + Macknick 2012 (NREL),https://api.energy-charts.info/public_power?country=de
DE,22,2017-07-25T22:00:00Z,2017-07-25T22:00:00Z,1.574741,base,53780.2,1.0,0.0,False,,Energy-Charts/ENTSO-E measured fuel mix x Macknick 2012 consumption factors (same payload as real CI),Energy-Charts / ENTSO-E generation mix + Macknick 2012 (NREL),https://api.energy-charts.info/public_power?country=de
DE,23,2017-07-25T23:00:00Z,2017-07-25T23:00:00Z,1.586993,base,52347.5,1.0,0.0,False,,Energy-Charts/ENTSO-E measured fuel mix x Macknick 2012 consumption factors (same payload as real CI),Energy-Charts / ENTSO-E generation mix + Macknick 2012 (NREL),https://api.energy-charts.info/public_power?country=de
DE,24,2017-07-26T00:00:00Z,2017-07-26T00:00:00Z,1.593919,base,51518.4,1.0,0.0,False,,Energy-Charts/ENTSO-E measured fuel mix x Macknick 2012 consumption factors (same payload as real CI),Energy-Charts / ENTSO-E generation mix + Macknick 2012 (NREL),https://api.energy-charts.info/public_power?country=de
DE,25,2017-07-26T01:00:00Z,2017-07-26T01:00:00Z,1.586412,base,51529.8,1.0,0.0,False,,Energy-Charts/ENTSO-E measured fuel mix x Macknick 2012 consumption factors (same payload as real CI),Energy-Charts / ENTSO-E generation mix + Macknick 2012 (NREL),https://api.energy-charts.info/public_power?country=de
DE,26,2017-07-26T02:00:00Z,2017-07-26T02:00:00Z,1.595461,base,51954.2,1.0,0.0,False,,Energy-Charts/ENTSO-E measured fuel mix x Macknick 2012 consumption factors (same payload as real CI),Energy-Charts / ENTSO-E generation mix + Macknick 2012 (NREL),https://api.energy-charts.info/public_power?country=de
DE,27,2017-07-26T03:00:00Z,2017-07-26T03:00:00Z,1.619763,base,53518.8,1.0,0.0,False,,Energy-Charts/ENTSO-E measured fuel mix x Macknick 2012 consumption factors (same payload as real CI),Energy-Charts / ENTSO-E generation mix + Macknick 2012 (NREL),https://api.energy-charts.info/public_power?country=de
DE,28,2017-07-26T04:00:00Z,2017-07-26T04:00:00Z,1.615715,base,56715.7,1.0,0.0,False,,Energy-Charts/ENTSO-E measured fuel mix x Macknick 2012 consumption factors (same payload as real CI),Energy-Charts / ENTSO-E generation mix + Macknick 2012 (NREL),https://api.energy-charts.info/public_power?country=de
DE,29,2017-07-26T05:00:00Z,2017-07-26T05:00:00Z,1.588242,base,59158.2,1.0,0.0,False,,Energy-Charts/ENTSO-E measured fuel mix x Macknick 2012 consumption factors (same payload as real CI),Energy-Charts / ENTSO-E generation mix + Macknick 2012 (NREL),https://api.energy-charts.info/public_power?country=de
DE,30,2017-07-26T06:00:00Z,2017-07-26T06:00:00Z,1.60155,base,61309.2,1.0,0.0,False,,Energy-Charts/ENTSO-E measured fuel mix x Macknick 2012 consumption factors (same payload as real CI),Energy-Charts / ENTSO-E generation mix + Macknick 2012 (NREL),https://api.energy-charts.info/public_power?country=de
DE,31,2017-07-26T07:00:00Z,2017-07-26T07:00:00Z,1.554597,base,64211.3,1.0,0.0,False,,Energy-Charts/ENTSO-E measured fuel mix x Macknick 2012 consumption factors (same payload as real CI),Energy-Charts / ENTSO-E generation mix + Macknick 2012 (NREL),https://api.energy-charts.info/public_power?country=de
DE,32,2017-07-26T08:00:00Z,2017-07-26T08:00:00Z,1.518528,base,66501.2,1.0,0.0,False,,Energy-Charts/ENTSO-E measured fuel mix x Macknick 2012 consumption factors (same payload as real CI),Energy-Charts / ENTSO-E generation mix + Macknick 2012 (NREL),https://api.energy-charts.info/public_power?country=de
DE,33,2017-07-26T09:00:00Z,2017-07-26T09:00:00Z,1.492517,base,67247.5,1.0,0.0,False,,Energy-Charts/ENTSO-E measured fuel mix x Macknick 2012 consumption factors (same payload as real CI),Energy-Charts / ENTSO-E generation mix + Macknick 2012 (NREL),https://api.energy-charts.info/public_power?country=de
DE,34,2017-07-26T10:00:00Z,2017-07-26T10:00:00Z,1.492217,base,67638.0,1.0,0.0,False,,Energy-Charts/ENTSO-E measured fuel mix x Macknick 2012 consumption factors (same payload as real CI),Energy-Charts / ENTSO-E generation mix + Macknick 2012 (NREL),https://api.energy-charts.info/public_power?country=de
DE,35,2017-07-26T11:00:00Z,2017-07-26T11:00:00Z,1.481145,base,68047.1,1.0,0.0,False,,Energy-Charts/ENTSO-E measured fuel mix x Macknick 2012 consumption factors (same payload as real CI),Energy-Charts / ENTSO-E generation mix + Macknick 2012 (NREL),https://api.energy-charts.info/public_power?country=de
DE,36,2017-07-26T12:00:00Z,2017-07-26T12:00:00Z,1.486873,base,67219.1,1.0,0.0,False,,Energy-Charts/ENTSO-E measured fuel mix x Macknick 2012 consumption factors (same payload as real CI),Energy-Charts / ENTSO-E generation mix + Macknick 2012 (NREL),https://api.energy-charts.info/public_power?country=de
DE,37,2017-07-26T13:00:00Z,2017-07-26T13:00:00Z,1.517016,base,65620.6,1.0,0.0,False,,Energy-Charts/ENTSO-E measured fuel mix x Macknick 2012 consumption factors (same payload as real CI),Energy-Charts / ENTSO-E generation mix + Macknick 2012 (NREL),https://api.energy-charts.info/public_power?country=de
DE,38,2017-07-26T14:00:00Z,2017-07-26T14:00:00Z,1.549288,base,64621.4,1.0,0.0,False,,Energy-Charts/ENTSO-E measured fuel mix x Macknick 2012 consumption factors (same payload as real CI),Energy-Charts / ENTSO-E generation mix + Macknick 2012 (NREL),https://api.energy-charts.info/public_power?country=de
DE,39,2017-07-26T15:00:00Z,2017-07-26T15:00:00Z,1.595761,base,63165.5,1.0,0.0,False,,Energy-Charts/ENTSO-E measured fuel mix x Macknick 2012 consumption factors (same payload as real CI),Energy-Charts / ENTSO-E generation mix + Macknick 2012 (NREL),https://api.energy-charts.info/public_power?country=de
DE,40,2017-07-26T16:00:00Z,2017-07-26T16:00:00Z,1.656581,base,60146.8,1.0,0.0,False,,Energy-Charts/ENTSO-E measured fuel mix x Macknick 2012 consumption factors (same payload as real CI),Energy-Charts / ENTSO-E generation mix + Macknick 2012 (NREL),https://api.energy-charts.info/public_power?country=de
DE,41,2017-07-26T17:00:00Z,2017-07-26T17:00:00Z,1.768011,base,56468.0,1.0,0.0,False,,Energy-Charts/ENTSO-E measured fuel mix x Macknick 2012 consumption factors (same payload as real CI),Energy-Charts / ENTSO-E generation mix + Macknick 2012 (NREL),https://api.energy-charts.info/public_power?country=de
DE,42,2017-07-26T18:00:00Z,2017-07-26T18:00:00Z,1.86085,base,53942.3,1.0,0.0,False,,Energy-Charts/ENTSO-E measured fuel mix x Macknick 2012 consumption factors (same payload as real CI),Energy-Charts / ENTSO-E generation mix + Macknick 2012 (NREL),https://api.energy-charts.info/public_power?country=de
DE,43,2017-07-26T19:00:00Z,2017-07-26T19:00:00Z,1.902969,base,53583.8,1.0,0.0,False,,Energy-Charts/ENTSO-E measured fuel mix x Macknick 2012 consumption factors (same payload as real CI),Energy-Charts / ENTSO-E generation mix + Macknick 2012 (NREL),https://api.energy-charts.info/public_power?country=de
DE,44,2017-07-26T20:00:00Z,2017-07-26T20:00:00Z,1.889168,base,52526.9,1.0,0.0,False,,Energy-Charts/ENTSO-E measured fuel mix x Macknick 2012 consumption factors (same payload as real CI),Energy-Charts / ENTSO-E generation mix + Macknick 2012 (NREL),https://api.energy-charts.info/public_power?country=de
DE,45,2017-07-26T21:00:00Z,2017-07-26T21:00:00Z,1.844883,base,51239.3,1.0,0.0,False,,Energy-Charts/ENTSO-E measured fuel mix x Macknick 2012 consumption factors (same payload as real CI),Energy-Charts / ENTSO-E generation mix + Macknick 2012 (NREL),https://api.energy-charts.info/public_power?country=de
DE,46,2017-07-26T22:00:00Z,2017-07-26T22:00:00Z,1.783714,base,49848.0,1.0,0.0,False,,Energy-Charts/ENTSO-E measured fuel mix x Macknick 2012 consumption factors (same payload as real CI),Energy-Charts / ENTSO-E generation mix + Macknick 2012 (NREL),https://api.energy-charts.info/public_power?country=de
DE,47,2017-07-26T23:00:00Z,2017-07-26T23:00:00Z,1.743627,base,49190.8,1.0,0.0,False,,Energy-Charts/ENTSO-E measured fuel mix x Macknick 2012 consumption factors (same payload as real CI),Energy-Charts / ENTSO-E generation mix + Macknick 2012 (NREL),https://api.energy-charts.info/public_power?country=de
DE,48,2017-07-27T00:00:00Z,2017-07-27T00:00:00Z,1.72175,base,48655.7,1.0,0.0,False,,Energy-Charts/ENTSO-E measured fuel mix x Macknick 2012 consumption factors (same payload as real CI),Energy-Charts / ENTSO-E generation mix + Macknick 2012 (NREL),https://api.energy-charts.info/public_power?country=de
DE,49,2017-07-27T01:00:00Z,2017-07-27T01:00:00Z,1.711007,base,48955.2,1.0,0.0,False,,Energy-Charts/ENTSO-E measured fuel mix x Macknick 2012 consumption factors (same payload as real CI),Energy-Charts / ENTSO-E generation mix + Macknick 2012 (NREL),https://api.energy-charts.info/public_power?country=de
DE,50,2017-07-27T02:00:00Z,2017-07-27T02:00:00Z,1.717579,base,49072.2,1.0,0.0,False,,Energy-Charts/ENTSO-E measured fuel mix x Macknick 2012 consumption factors (same payload as real CI),Energy-Charts / ENTSO-E generation mix + Macknick 2012 (NREL),https://api.energy-charts.info/public_power?country=de
DE,51,2017-07-27T03:00:00Z,2017-07-27T03:00:00Z,1.72719,base,49745.8,1.0,0.0,False,,Energy-Charts/ENTSO-E measured fuel mix x Macknick 2012 consumption factors (same payload as real CI),Energy-Charts / ENTSO-E generation mix + Macknick 2012 (NREL),https://api.energy-charts.info/public_power?country=de
DE,52,2017-07-27T04:00:00Z,2017-07-27T04:00:00Z,1.740326,base,52752.4,1.0,0.0,False,,Energy-Charts/ENTSO-E measured fuel mix x Macknick 2012 consumption factors (same payload as real CI),Energy-Charts / ENTSO-E generation mix + Macknick 2012 (NREL),https://api.energy-charts.info/public_power?country=de
DE,53,2017-07-27T05:00:00Z,2017-07-27T05:00:00Z,1.752154,base,55637.9,1.0,0.0,False,,Energy-Charts/ENTSO-E measured fuel mix x Macknick 2012 consumption factors (same payload as real CI),Energy-Charts / ENTSO-E generation mix + Macknick 2012 (NREL),https://api.energy-charts.info/public_power?country=de
DE,54,2017-07-27T06:00:00Z,2017-07-27T06:00:00Z,1.691113,base,59443.9,1.0,0.0,False,,Energy-Charts/ENTSO-E measured fuel mix x Macknick 2012 consumption factors (same payload as real CI),Energy-Charts / ENTSO-E generation mix + Macknick 2012 (NREL),https://api.energy-charts.info/public_power?country=de
DE,55,2017-07-27T07:00:00Z,2017-07-27T07:00:00Z,1.620804,base,62310.9,1.0,0.0,False,,Energy-Charts/ENTSO-E measured fuel mix x Macknick 2012 consumption factors (same payload as real CI),Energy-Charts / ENTSO-E generation mix + Macknick 2012 (NREL),https://api.energy-charts.info/public_power?country=de
DE,56,2017-07-27T08:00:00Z,2017-07-27T08:00:00Z,1.561631,base,65148.0,1.0,0.0,False,,Energy-Charts/ENTSO-E measured fuel mix x Macknick 2012 consumption factors (same payload as real CI),Energy-Charts / ENTSO-E generation mix + Macknick 2012 (NREL),https://api.energy-charts.info/public_power?country=de
DE,57,2017-07-27T09:00:00Z,2017-07-27T09:00:00Z,1.513865,base,67175.6,1.0,0.0,False,,Energy-Charts/ENTSO-E measured fuel mix x Macknick 2012 consumption factors (same payload as real CI),Energy-Charts / ENTSO-E generation mix + Macknick 2012 (NREL),https://api.energy-charts.info/public_power?country=de
DE,58,2017-07-27T10:00:00Z,2017-07-27T10:00:00Z,1.524259,base,66378.6,1.0,0.0,False,,Energy-Charts/ENTSO-E measured fuel mix x Macknick 2012 consumption factors (same payload as real CI),Energy-Charts / ENTSO-E generation mix + Macknick 2012 (NREL),https://api.energy-charts.info/public_power?country=de
DE,59,2017-07-27T11:00:00Z,2017-07-27T11:00:00Z,1.531786,base,66182.0,1.0,0.0,False,,Energy-Charts/ENTSO-E measured fuel mix x Macknick 2012 consumption factors (same payload as real CI),Energy-Charts / ENTSO-E generation mix + Macknick 2012 (NREL),https://api.energy-charts.info/public_power?country=de
DE,60,2017-07-27T12:00:00Z,2017-07-27T12:00:00Z,1.53989,base,66082.8,1.0,0.0,False,,Energy-Charts/ENTSO-E measured fuel mix x Macknick 2012 consumption factors (same payload as real CI),Energy-Charts / ENTSO-E generation mix + Macknick 2012 (NREL),https://api.energy-charts.info/public_power?country=de
DE,61,2017-07-27T13:00:00Z,2017-07-27T13:00:00Z,1.565758,base,65094.6,1.0,0.0,False,,Energy-Charts/ENTSO-E measured fuel mix x Macknick 2012 consumption factors (same payload as real CI),Energy-Charts / ENTSO-E generation mix + Macknick 2012 (NREL),https://api.energy-charts.info/public_power?country=de
DE,62,2017-07-27T14:00:00Z,2017-07-27T14:00:00Z,1.612529,base,62953.9,1.0,0.0,False,,Energy-Charts/ENTSO-E measured fuel mix x Macknick 2012 consumption factors (same payload as real CI),Energy-Charts / ENTSO-E generation mix + Macknick 2012 (NREL),https://api.energy-charts.info/public_power?country=de
DE,63,2017-07-27T15:00:00Z,2017-07-27T15:00:00Z,1.696716,base,60202.1,1.0,0.0,False,,Energy-Charts/ENTSO-E measured fuel mix x Macknick 2012 consumption factors (same payload as real CI),Energy-Charts / ENTSO-E generation mix + Macknick 2012 (NREL),https://api.energy-charts.info/public_power?country=de
DE,64,2017-07-27T16:00:00Z,2017-07-27T16:00:00Z,1.798682,base,57475.7,1.0,0.0,False,,Energy-Charts/ENTSO-E measured fuel mix x Macknick 2012 consumption factors (same payload as real CI),Energy-Charts / ENTSO-E generation mix + Macknick 2012 (NREL),https://api.energy-charts.info/public_power?country=de
DE,65,2017-07-27T17:00:00Z,2017-07-27T17:00:00Z,1.91488,base,54180.1,1.0,0.0,False,,Energy-Charts/ENTSO-E measured fuel mix x Macknick 2012 consumption factors (same payload as real CI),Energy-Charts / ENTSO-E generation mix + Macknick 2012 (NREL),https://api.energy-charts.info/public_power?country=de
DE,66,2017-07-27T18:00:00Z,2017-07-27T18:00:00Z,1.98515,base,52280.3,1.0,0.0,False,,Energy-Charts/ENTSO-E measured fuel mix x Macknick 2012 consumption factors (same payload as real CI),Energy-Charts / ENTSO-E generation mix + Macknick 2012 (NREL),https://api.energy-charts.info/public_power?country=de
DE,67,2017-07-27T19:00:00Z,2017-07-27T19:00:00Z,1.988555,base,51869.6,1.0,0.0,False,,Energy-Charts/ENTSO-E measured fuel mix x Macknick 2012 consumption factors (same payload as real CI),Energy-Charts / ENTSO-E generation mix + Macknick 2012 (NREL),https://api.energy-charts.info/public_power?country=de
DE,68,2017-07-27T20:00:00Z,2017-07-27T20:00:00Z,1.973823,base,51502.7,1.0,0.0,False,,Energy-Charts/ENTSO-E measured fuel mix x Macknick 2012 consumption factors (same payload as real CI),Energy-Charts / ENTSO-E generation mix + Macknick 2012 (NREL),https://api.energy-charts.info/public_power?country=de
DE,69,2017-07-27T21:00:00Z,2017-07-27T21:00:00Z,1.950448,base,49913.2,1.0,0.0,False,,Energy-Charts/ENTSO-E measured fuel mix x Macknick 2012 consumption factors (same payload as real CI),Energy-Charts / ENTSO-E generation mix + Macknick 2012 (NREL),https://api.energy-charts.info/public_power?country=de
DE,70,2017-07-27T22:00:00Z,2017-07-27T22:00:00Z,1.908882,base,46204.9,1.0,0.0,False,,Energy-Charts/ENTSO-E measured fuel mix x Macknick 2012 consumption factors (same payload as real CI),Energy-Charts / ENTSO-E generation mix + Macknick 2012 (NREL),https://api.energy-charts.info/public_power?country=de
DE,71,2017-07-27T23:00:00Z,2017-07-27T23:00:00Z,1.899071,base,45149.6,1.0,0.0,False,,Energy-Charts/ENTSO-E measured fuel mix x Macknick 2012 consumption factors (same payload as real CI),Energy-Charts / ENTSO-E generation mix + Macknick 2012 (NREL),https://api.energy-charts.info/public_power?country=de
DE,72,2017-07-28T00:00:00Z,2017-07-28T00:00:00Z,1.880633,base,44591.7,1.0,0.0,False,,Energy-Charts/ENTSO-E measured fuel mix x Macknick 2012 consumption factors (same payload as real CI),Energy-Charts / ENTSO-E generation mix + Macknick 2012 (NREL),https://api.energy-charts.info/public_power?country=de
DE,73,2017-07-28T01:00:00Z,2017-07-28T01:00:00Z,1.838051,base,45158.5,1.0,0.0,False,,Energy-Charts/ENTSO-E measured fuel mix x Macknick 2012 consumption factors (same payload as real CI),Energy-Charts / ENTSO-E generation mix + Macknick 2012 (NREL),https://api.energy-charts.info/public_power?country=de
DE,74,2017-07-28T02:00:00Z,2017-07-28T02:00:00Z,1.811345,base,45681.9,1.0,0.0,False,,Energy-Charts/ENTSO-E measured fuel mix x Macknick 2012 consumption factors (same payload as real CI),Energy-Charts / ENTSO-E generation mix + Macknick 2012 (NREL),https://api.energy-charts.info/public_power?country=de
DE,75,2017-07-28T03:00:00Z,2017-07-28T03:00:00Z,1.796807,base,46560.5,1.0,0.0,False,,Energy-Charts/ENTSO-E measured fuel mix x Macknick 2012 consumption factors (same payload as real CI),Energy-Charts / ENTSO-E generation mix + Macknick 2012 (NREL),https://api.energy-charts.info/public_power?country=de
DE,76,2017-07-28T04:00:00Z,2017-07-28T04:00:00Z,1.749665,base,49913.6,1.0,0.0,False,,Energy-Charts/ENTSO-E measured fuel mix x Macknick 2012 consumption factors (same payload as real CI),Energy-Charts / ENTSO-E generation mix + Macknick 2012 (NREL),https://api.energy-charts.info/public_power?country=de
DE,77,2017-07-28T05:00:00Z,2017-07-28T05:00:00Z,1.647439,base,54205.2,1.0,0.0,False,,Energy-Charts/ENTSO-E measured fuel mix x Macknick 2012 consumption factors (same payload as real CI),Energy-Charts / ENTSO-E generation mix + Macknick 2012 (NREL),https://api.energy-charts.info/public_power?country=de
DE,78,2017-07-28T06:00:00Z,2017-07-28T06:00:00Z,1.536952,base,58307.8,1.0,0.0,False,,Energy-Charts/ENTSO-E measured fuel mix x Macknick 2012 consumption factors (same payload as real CI),Energy-Charts / ENTSO-E generation mix + Macknick 2012 (NREL),https://api.energy-charts.info/public_power?country=de
DE,79,2017-07-28T07:00:00Z,2017-07-28T07:00:00Z,1.41346,base,62806.0,1.0,0.0,False,,Energy-Charts/ENTSO-E measured fuel mix x Macknick 2012 consumption factors (same payload as real CI),Energy-Charts / ENTSO-E generation mix + Macknick 2012 (NREL),https://api.energy-charts.info/public_power?country=de
DE,80,2017-07-28T08:00:00Z,2017-07-28T08:00:00Z,1.298666,base,68126.5,1.0,0.0,False,,Energy-Charts/ENTSO-E measured fuel mix x Macknick 2012 consumption factors (same payload as real CI),Energy-Charts / ENTSO-E generation mix + Macknick 2012 (NREL),https://api.energy-charts.info/public_power?country=de
DE,81,2017-07-28T09:00:00Z,2017-07-28T09:00:00Z,1.203995,base,72912.7,1.0,0.0,False,,Energy-Charts/ENTSO-E measured fuel mix x Macknick 2012 consumption factors (same payload as real CI),Energy-Charts / ENTSO-E generation mix + Macknick 2012 (NREL),https://api.energy-charts.info/public_power?country=de
DE,82,2017-07-28T10:00:00Z,2017-07-28T10:00:00Z,1.137335,base,74502.6,1.0,0.0,False,,Energy-Charts/ENTSO-E measured fuel mix x Macknick 2012 consumption factors (same payload as real CI),Energy-Charts / ENTSO-E generation mix + Macknick 2012 (NREL),https://api.energy-charts.info/public_power?country=de
DE,83,2017-07-28T11:00:00Z,2017-07-28T11:00:00Z,1.118351,base,74301.0,1.0,0.0,False,,Energy-Charts/ENTSO-E measured fuel mix x Macknick 2012 consumption factors (same payload as real CI),Energy-Charts / ENTSO-E generation mix + Macknick 2012 (NREL),https://api.energy-charts.info/public_power?country=de
DE,84,2017-07-28T12:00:00Z,2017-07-28T12:00:00Z,1.116272,base,73727.1,1.0,0.0,False,,Energy-Charts/ENTSO-E measured fuel mix x Macknick 2012 consumption factors (same payload as real CI),Energy-Charts / ENTSO-E generation mix + Macknick 2012 (NREL),https://api.energy-charts.info/public_power?country=de
DE,85,2017-07-28T13:00:00Z,2017-07-28T13:00:00Z,1.13636,base,72244.1,1.0,0.0,False,,Energy-Charts/ENTSO-E measured fuel mix x Macknick 2012 consumption factors (same payload as real CI),Energy-Charts / ENTSO-E generation mix + Macknick 2012 (NREL),https://api.energy-charts.info/public_power?country=de
DE,86,2017-07-28T14:00:00Z,2017-07-28T14:00:00Z,1.174663,base,70081.4,1.0,0.0,False,,Energy-Charts/ENTSO-E measured fuel mix x Macknick 2012 consumption factors (same payload as real CI),Energy-Charts / ENTSO-E generation mix + Macknick 2012 (NREL),https://api.energy-charts.info/public_power?country=de
DE,87,2017-07-28T15:00:00Z,2017-07-28T15:00:00Z,1.247495,base,66190.2,1.0,0.0,False,,Energy-Charts/ENTSO-E measured fuel mix x Macknick 2012 consumption factors (same payload as real CI),Energy-Charts / ENTSO-E generation mix + Macknick 2012 (NREL),https://api.energy-charts.info/public_power?country=de
DE,88,2017-07-28T16:00:00Z,2017-07-28T16:00:00Z,1.39016,base,60918.9,1.0,0.0,False,,Energy-Charts/ENTSO-E measured fuel mix x Macknick 2012 consumption factors (same payload as real CI),Energy-Charts / ENTSO-E generation mix + Macknick 2012 (NREL),https://api.energy-charts.info/public_power?country=de
DE,89,2017-07-28T17:00:00Z,2017-07-28T17:00:00Z,1.554959,base,55466.8,1.0,0.0,False,,Energy-Charts/ENTSO-E measured fuel mix x Macknick 2012 consumption factors (same payload as real CI),Energy-Charts / ENTSO-E generation mix + Macknick 2012 (NREL),https://api.energy-charts.info/public_power?country=de
DE,90,2017-07-28T18:00:00Z,2017-07-28T18:00:00Z,1.691237,base,51579.6,1.0,0.0,False,,Energy-Charts/ENTSO-E measured fuel mix x Macknick 2012 consumption factors (same payload as real CI),Energy-Charts / ENTSO-E generation mix + Macknick 2012 (NREL),https://api.energy-charts.info/public_power?country=de
DE,91,2017-07-28T19:00:00Z,2017-07-28T19:00:00Z,1.743395,base,50318.2,1.0,0.0,False,,Energy-Charts/ENTSO-E measured fuel mix x Macknick 2012 consumption factors (same payload as real CI),Energy-Charts / ENTSO-E generation mix + Macknick 2012 (NREL),https://api.energy-charts.info/public_power?country=de
DE,92,2017-07-28T20:00:00Z,2017-07-28T20:00:00Z,1.743741,base,49718.2,1.0,0.0,False,,Energy-Charts/ENTSO-E measured fuel mix x Macknick 2012 consumption factors (same payload as real CI),Energy-Charts / ENTSO-E generation mix + Macknick 2012 (NREL),https://api.energy-charts.info/public_power?country=de
DE,93,2017-07-28T21:00:00Z,2017-07-28T21:00:00Z,1.713319,base,48857.0,1.0,0.0,False,,Energy-Charts/ENTSO-E measured fuel mix x Macknick 2012 consumption factors (same payload as real CI),Energy-Charts / ENTSO-E generation mix + Macknick 2012 (NREL),https://api.energy-charts.info/public_power?country=de
DE,94,2017-07-28T22:00:00Z,2017-07-28T22:00:00Z,1.709576,base,47002.1,1.0,0.0,False,,Energy-Charts/ENTSO-E measured fuel mix x Macknick 2012 consumption factors (same payload as real CI),Energy-Charts / ENTSO-E generation mix + Macknick 2012 (NREL),https://api.energy-charts.info/public_power?country=de
DE,95,2017-07-28T23:00:00Z,2017-07-28T23:00:00Z,1.67986,base,46935.3,1.0,0.0,False,,Energy-Charts/ENTSO-E measured fuel mix x Macknick 2012 consumption factors (same payload as real CI),Energy-Charts / ENTSO-E generation mix + Macknick 2012 (NREL),https://api.energy-charts.info/public_power?country=de
FR,0,2017-07-25T00:00:00Z,2017-07-25T00:00:00Z,2.090102,base,48666.0,1.0,0.0,False,,Energy-Charts/ENTSO-E measured fuel mix x Macknick 2012 consumption factors (same payload as real CI),Energy-Charts / ENTSO-E generation mix + Macknick 2012 (NREL),https://api.energy-charts.info/public_power?country=fr
FR,1,2017-07-25T01:00:00Z,2017-07-25T01:00:00Z,2.095816,base,47103.0,1.0,0.0,False,,Energy-Charts/ENTSO-E measured fuel mix x Macknick 2012 consumption factors (same payload as real CI),Energy-Charts / ENTSO-E generation mix + Macknick 2012 (NREL),https://api.energy-charts.info/public_power?country=fr
FR,2,2017-07-25T02:00:00Z,2017-07-25T02:00:00Z,2.094915,base,48065.0,1.0,0.0,False,,Energy-Charts/ENTSO-E measured fuel mix x Macknick 2012 consumption factors (same payload as real CI),Energy-Charts / ENTSO-E generation mix + Macknick 2012 (NREL),https://api.energy-charts.info/public_power?country=fr
FR,3,2017-07-25T03:00:00Z,2017-07-25T03:00:00Z,2.097313,base,48818.0,1.0,0.0,False,,Energy-Charts/ENTSO-E measured fuel mix x Macknick 2012 consumption factors (same payload as real CI),Energy-Charts / ENTSO-E generation mix + Macknick 2012 (NREL),https://api.energy-charts.info/public_power?country=fr
FR,4,2017-07-25T04:00:00Z,2017-07-25T04:00:00Z,2.101,base,49738.0,1.0,0.0,False,,Energy-Charts/ENTSO-E measured fuel mix x Macknick 2012 consumption factors (same payload as real CI),Energy-Charts / ENTSO-E generation mix + Macknick 2012 (NREL),https://api.energy-charts.info/public_power?country=fr
FR,5,2017-07-25T05:00:00Z,2017-07-25T05:00:00Z,2.074143,base,52121.0,1.0,0.0,False,,Energy-Charts/ENTSO-E measured fuel mix x Macknick 2012 consumption factors (same payload as real CI),Energy-Charts / ENTSO-E generation mix + Macknick 2012 (NREL),https://api.energy-charts.info/public_power?country=fr
FR,6,2017-07-25T06:00:00Z,2017-07-25T06:00:00Z,2.029606,base,54215.0,1.0,0.0,False,,Energy-Charts/ENTSO-E measured fuel mix x Macknick 2012 consumption factors (same payload as real CI),Energy-Charts / ENTSO-E generation mix + Macknick 2012 (NREL),https://api.energy-charts.info/public_power?country=fr
FR,7,2017-07-25T07:00:00Z,2017-07-25T07:00:00Z,1.979303,base,56029.0,1.0,0.0,False,,Energy-Charts/ENTSO-E measured fuel mix x Macknick 2012 consumption factors (same payload as real CI),Energy-Charts / ENTSO-E generation mix + Macknick 2012 (NREL),https://api.energy-charts.info/public_power?country=fr
FR,8,2017-07-25T08:00:00Z,2017-07-25T08:00:00Z,1.952174,base,56752.0,1.0,0.0,False,,Energy-Charts/ENTSO-E measured fuel mix x Macknick 2012 consumption factors (same payload as real CI),Energy-Charts / ENTSO-E generation mix + Macknick 2012 (NREL),https://api.energy-charts.info/public_power?country=fr
FR,9,2017-07-25T09:00:00Z,2017-07-25T09:00:00Z,1.925672,base,57489.0,1.0,0.0,False,,Energy-Charts/ENTSO-E measured fuel mix x Macknick 2012 consumption factors (same payload as real CI),Energy-Charts / ENTSO-E generation mix + Macknick 2012 (NREL),https://api.energy-charts.info/public_power?country=fr
FR,10,2017-07-25T10:00:00Z,2017-07-25T10:00:00Z,1.914175,base,57999.0,1.0,0.0,False,,Energy-Charts/ENTSO-E measured fuel mix x Macknick 2012 consumption factors (same payload as real CI),Energy-Charts / ENTSO-E generation mix + Macknick 2012 (NREL),https://api.energy-charts.info/public_power?country=fr
FR,11,2017-07-25T11:00:00Z,2017-07-25T11:00:00Z,1.901197,base,58026.0,1.0,0.0,False,,Energy-Charts/ENTSO-E measured fuel mix x Macknick 2012 consumption factors (same payload as real CI),Energy-Charts / ENTSO-E generation mix + Macknick 2012 (NREL),https://api.energy-charts.info/public_power?country=fr
FR,12,2017-07-25T12:00:00Z,2017-07-25T12:00:00Z,1.911709,base,57393.0,1.0,0.0,False,,Energy-Charts/ENTSO-E measured fuel mix x Macknick 2012 consumption factors (same payload as real CI),Energy-Charts / ENTSO-E generation mix + Macknick 2012 (NREL),https://api.energy-charts.info/public_power?country=fr
FR,13,2017-07-25T13:00:00Z,2017-07-25T13:00:00Z,1.920256,base,56545.0,1.0,0.0,False,,Energy-Charts/ENTSO-E measured fuel mix x Macknick 2012 consumption factors (same payload as real CI),Energy-Charts / ENTSO-E generation mix + Macknick 2012 (NREL),https://api.energy-charts.info/public_power?country=fr
FR,14,2017-07-25T14:00:00Z,2017-07-25T14:00:00Z,1.929679,base,55660.0,1.0,0.0,False,,Energy-Charts/ENTSO-E measured fuel mix x Macknick 2012 consumption factors (same payload as real CI),Energy-Charts / ENTSO-E generation mix + Macknick 2012 (NREL),https://api.energy-charts.info/public_power?country=fr
FR,15,2017-07-25T15:00:00Z,2017-07-25T15:00:00Z,1.93899,base,55242.0,1.0,0.0,False,,Energy-Charts/ENTSO-E measured fuel mix x Macknick 2012 consumption factors (same payload as real CI),Energy-Charts / ENTSO-E generation mix + Macknick 2012 (NREL),https://api.energy-charts.info/public_power?country=fr
FR,16,2017-07-25T16:00:00Z,2017-07-25T16:00:00Z,1.961823,base,54537.0,1.0,0.0,False,,Energy-Charts/ENTSO-E measured fuel mix x Macknick 2012 consumption factors (same payload as real CI),Energy-Charts / ENTSO-E generation mix + Macknick 2012 (NREL),https://api.energy-charts.info/public_power?country=fr
FR,17,2017-07-25T17:00:00Z,2017-07-25T17:00:00Z,1.989947,base,53660.0,1.0,0.0,False,,Energy-Charts/ENTSO-E measured fuel mix x Macknick 2012 consumption factors (same payload as real CI),Energy-Charts / ENTSO-E generation mix + Macknick 2012 (NREL),https://api.energy-charts.info/public_power?country=fr
FR,18,2017-07-25T18:00:00Z,2017-07-25T18:00:00Z,2.016235,base,52725.0,1.0,0.0,False,,Energy-Charts/ENTSO-E measured fuel mix x Macknick 2012 consumption factors (same payload as real CI),Energy-Charts / ENTSO-E generation mix + Macknick 2012 (NREL),https://api.energy-charts.info/public_power?country=fr
FR,19,2017-07-25T19:00:00Z,2017-07-25T19:00:00Z,2.049218,base,51745.0,1.0,0.0,False,,Energy-Charts/ENTSO-E measured fuel mix x Macknick 2012 consumption factors (same payload as real CI),Energy-Charts / ENTSO-E generation mix + Macknick 2012 (NREL),https://api.energy-charts.info/public_power?country=fr
FR,20,2017-07-25T20:00:00Z,2017-07-25T20:00:00Z,2.016313,base,52328.0,1.0,0.0,False,,Energy-Charts/ENTSO-E measured fuel mix x Macknick 2012 consumption factors (same payload as real CI),Energy-Charts / ENTSO-E generation mix + Macknick 2012 (NREL),https://api.energy-charts.info/public_power?country=fr
FR,21,2017-07-25T21:00:00Z,2017-07-25T21:00:00Z,2.016585,base,52615.0,1.0,0.0,False,,Energy-Charts/ENTSO-E measured fuel mix x Macknick 2012 consumption factors (same payload as real CI),Energy-Charts / ENTSO-E generation mix + Macknick 2012 (NREL),https://api.energy-charts.info/public_power?country=fr
FR,22,2017-07-25T22:00:00Z,2017-07-25T22:00:00Z,2.074189,base,50063.0,1.0,0.0,False,,Energy-Charts/ENTSO-E measured fuel mix x Macknick 2012 consumption factors (same payload as real CI),Energy-Charts / ENTSO-E generation mix + Macknick 2012 (NREL),https://api.energy-charts.info/public_power?country=fr
FR,23,2017-07-25T23:00:00Z,2017-07-25T23:00:00Z,2.111969,base,47893.0,1.0,0.0,False,,Energy-Charts/ENTSO-E measured fuel mix x Macknick 2012 consumption factors (same payload as real CI),Energy-Charts / ENTSO-E generation mix + Macknick 2012 (NREL),https://api.energy-charts.info/public_power?country=fr
FR,24,2017-07-26T00:00:00Z,2017-07-26T00:00:00Z,2.128334,base,47050.0,1.0,0.0,False,,Energy-Charts/ENTSO-E measured fuel mix x Macknick 2012 consumption factors (same payload as real CI),Energy-Charts / ENTSO-E generation mix + Macknick 2012 (NREL),https://api.energy-charts.info/public_power?country=fr
FR,25,2017-07-26T01:00:00Z,2017-07-26T01:00:00Z,2.131238,base,46066.0,1.0,0.0,False,,Energy-Charts/ENTSO-E measured fuel mix x Macknick 2012 consumption factors (same payload as real CI),Energy-Charts / ENTSO-E generation mix + Macknick 2012 (NREL),https://api.energy-charts.info/public_power?country=fr
FR,26,2017-07-26T02:00:00Z,2017-07-26T02:00:00Z,2.144909,base,45785.0,1.0,0.0,False,,Energy-Charts/ENTSO-E measured fuel mix x Macknick 2012 consumption factors (same payload as real CI),Energy-Charts / ENTSO-E generation mix + Macknick 2012 (NREL),https://api.energy-charts.info/public_power?country=fr
FR,27,2017-07-26T03:00:00Z,2017-07-26T03:00:00Z,2.156968,base,46597.0,1.0,0.0,False,,Energy-Charts/ENTSO-E measured fuel mix x Macknick 2012 consumption factors (same payload as real CI),Energy-Charts / ENTSO-E generation mix + Macknick 2012 (NREL),https://api.energy-charts.info/public_power?country=fr
FR,28,2017-07-26T04:00:00Z,2017-07-26T04:00:00Z,2.138482,base,48537.0,1.0,0.0,False,,Energy-Charts/ENTSO-E measured fuel mix x Macknick 2012 consumption factors (same payload as real CI),Energy-Charts / ENTSO-E generation mix + Macknick 2012 (NREL),https://api.energy-charts.info/public_power?country=fr
FR,29,2017-07-26T05:00:00Z,2017-07-26T05:00:00Z,2.100072,base,51642.0,1.0,0.0,False,,Energy-Charts/ENTSO-E measured fuel mix x Macknick 2012 consumption factors (same payload as real CI),Energy-Charts / ENTSO-E generation mix + Macknick 2012 (NREL),https://api.energy-charts.info/public_power?country=fr
FR,30,2017-07-26T06:00:00Z,2017-07-26T06:00:00Z,2.026315,base,54371.0,1.0,0.0,False,,Energy-Charts/ENTSO-E measured fuel mix x Macknick 2012 consumption factors (same payload as real CI),Energy-Charts / ENTSO-E generation mix + Macknick 2012 (NREL),https://api.energy-charts.info/public_power?country=fr
FR,31,2017-07-26T07:00:00Z,2017-07-26T07:00:00Z,1.983505,base,55618.0,1.0,0.0,False,,Energy-Charts/ENTSO-E measured fuel mix x Macknick 2012 consumption factors (same payload as real CI),Energy-Charts / ENTSO-E generation mix + Macknick 2012 (NREL),https://api.energy-charts.info/public_power?country=fr
FR,32,2017-07-26T08:00:00Z,2017-07-26T08:00:00Z,1.938211,base,57007.0,1.0,0.0,False,,Energy-Charts/ENTSO-E measured fuel mix x Macknick 2012 consumption factors (same payload as real CI),Energy-Charts / ENTSO-E generation mix + Macknick 2012 (NREL),https://api.energy-charts.info/public_power?country=fr
FR,33,2017-07-26T09:00:00Z,2017-07-26T09:00:00Z,1.90682,base,58590.0,1.0,0.0,False,,Energy-Charts/ENTSO-E measured fuel mix x Macknick 2012 consumption factors (same payload as real CI),Energy-Charts / ENTSO-E generation mix + Macknick 2012 (NREL),https://api.energy-charts.info/public_power?country=fr
FR,34,2017-07-26T10:00:00Z,2017-07-26T10:00:00Z,1.895153,base,59140.0,1.0,0.0,False,,Energy-Charts/ENTSO-E measured fuel mix x Macknick 2012 consumption factors (same payload as real CI),Energy-Charts / ENTSO-E generation mix + Macknick 2012 (NREL),https://api.energy-charts.info/public_power?country=fr
FR,35,2017-07-26T11:00:00Z,2017-07-26T11:00:00Z,1.883985,base,58808.0,1.0,0.0,False,,Energy-Charts/ENTSO-E measured fuel mix x Macknick 2012 consumption factors (same payload as real CI),Energy-Charts / ENTSO-E generation mix + Macknick 2012 (NREL),https://api.energy-charts.info/public_power?country=fr
FR,36,2017-07-26T12:00:00Z,2017-07-26T12:00:00Z,1.881155,base,57503.0,1.0,0.0,False,,Energy-Charts/ENTSO-E measured fuel mix x Macknick 2012 consumption factors (same payload as real CI),Energy-Charts / ENTSO-E generation mix + Macknick 2012 (NREL),https://api.energy-charts.info/public_power?country=fr
FR,37,2017-07-26T13:00:00Z,2017-07-26T13:00:00Z,1.884393,base,57073.0,1.0,0.0,False,,Energy-Charts/ENTSO-E measured fuel mix x Macknick 2012 consumption factors (same payload as real CI),Energy-Charts / ENTSO-E generation mix + Macknick 2012 (NREL),https://api.energy-charts.info/public_power?country=fr
FR,38,2017-07-26T14:00:00Z,2017-07-26T14:00:00Z,1.908843,base,56284.0,1.0,0.0,False,,Energy-Charts/ENTSO-E measured fuel mix x Macknick 2012 consumption factors (same payload as real CI),Energy-Charts / ENTSO-E generation mix + Macknick 2012 (NREL),https://api.energy-charts.info/public_power?country=fr
FR,39,2017-07-26T15:00:00Z,2017-07-26T15:00:00Z,1.922149,base,55727.0,1.0,0.0,False,,Energy-Charts/ENTSO-E measured fuel mix x Macknick 2012 consumption factors (same payload as real CI),Energy-Charts / ENTSO-E generation mix + Macknick 2012 (NREL),https://api.energy-charts.info/public_power?country=fr
FR,40,2017-07-26T16:00:00Z,2017-07-26T16:00:00Z,1.909745,base,56627.0,1.0,0.0,False,,Energy-Charts/ENTSO-E measured fuel mix x Macknick 2012 consumption factors (same payload as real CI),Energy-Charts / ENTSO-E generation mix + Macknick 2012 (NREL),https://api.energy-charts.info/public_power?country=fr
FR,41,2017-07-26T17:00:00Z,2017-07-26T17:00:00Z,1.941227,base,56682.0,1.0,0.0,False,,Energy-Charts/ENTSO-E measured fuel mix x Macknick 2012 consumption factors (same payload as real CI),Energy-Charts / ENTSO-E generation mix + Macknick 2012 (NREL),https://api.energy-charts.info/public_power?country=fr
FR,42,2017-07-26T18:00:00Z,2017-07-26T18:00:00Z,1.985189,base,55278.0,1.0,0.0,False,,Energy-Charts/ENTSO-E measured fuel mix x Macknick 2012 consumption factors (same payload as real CI),Energy-Charts / ENTSO-E generation mix + Macknick 2012 (NREL),https://api.energy-charts.info/public_power?country=fr
FR,43,2017-07-26T19:00:00Z,2017-07-26T19:00:00Z,2.020177,base,53698.0,1.0,0.0,False,,Energy-Charts/ENTSO-E measured fuel mix x Macknick 2012 consumption factors (same payload as real CI),Energy-Charts / ENTSO-E generation mix + Macknick 2012 (NREL),https://api.energy-charts.info/public_power?country=fr
FR,44,2017-07-26T20:00:00Z,2017-07-26T20:00:00Z,2.003731,base,54171.0,1.0,0.0,False,,Energy-Charts/ENTSO-E measured fuel mix x Macknick 2012 consumption factors (same payload as real CI),Energy-Charts / ENTSO-E generation mix + Macknick 2012 (NREL),https://api.energy-charts.info/public_power?country=fr
FR,45,2017-07-26T21:00:00Z,2017-07-26T21:00:00Z,2.018177,base,53358.0,1.0,0.0,False,,Energy-Charts/ENTSO-E measured fuel mix x Macknick 2012 consumption factors (same payload as real CI),Energy-Charts / ENTSO-E generation mix + Macknick 2012 (NREL),https://api.energy-charts.info/public_power?country=fr
FR,46,2017-07-26T22:00:00Z,2017-07-26T22:00:00Z,2.055376,base,51301.0,1.0,0.0,False,,Energy-Charts/ENTSO-E measured fuel mix x Macknick 2012 consumption factors (same payload as real CI),Energy-Charts / ENTSO-E generation mix + Macknick 2012 (NREL),https://api.energy-charts.info/public_power?country=fr
FR,47,2017-07-26T23:00:00Z,2017-07-26T23:00:00Z,2.067911,base,49268.0,1.0,0.0,False,,Energy-Charts/ENTSO-E measured fuel mix x Macknick 2012 consumption factors (same payload as real CI),Energy-Charts / ENTSO-E generation mix + Macknick 2012 (NREL),https://api.energy-charts.info/public_power?country=fr
FR,48,2017-07-27T00:00:00Z,2017-07-27T00:00:00Z,2.076806,base,48383.0,1.0,0.0,False,,Energy-Charts/ENTSO-E measured fuel mix x Macknick 2012 consumption factors (same payload as real CI),Energy-Charts / ENTSO-E generation mix + Macknick 2012 (NREL),https://api.energy-charts.info/public_power?country=fr
FR,49,2017-07-27T01:00:00Z,2017-07-27T01:00:00Z,2.090703,base,47712.0,1.0,0.0,False,,Energy-Charts/ENTSO-E measured fuel mix x Macknick 2012 consumption factors (same payload as real CI),Energy-Charts / ENTSO-E generation mix + Macknick 2012 (NREL),https://api.energy-charts.info/public_power?country=fr
FR,50,2017-07-27T02:00:00Z,2017-07-27T02:00:00Z,2.111417,base,47611.0,1.0,0.0,False,,Energy-Charts/ENTSO-E measured fuel mix x Macknick 2012 consumption factors (same payload as real CI),Energy-Charts / ENTSO-E generation mix + Macknick 2012 (NREL),https://api.energy-charts.info/public_power?country=fr
FR,51,2017-07-27T03:00:00Z,2017-07-27T03:00:00Z,2.12712,base,48648.0,1.0,0.0,False,,Energy-Charts/ENTSO-E measured fuel mix x Macknick 2012 consumption factors (same payload as real CI),Energy-Charts / ENTSO-E generation mix + Macknick 2012 (NREL),https://api.energy-charts.info/public_power?country=fr
FR,52,2017-07-27T04:00:00Z,2017-07-27T04:00:00Z,2.108575,base,50163.0,1.0,0.0,False,,Energy-Charts/ENTSO-E measured fuel mix x Macknick 2012 consumption factors (same payload as real CI),Energy-Charts / ENTSO-E generation mix + Macknick 2012 (NREL),https://api.energy-charts.info/public_power?country=fr
FR,53,2017-07-27T05:00:00Z,2017-07-27T05:00:00Z,2.056653,base,53124.0,1.0,0.0,False,,Energy-Charts/ENTSO-E measured fuel mix x Macknick 2012 consumption factors (same payload as real CI),Energy-Charts / ENTSO-E generation mix + Macknick 2012 (NREL),https://api.energy-charts.info/public_power?country=fr
FR,54,2017-07-27T06:00:00Z,2017-07-27T06:00:00Z,2.021143,base,55041.0,1.0,0.0,False,,Energy-Charts/ENTSO-E measured fuel mix x Macknick 2012 consumption factors (same payload as real CI),Energy-Charts / ENTSO-E generation mix + Macknick 2012 (NREL),https://api.energy-charts.info/public_power?country=fr
FR,55,2017-07-27T07:00:00Z,2017-07-27T07:00:00Z,1.987355,base,56676.0,1.0,0.0,False,,Energy-Charts/ENTSO-E measured fuel mix x Macknick 2012 consumption factors (same payload as real CI),Energy-Charts / ENTSO-E generation mix + Macknick 2012 (NREL),https://api.energy-charts.info/public_power?country=fr
FR,56,2017-07-27T08:00:00Z,2017-07-27T08:00:00Z,1.959792,base,57335.0,1.0,0.0,False,,Energy-Charts/ENTSO-E measured fuel mix x Macknick 2012 consumption factors (same payload as real CI),Energy-Charts / ENTSO-E generation mix + Macknick 2012 (NREL),https://api.energy-charts.info/public_power?country=fr
FR,57,2017-07-27T09:00:00Z,2017-07-27T09:00:00Z,1.932028,base,58088.0,1.0,0.0,False,,Energy-Charts/ENTSO-E measured fuel mix x Macknick 2012 consumption factors (same payload as real CI),Energy-Charts / ENTSO-E generation mix + Macknick 2012 (NREL),https://api.energy-charts.info/public_power?country=fr
FR,58,2017-07-27T10:00:00Z,2017-07-27T10:00:00Z,1.917207,base,58057.0,1.0,0.0,False,,Energy-Charts/ENTSO-E measured fuel mix x Macknick 2012 consumption factors (same payload as real CI),Energy-Charts / ENTSO-E generation mix + Macknick 2012 (NREL),https://api.energy-charts.info/public_power?country=fr
FR,59,2017-07-27T11:00:00Z,2017-07-27T11:00:00Z,1.910876,base,57863.0,1.0,0.0,False,,Energy-Charts/ENTSO-E measured fuel mix x Macknick 2012 consumption factors (same payload as real CI),Energy-Charts / ENTSO-E generation mix + Macknick 2012 (NREL),https://api.energy-charts.info/public_power?country=fr
FR,60,2017-07-27T12:00:00Z,2017-07-27T12:00:00Z,1.916802,base,57589.0,1.0,0.0,False,,Energy-Charts/ENTSO-E measured fuel mix x Macknick 2012 consumption factors (same payload as real CI),Energy-Charts / ENTSO-E generation mix + Macknick 2012 (NREL),https://api.energy-charts.info/public_power?country=fr
FR,61,2017-07-27T13:00:00Z,2017-07-27T13:00:00Z,1.91123,base,57263.0,1.0,0.0,False,,Energy-Charts/ENTSO-E measured fuel mix x Macknick 2012 consumption factors (same payload as real CI),Energy-Charts / ENTSO-E generation mix + Macknick 2012 (NREL),https://api.energy-charts.info/public_power?country=fr
FR,62,2017-07-27T14:00:00Z,2017-07-27T14:00:00Z,1.927614,base,56519.0,1.0,0.0,False,,Energy-Charts/ENTSO-E measured fuel mix x Macknick 2012 consumption factors (same payload as real CI),Energy-Charts / ENTSO-E generation mix + Macknick 2012 (NREL),https://api.energy-charts.info/public_power?country=fr
FR,63,2017-07-27T15:00:00Z,2017-07-27T15:00:00Z,1.936402,base,56450.0,1.0,0.0,False,,Energy-Charts/ENTSO-E measured fuel mix x Macknick 2012 consumption factors (same payload as real CI),Energy-Charts / ENTSO-E generation mix + Macknick 2012 (NREL),https://api.energy-charts.info/public_power?country=fr
FR,64,2017-07-27T16:00:00Z,2017-07-27T16:00:00Z,1.934921,base,56910.0,1.0,0.0,False,,Energy-Charts/ENTSO-E measured fuel mix x Macknick 2012 consumption factors (same payload as real CI),Energy-Charts / ENTSO-E generation mix + Macknick 2012 (NREL),https://api.energy-charts.info/public_power?country=fr
FR,65,2017-07-27T17:00:00Z,2017-07-27T17:00:00Z,1.952861,base,57179.0,1.0,0.0,False,,Energy-Charts/ENTSO-E measured fuel mix x Macknick 2012 consumption factors (same payload as real CI),Energy-Charts / ENTSO-E generation mix + Macknick 2012 (NREL),https://api.energy-charts.info/public_power?country=fr
FR,66,2017-07-27T18:00:00Z,2017-07-27T18:00:00Z,2.000774,base,55306.0,1.0,0.0,False,,Energy-Charts/ENTSO-E measured fuel mix x Macknick 2012 consumption factors (same payload as real CI),Energy-Charts / ENTSO-E generation mix + Macknick 2012 (NREL),https://api.energy-charts.info/public_power?country=fr
FR,67,2017-07-27T19:00:00Z,2017-07-27T19:00:00Z,2.05993,base,53491.0,1.0,0.0,False,,Energy-Charts/ENTSO-E measured fuel mix x Macknick 2012 consumption factors (same payload as real CI),Energy-Charts / ENTSO-E generation mix + Macknick 2012 (NREL),https://api.energy-charts.info/public_power?country=fr
FR,68,2017-07-27T20:00:00Z,2017-07-27T20:00:00Z,2.046998,base,53877.0,1.0,0.0,False,,Energy-Charts/ENTSO-E measured fuel mix x Macknick 2012 consumption factors (same payload as real CI),Energy-Charts / ENTSO-E generation mix + Macknick 2012 (NREL),https://api.energy-charts.info/public_power?country=fr
FR,69,2017-07-27T21:00:00Z,2017-07-27T21:00:00Z,2.037605,base,53735.0,1.0,0.0,False,,Energy-Charts/ENTSO-E measured fuel mix x Macknick 2012 consumption factors (same payload as real CI),Energy-Charts / ENTSO-E generation mix + Macknick 2012 (NREL),https://api.energy-charts.info/public_power?country=fr
FR,70,2017-07-27T22:00:00Z,2017-07-27T22:00:00Z,2.094955,base,51309.0,1.0,0.0,False,,Energy-Charts/ENTSO-E measured fuel mix x Macknick 2012 consumption factors (same payload as real CI),Energy-Charts / ENTSO-E generation mix + Macknick 2012 (NREL),https://api.energy-charts.info/public_power?country=fr
FR,71,2017-07-27T23:00:00Z,2017-07-27T23:00:00Z,2.114752,base,49522.0,1.0,0.0,False,,Energy-Charts/ENTSO-E measured fuel mix x Macknick 2012 consumption factors (same payload as real CI),Energy-Charts / ENTSO-E generation mix + Macknick 2012 (NREL),https://api.energy-charts.info/public_power?country=fr
FR,72,2017-07-28T00:00:00Z,2017-07-28T00:00:00Z,2.115825,base,49127.0,1.0,0.0,False,,Energy-Charts/ENTSO-E measured fuel mix x Macknick 2012 consumption factors (same payload as real CI),Energy-Charts / ENTSO-E generation mix + Macknick 2012 (NREL),https://api.energy-charts.info/public_power?country=fr
FR,73,2017-07-28T01:00:00Z,2017-07-28T01:00:00Z,2.126515,base,48016.0,1.0,0.0,False,,Energy-Charts/ENTSO-E measured fuel mix x Macknick 2012 consumption factors (same payload as real CI),Energy-Charts / ENTSO-E generation mix + Macknick 2012 (NREL),https://api.energy-charts.info/public_power?country=fr
FR,74,2017-07-28T02:00:00Z,2017-07-28T02:00:00Z,2.132993,base,47947.0,1.0,0.0,False,,Energy-Charts/ENTSO-E measured fuel mix x Macknick 2012 consumption factors (same payload as real CI),Energy-Charts / ENTSO-E generation mix + Macknick 2012 (NREL),https://api.energy-charts.info/public_power?country=fr
FR,75,2017-07-28T03:00:00Z,2017-07-28T03:00:00Z,2.140106,base,48157.0,1.0,0.0,False,,Energy-Charts/ENTSO-E measured fuel mix x Macknick 2012 consumption factors (same payload as real CI),Energy-Charts / ENTSO-E generation mix + Macknick 2012 (NREL),https://api.energy-charts.info/public_power?country=fr
FR,76,2017-07-28T04:00:00Z,2017-07-28T04:00:00Z,2.124901,base,49941.0,1.0,0.0,False,,Energy-Charts/ENTSO-E measured fuel mix x Macknick 2012 consumption factors (same payload as real CI),Energy-Charts / ENTSO-E generation mix + Macknick 2012 (NREL),https://api.energy-charts.info/public_power?country=fr
FR,77,2017-07-28T05:00:00Z,2017-07-28T05:00:00Z,2.077109,base,52943.0,1.0,0.0,False,,Energy-Charts/ENTSO-E measured fuel mix x Macknick 2012 consumption factors (same payload as real CI),Energy-Charts / ENTSO-E generation mix + Macknick 2012 (NREL),https://api.energy-charts.info/public_power?country=fr
FR,78,2017-07-28T06:00:00Z,2017-07-28T06:00:00Z,2.027975,base,54664.0,1.0,0.0,False,,Energy-Charts/ENTSO-E measured fuel mix x Macknick 2012 consumption factors (same payload as real CI),Energy-Charts / ENTSO-E generation mix + Macknick 2012 (NREL),https://api.energy-charts.info/public_power?country=fr
FR,79,2017-07-28T07:00:00Z,2017-07-28T07:00:00Z,1.992144,base,55541.0,1.0,0.0,False,,Energy-Charts/ENTSO-E measured fuel mix x Macknick 2012 consumption factors (same payload as real CI),Energy-Charts / ENTSO-E generation mix + Macknick 2012 (NREL),https://api.energy-charts.info/public_power?country=fr
FR,80,2017-07-28T08:00:00Z,2017-07-28T08:00:00Z,1.958506,base,56478.0,1.0,0.0,False,,Energy-Charts/ENTSO-E measured fuel mix x Macknick 2012 consumption factors (same payload as real CI),Energy-Charts / ENTSO-E generation mix + Macknick 2012 (NREL),https://api.energy-charts.info/public_power?country=fr
FR,81,2017-07-28T09:00:00Z,2017-07-28T09:00:00Z,1.942165,base,56432.0,1.0,0.0,False,,Energy-Charts/ENTSO-E measured fuel mix x Macknick 2012 consumption factors (same payload as real CI),Energy-Charts / ENTSO-E generation mix + Macknick 2012 (NREL),https://api.energy-charts.info/public_power?country=fr
FR,82,2017-07-28T10:00:00Z,2017-07-28T10:00:00Z,1.926148,base,56573.0,1.0,0.0,False,,Energy-Charts/ENTSO-E measured fuel mix x Macknick 2012 consumption factors (same payload as real CI),Energy-Charts / ENTSO-E generation mix + Macknick 2012 (NREL),https://api.energy-charts.info/public_power?country=fr
FR,83,2017-07-28T11:00:00Z,2017-07-28T11:00:00Z,1.927735,base,55438.0,1.0,0.0,False,,Energy-Charts/ENTSO-E measured fuel mix x Macknick 2012 consumption factors (same payload as real CI),Energy-Charts / ENTSO-E generation mix + Macknick 2012 (NREL),https://api.energy-charts.info/public_power?country=fr
FR,84,2017-07-28T12:00:00Z,2017-07-28T12:00:00Z,1.930969,base,55071.0,1.0,0.0,False,,Energy-Charts/ENTSO-E measured fuel mix x Macknick 2012 consumption factors (same payload as real CI),Energy-Charts / ENTSO-E generation mix + Macknick 2012 (NREL),https://api.energy-charts.info/public_power?country=fr
FR,85,2017-07-28T13:00:00Z,2017-07-28T13:00:00Z,1.927585,base,54580.0,1.0,0.0,False,,Energy-Charts/ENTSO-E measured fuel mix x Macknick 2012 consumption factors (same payload as real CI),Energy-Charts / ENTSO-E generation mix + Macknick 2012 (NREL),https://api.energy-charts.info/public_power?country=fr
FR,86,2017-07-28T14:00:00Z,2017-07-28T14:00:00Z,1.9321,base,54281.0,1.0,0.0,False,,Energy-Charts/ENTSO-E measured fuel mix x Macknick 2012 consumption factors (same payload as real CI),Energy-Charts / ENTSO-E generation mix + Macknick 2012 (NREL),https://api.energy-charts.info/public_power?country=fr
FR,87,2017-07-28T15:00:00Z,2017-07-28T15:00:00Z,1.945865,base,54068.0,1.0,0.0,False,,Energy-Charts/ENTSO-E measured fuel mix x Macknick 2012 consumption factors (same payload as real CI),Energy-Charts / ENTSO-E generation mix + Macknick 2012 (NREL),https://api.energy-charts.info/public_power?country=fr
FR,88,2017-07-28T16:00:00Z,2017-07-28T16:00:00Z,1.9729,base,53784.0,1.0,0.0,False,,Energy-Charts/ENTSO-E measured fuel mix x Macknick 2012 consumption factors (same payload as real CI),Energy-Charts / ENTSO-E generation mix + Macknick 2012 (NREL),https://api.energy-charts.info/public_power?country=fr
FR,89,2017-07-28T17:00:00Z,2017-07-28T17:00:00Z,1.985294,base,53967.0,1.0,0.0,False,,Energy-Charts/ENTSO-E measured fuel mix x Macknick 2012 consumption factors (same payload as real CI),Energy-Charts / ENTSO-E generation mix + Macknick 2012 (NREL),https://api.energy-charts.info/public_power?country=fr
FR,90,2017-07-28T18:00:00Z,2017-07-28T18:00:00Z,2.022145,base,53312.0,1.0,0.0,False,,Energy-Charts/ENTSO-E measured fuel mix x Macknick 2012 consumption factors (same payload as real CI),Energy-Charts / ENTSO-E generation mix + Macknick 2012 (NREL),https://api.energy-charts.info/public_power?country=fr
FR,91,2017-07-28T19:00:00Z,2017-07-28T19:00:00Z,2.06371,base,52286.0,1.0,0.0,False,,Energy-Charts/ENTSO-E measured fuel mix x Macknick 2012 consumption factors (same payload as real CI),Energy-Charts / ENTSO-E generation mix + Macknick 2012 (NREL),https://api.energy-charts.info/public_power?country=fr
FR,92,2017-07-28T20:00:00Z,2017-07-28T20:00:00Z,2.026555,base,53054.0,1.0,0.0,False,,Energy-Charts/ENTSO-E measured fuel mix x Macknick 2012 consumption factors (same payload as real CI),Energy-Charts / ENTSO-E generation mix + Macknick 2012 (NREL),https://api.energy-charts.info/public_power?country=fr
FR,93,2017-07-28T21:00:00Z,2017-07-28T21:00:00Z,2.026884,base,52212.0,1.0,0.0,False,,Energy-Charts/ENTSO-E measured fuel mix x Macknick 2012 consumption factors (same payload as real CI),Energy-Charts / ENTSO-E generation mix + Macknick 2012 (NREL),https://api.energy-charts.info/public_power?country=fr
FR,94,2017-07-28T22:00:00Z,2017-07-28T22:00:00Z,2.053074,base,49984.0,1.0,0.0,False,,Energy-Charts/ENTSO-E measured fuel mix x Macknick 2012 consumption factors (same payload as real CI),Energy-Charts / ENTSO-E generation mix + Macknick 2012 (NREL),https://api.energy-charts.info/public_power?country=fr
FR,95,2017-07-28T23:00:00Z,2017-07-28T23:00:00Z,2.078156,base,47723.0,1.0,0.0,False,,Energy-Charts/ENTSO-E measured fuel mix x Macknick 2012 consumption factors (same payload as real CI),Energy-Charts / ENTSO-E generation mix + Macknick 2012 (NREL),https://api.energy-charts.info/public_power?country=fr
ES,0,2017-07-25T00:00:00Z,2017-07-25T00:00:00Z,1.28922,base,23686.0,1.0,0.0,False,,Energy-Charts/ENTSO-E measured fuel mix x Macknick 2012 consumption factors (same payload as real CI),Energy-Charts / ENTSO-E generation mix + Macknick 2012 (NREL),https://api.energy-charts.info/public_power?country=es
ES,1,2017-07-25T01:00:00Z,2017-07-25T01:00:00Z,1.311801,base,22922.0,1.0,0.0,False,,Energy-Charts/ENTSO-E measured fuel mix x Macknick 2012 consumption factors (same payload as real CI),Energy-Charts / ENTSO-E generation mix + Macknick 2012 (NREL),https://api.energy-charts.info/public_power?country=es
ES,2,2017-07-25T02:00:00Z,2017-07-25T02:00:00Z,1.30756,base,22539.0,1.0,0.0,False,,Energy-Charts/ENTSO-E measured fuel mix x Macknick 2012 consumption factors (same payload as real CI),Energy-Charts / ENTSO-E generation mix + Macknick 2012 (NREL),https://api.energy-charts.info/public_power?country=es
ES,3,2017-07-25T03:00:00Z,2017-07-25T03:00:00Z,1.2974,base,22506.0,1.0,0.0,False,,Energy-Charts/ENTSO-E measured fuel mix x Macknick 2012 consumption factors (same payload as real CI),Energy-Charts / ENTSO-E generation mix + Macknick 2012 (NREL),https://api.energy-charts.info/public_power?country=es
ES,4,2017-07-25T04:00:00Z,2017-07-25T04:00:00Z,1.327289,base,22959.0,1.0,0.0,False,,Energy-Charts/ENTSO-E measured fuel mix x Macknick 2012 consumption factors (same payload as real CI),Energy-Charts / ENTSO-E generation mix + Macknick 2012 (NREL),https://api.energy-charts.info/public_power?country=es
ES,5,2017-07-25T05:00:00Z,2017-07-25T05:00:00Z,1.346484,base,23978.0,1.0,0.0,False,,Energy-Charts/ENTSO-E measured fuel mix x Macknick 2012 consumption factors (same payload as real CI),Energy-Charts / ENTSO-E generation mix + Macknick 2012 (NREL),https://api.energy-charts.info/public_power?country=es
ES,6,2017-07-25T06:00:00Z,2017-07-25T06:00:00Z,1.315934,base,25843.0,1.0,0.0,False,,Energy-Charts/ENTSO-E measured fuel mix x Macknick 2012 consumption factors (same payload as real CI),Energy-Charts / ENTSO-E generation mix + Macknick 2012 (NREL),https://api.energy-charts.info/public_power?country=es
ES,7,2017-07-25T07:00:00Z,2017-07-25T07:00:00Z,1.261726,base,28633.0,1.0,0.0,False,,Energy-Charts/ENTSO-E measured fuel mix x Macknick 2012 consumption factors (same payload as real CI),Energy-Charts / ENTSO-E generation mix + Macknick 2012 (NREL),https://api.energy-charts.info/public_power?country=es
ES,8,2017-07-25T08:00:00Z,2017-07-25T08:00:00Z,1.204326,base,30148.0,1.0,0.0,False,,Energy-Charts/ENTSO-E measured fuel mix x Macknick 2012 consumption factors (same payload as real CI),Energy-Charts / ENTSO-E generation mix + Macknick 2012 (NREL),https://api.energy-charts.info/public_power?country=es
ES,9,2017-07-25T09:00:00Z,2017-07-25T09:00:00Z,1.219416,base,31620.0,1.0,0.0,False,,Energy-Charts/ENTSO-E measured fuel mix x Macknick 2012 consumption factors (same payload as real CI),Energy-Charts / ENTSO-E generation mix + Macknick 2012 (NREL),https://api.energy-charts.info/public_power?country=es
ES,10,2017-07-25T10:00:00Z,2017-07-25T10:00:00Z,1.225755,base,31895.0,1.0,0.0,False,,Energy-Charts/ENTSO-E measured fuel mix x Macknick 2012 consumption factors (same payload as real CI),Energy-Charts / ENTSO-E generation mix + Macknick 2012 (NREL),https://api.energy-charts.info/public_power?country=es
ES,11,2017-07-25T11:00:00Z,2017-07-25T11:00:00Z,1.212332,base,31768.0,1.0,0.0,False,,Energy-Charts/ENTSO-E measured fuel mix x Macknick 2012 consumption factors (same payload as real CI),Energy-Charts / ENTSO-E generation mix + Macknick 2012 (NREL),https://api.energy-charts.info/public_power?country=es
ES,12,2017-07-25T12:00:00Z,2017-07-25T12:00:00Z,1.196418,base,31695.0,1.0,0.0,False,,Energy-Charts/ENTSO-E measured fuel mix x Macknick 2012 consumption factors (same payload as real CI),Energy-Charts / ENTSO-E generation mix + Macknick 2012 (NREL),https://api.energy-charts.info/public_power?country=es
ES,13,2017-07-25T13:00:00Z,2017-07-25T13:00:00Z,1.176979,base,31391.0,1.0,0.0,False,,Energy-Charts/ENTSO-E measured fuel mix x Macknick 2012 consumption factors (same payload as real CI),Energy-Charts / ENTSO-E generation mix + Macknick 2012 (NREL),https://api.energy-charts.info/public_power?country=es
ES,14,2017-07-25T14:00:00Z,2017-07-25T14:00:00Z,1.168066,base,31079.0,1.0,0.0,False,,Energy-Charts/ENTSO-E measured fuel mix x Macknick 2012 consumption factors (same payload as real CI),Energy-Charts / ENTSO-E generation mix + Macknick 2012 (NREL),https://api.energy-charts.info/public_power?country=es
ES,15,2017-07-25T15:00:00Z,2017-07-25T15:00:00Z,1.16823,base,31173.0,1.0,0.0,False,,Energy-Charts/ENTSO-E measured fuel mix x Macknick 2012 consumption factors (same payload as real CI),Energy-Charts / ENTSO-E generation mix + Macknick 2012 (NREL),https://api.energy-charts.info/public_power?country=es
ES,16,2017-07-25T16:00:00Z,2017-07-25T16:00:00Z,1.170496,base,31016.0,1.0,0.0,False,,Energy-Charts/ENTSO-E measured fuel mix x Macknick 2012 consumption factors (same payload as real CI),Energy-Charts / ENTSO-E generation mix + Macknick 2012 (NREL),https://api.energy-charts.info/public_power?country=es
ES,17,2017-07-25T17:00:00Z,2017-07-25T17:00:00Z,1.194335,base,30620.0,1.0,0.0,False,,Energy-Charts/ENTSO-E measured fuel mix x Macknick 2012 consumption factors (same payload as real CI),Energy-Charts / ENTSO-E generation mix + Macknick 2012 (NREL),https://api.energy-charts.info/public_power?country=es
ES,18,2017-07-25T18:00:00Z,2017-07-25T18:00:00Z,1.245316,base,29745.0,1.0,0.0,False,,Energy-Charts/ENTSO-E measured fuel mix x Macknick 2012 consumption factors (same payload as real CI),Energy-Charts / ENTSO-E generation mix + Macknick 2012 (NREL),https://api.energy-charts.info/public_power?country=es
ES,19,2017-07-25T19:00:00Z,2017-07-25T19:00:00Z,1.309474,base,28650.0,1.0,0.0,False,,Energy-Charts/ENTSO-E measured fuel mix x Macknick 2012 consumption factors (same payload as real CI),Energy-Charts / ENTSO-E generation mix + Macknick 2012 (NREL),https://api.energy-charts.info/public_power?country=es
ES,20,2017-07-25T20:00:00Z,2017-07-25T20:00:00Z,1.340858,base,28395.0,1.0,0.0,False,,Energy-Charts/ENTSO-E measured fuel mix x Macknick 2012 consumption factors (same payload as real CI),Energy-Charts / ENTSO-E generation mix + Macknick 2012 (NREL),https://api.energy-charts.info/public_power?country=es
ES,21,2017-07-25T21:00:00Z,2017-07-25T21:00:00Z,1.357712,base,27123.0,1.0,0.0,False,,Energy-Charts/ENTSO-E measured fuel mix x Macknick 2012 consumption factors (same payload as real CI),Energy-Charts / ENTSO-E generation mix + Macknick 2012 (NREL),https://api.energy-charts.info/public_power?country=es
ES,22,2017-07-25T22:00:00Z,2017-07-25T22:00:00Z,1.388612,base,24859.0,1.0,0.0,False,,Energy-Charts/ENTSO-E measured fuel mix x Macknick 2012 consumption factors (same payload as real CI),Energy-Charts / ENTSO-E generation mix + Macknick 2012 (NREL),https://api.energy-charts.info/public_power?country=es
ES,23,2017-07-25T23:00:00Z,2017-07-25T23:00:00Z,1.418758,base,24225.0,1.0,0.0,False,,Energy-Charts/ENTSO-E measured fuel mix x Macknick 2012 consumption factors (same payload as real CI),Energy-Charts / ENTSO-E generation mix + Macknick 2012 (NREL),https://api.energy-charts.info/public_power?country=es
ES,24,2017-07-26T00:00:00Z,2017-07-26T00:00:00Z,1.438454,base,23761.0,1.0,0.0,False,,Energy-Charts/ENTSO-E measured fuel mix x Macknick 2012 consumption factors (same payload as real CI),Energy-Charts / ENTSO-E generation mix + Macknick 2012 (NREL),https://api.energy-charts.info/public_power?country=es
ES,25,2017-07-26T01:00:00Z,2017-07-26T01:00:00Z,1.474343,base,22839.0,1.0,0.0,False,,Energy-Charts/ENTSO-E measured fuel mix x Macknick 2012 consumption factors (same payload as real CI),Energy-Charts / ENTSO-E generation mix + Macknick 2012 (NREL),https://api.energy-charts.info/public_power?country=es
ES,26,2017-07-26T02:00:00Z,2017-07-26T02:00:00Z,1.495087,base,22720.0,1.0,0.0,False,,Energy-Charts/ENTSO-E measured fuel mix x Macknick 2012 consumption factors (same payload as real CI),Energy-Charts / ENTSO-E generation mix + Macknick 2012 (NREL),https://api.energy-charts.info/public_power?country=es
ES,27,2017-07-26T03:00:00Z,2017-07-26T03:00:00Z,1.511734,base,22763.0,1.0,0.0,False,,Energy-Charts/ENTSO-E measured fuel mix x Macknick 2012 consumption factors (same payload as real CI),Energy-Charts / ENTSO-E generation mix + Macknick 2012 (NREL),https://api.energy-charts.info/public_power?country=es
ES,28,2017-07-26T04:00:00Z,2017-07-26T04:00:00Z,1.515166,base,23626.0,1.0,0.0,False,,Energy-Charts/ENTSO-E measured fuel mix x Macknick 2012 consumption factors (same payload as real CI),Energy-Charts / ENTSO-E generation mix + Macknick 2012 (NREL),https://api.energy-charts.info/public_power?country=es
ES,29,2017-07-26T05:00:00Z,2017-07-26T05:00:00Z,1.519023,base,24649.0,1.0,0.0,False,,Energy-Charts/ENTSO-E measured fuel mix x Macknick 2012 consumption factors (same payload as real CI),Energy-Charts / ENTSO-E generation mix + Macknick 2012 (NREL),https://api.energy-charts.info/public_power?country=es
ES,30,2017-07-26T06:00:00Z,2017-07-26T06:00:00Z,1.489402,base,26641.0,1.0,0.0,False,,Energy-Charts/ENTSO-E measured fuel mix x Macknick 2012 consumption factors (same payload as real CI),Energy-Charts / ENTSO-E generation mix + Macknick 2012 (NREL),https://api.energy-charts.info/public_power?country=es
ES,31,2017-07-26T07:00:00Z,2017-07-26T07:00:00Z,1.442077,base,28544.0,1.0,0.0,False,,Energy-Charts/ENTSO-E measured fuel mix x Macknick 2012 consumption factors (same payload as real CI),Energy-Charts / ENTSO-E generation mix + Macknick 2012 (NREL),https://api.energy-charts.info/public_power?country=es
ES,32,2017-07-26T08:00:00Z,2017-07-26T08:00:00Z,1.375341,base,30376.0,1.0,0.0,False,,Energy-Charts/ENTSO-E measured fuel mix x Macknick 2012 consumption factors (same payload as real CI),Energy-Charts / ENTSO-E generation mix + Macknick 2012 (NREL),https://api.energy-charts.info/public_power?country=es
ES,33,2017-07-26T09:00:00Z,2017-07-26T09:00:00Z,1.342885,base,31253.0,1.0,0.0,False,,Energy-Charts/ENTSO-E measured fuel mix x Macknick 2012 consumption factors (same payload as real CI),Energy-Charts / ENTSO-E generation mix + Macknick 2012 (NREL),https://api.energy-charts.info/public_power?country=es
ES,34,2017-07-26T10:00:00Z,2017-07-26T10:00:00Z,1.333576,base,31754.0,1.0,0.0,False,,Energy-Charts/ENTSO-E measured fuel mix x Macknick 2012 consumption factors (same payload as real CI),Energy-Charts / ENTSO-E generation mix + Macknick 2012 (NREL),https://api.energy-charts.info/public_power?country=es
ES,35,2017-07-26T11:00:00Z,2017-07-26T11:00:00Z,1.334919,base,32387.0,1.0,0.0,False,,Energy-Charts/ENTSO-E measured fuel mix x Macknick 2012 consumption factors (same payload as real CI),Energy-Charts / ENTSO-E generation mix + Macknick 2012 (NREL),https://api.energy-charts.info/public_power?country=es
ES,36,2017-07-26T12:00:00Z,2017-07-26T12:00:00Z,1.319973,base,31837.0,1.0,0.0,False,,Energy-Charts/ENTSO-E measured fuel mix x Macknick 2012 consumption factors (same payload as real CI),Energy-Charts / ENTSO-E generation mix + Macknick 2012 (NREL),https://api.energy-charts.info/public_power?country=es
ES,37,2017-07-26T13:00:00Z,2017-07-26T13:00:00Z,1.296683,base,31290.0,1.0,0.0,False,,Energy-Charts/ENTSO-E measured fuel mix x Macknick 2012 consumption factors (same payload as real CI),Energy-Charts / ENTSO-E generation mix + Macknick 2012 (NREL),https://api.energy-charts.info/public_power?country=es
ES,38,2017-07-26T14:00:00Z,2017-07-26T14:00:00Z,1.287014,base,30965.0,1.0,0.0,False,,Energy-Charts/ENTSO-E measured fuel mix x Macknick 2012 consumption factors (same payload as real CI),Energy-Charts / ENTSO-E generation mix + Macknick 2012 (NREL),https://api.energy-charts.info/public_power?country=es
ES,39,2017-07-26T15:00:00Z,2017-07-26T15:00:00Z,1.283054,base,30971.0,1.0,0.0,False,,Energy-Charts/ENTSO-E measured fuel mix x Macknick 2012 consumption factors (same payload as real CI),Energy-Charts / ENTSO-E generation mix + Macknick 2012 (NREL),https://api.energy-charts.info/public_power?country=es
ES,40,2017-07-26T16:00:00Z,2017-07-26T16:00:00Z,1.283663,base,30706.0,1.0,0.0,False,,Energy-Charts/ENTSO-E measured fuel mix x Macknick 2012 consumption factors (same payload as real CI),Energy-Charts / ENTSO-E generation mix + Macknick 2012 (NREL),https://api.energy-charts.info/public_power?country=es
ES,41,2017-07-26T17:00:00Z,2017-07-26T17:00:00Z,1.308264,base,29714.0,1.0,0.0,False,,Energy-Charts/ENTSO-E measured fuel mix x Macknick 2012 consumption factors (same payload as real CI),Energy-Charts / ENTSO-E generation mix + Macknick 2012 (NREL),https://api.energy-charts.info/public_power?country=es
ES,42,2017-07-26T18:00:00Z,2017-07-26T18:00:00Z,1.377154,base,28850.0,1.0,0.0,False,,Energy-Charts/ENTSO-E measured fuel mix x Macknick 2012 consumption factors (same payload as real CI),Energy-Charts / ENTSO-E generation mix + Macknick 2012 (NREL),https://api.energy-charts.info/public_power?country=es
ES,43,2017-07-26T19:00:00Z,2017-07-26T19:00:00Z,1.460872,base,28635.0,1.0,0.0,False,,Energy-Charts/ENTSO-E measured fuel mix x Macknick 2012 consumption factors (same payload as real CI),Energy-Charts / ENTSO-E generation mix + Macknick 2012 (NREL),https://api.energy-charts.info/public_power?country=es
ES,44,2017-07-26T20:00:00Z,2017-07-26T20:00:00Z,1.493467,base,28025.0,1.0,0.0,False,,Energy-Charts/ENTSO-E measured fuel mix x Macknick 2012 consumption factors (same payload as real CI),Energy-Charts / ENTSO-E generation mix + Macknick 2012 (NREL),https://api.energy-charts.info/public_power?country=es
ES,45,2017-07-26T21:00:00Z,2017-07-26T21:00:00Z,1.515553,base,26359.0,1.0,0.0,False,,Energy-Charts/ENTSO-E measured fuel mix x Macknick 2012 consumption factors (same payload as real CI),Energy-Charts / ENTSO-E generation mix + Macknick 2012 (NREL),https://api.energy-charts.info/public_power?country=es
ES,46,2017-07-26T22:00:00Z,2017-07-26T22:00:00Z,1.521685,base,25285.0,1.0,0.0,False,,Energy-Charts/ENTSO-E measured fuel mix x Macknick 2012 consumption factors (same payload as real CI),Energy-Charts / ENTSO-E generation mix + Macknick 2012 (NREL),https://api.energy-charts.info/public_power?country=es
ES,47,2017-07-26T23:00:00Z,2017-07-26T23:00:00Z,1.513417,base,24842.0,1.0,0.0,False,,Energy-Charts/ENTSO-E measured fuel mix x Macknick 2012 consumption factors (same payload as real CI),Energy-Charts / ENTSO-E generation mix + Macknick 2012 (NREL),https://api.energy-charts.info/public_power?country=es
ES,48,2017-07-27T00:00:00Z,2017-07-27T00:00:00Z,1.543319,base,23994.0,1.0,0.0,False,,Energy-Charts/ENTSO-E measured fuel mix x Macknick 2012 consumption factors (same payload as real CI),Energy-Charts / ENTSO-E generation mix + Macknick 2012 (NREL),https://api.energy-charts.info/public_power?country=es
ES,49,2017-07-27T01:00:00Z,2017-07-27T01:00:00Z,1.585751,base,23215.0,1.0,0.0,False,,Energy-Charts/ENTSO-E measured fuel mix x Macknick 2012 consumption factors (same payload as real CI),Energy-Charts / ENTSO-E generation mix + Macknick 2012 (NREL),https://api.energy-charts.info/public_power?country=es
ES,50,2017-07-27T02:00:00Z,2017-07-27T02:00:00Z,1.607889,base,22993.0,1.0,0.0,False,,Energy-Charts/ENTSO-E measured fuel mix x Macknick 2012 consumption factors (same payload as real CI),Energy-Charts / ENTSO-E generation mix + Macknick 2012 (NREL),https://api.energy-charts.info/public_power?country=es
ES,51,2017-07-27T03:00:00Z,2017-07-27T03:00:00Z,1.594376,base,23218.0,1.0,0.0,False,,Energy-Charts/ENTSO-E measured fuel mix x Macknick 2012 consumption factors (same payload as real CI),Energy-Charts / ENTSO-E generation mix + Macknick 2012 (NREL),https://api.energy-charts.info/public_power?country=es
ES,52,2017-07-27T04:00:00Z,2017-07-27T04:00:00Z,1.566694,base,24260.0,1.0,0.0,False,,Energy-Charts/ENTSO-E measured fuel mix x Macknick 2012 consumption factors (same payload as real CI),Energy-Charts / ENTSO-E generation mix + Macknick 2012 (NREL),https://api.energy-charts.info/public_power?country=es
ES,53,2017-07-27T05:00:00Z,2017-07-27T05:00:00Z,1.539585,base,25382.0,1.0,0.0,False,,Energy-Charts/ENTSO-E measured fuel mix x Macknick 2012 consumption factors (same payload as real CI),Energy-Charts / ENTSO-E generation mix + Macknick 2012 (NREL),https://api.energy-charts.info/public_power?country=es
ES,54,2017-07-27T06:00:00Z,2017-07-27T06:00:00Z,1.505243,base,26938.0,1.0,0.0,False,,Energy-Charts/ENTSO-E measured fuel mix x Macknick 2012 consumption factors (same payload as real CI),Energy-Charts / ENTSO-E generation mix + Macknick 2012 (NREL),https://api.energy-charts.info/public_power?country=es
ES,55,2017-07-27T07:00:00Z,2017-07-27T07:00:00Z,1.461284,base,28676.0,1.0,0.0,False,,Energy-Charts/ENTSO-E measured fuel mix x Macknick 2012 consumption factors (same payload as real CI),Energy-Charts / ENTSO-E generation mix + Macknick 2012 (NREL),https://api.energy-charts.info/public_power?country=es
ES,56,2017-07-27T08:00:00Z,2017-07-27T08:00:00Z,1.414833,base,30872.0,1.0,0.0,False,,Energy-Charts/ENTSO-E measured fuel mix x Macknick 2012 consumption factors (same payload as real CI),Energy-Charts / ENTSO-E generation mix + Macknick 2012 (NREL),https://api.energy-charts.info/public_power?country=es
ES,57,2017-07-27T09:00:00Z,2017-07-27T09:00:00Z,1.385268,base,32087.0,1.0,0.0,False,,Energy-Charts/ENTSO-E measured fuel mix x Macknick 2012 consumption factors (same payload as real CI),Energy-Charts / ENTSO-E generation mix + Macknick 2012 (NREL),https://api.energy-charts.info/public_power?country=es
ES,58,2017-07-27T10:00:00Z,2017-07-27T10:00:00Z,1.3616,base,32919.0,1.0,0.0,False,,Energy-Charts/ENTSO-E measured fuel mix x Macknick 2012 consumption factors (same payload as real CI),Energy-Charts / ENTSO-E generation mix + Macknick 2012 (NREL),https://api.energy-charts.info/public_power?country=es
ES,59,2017-07-27T11:00:00Z,2017-07-27T11:00:00Z,1.339129,base,33714.0,1.0,0.0,False,,Energy-Charts/ENTSO-E measured fuel mix x Macknick 2012 consumption factors (same payload as real CI),Energy-Charts / ENTSO-E generation mix + Macknick 2012 (NREL),https://api.energy-charts.info/public_power?country=es
ES,60,2017-07-27T12:00:00Z,2017-07-27T12:00:00Z,1.325328,base,33637.0,1.0,0.0,False,,Energy-Charts/ENTSO-E measured fuel mix x Macknick 2012 consumption factors (same payload as real CI),Energy-Charts / ENTSO-E generation mix + Macknick 2012 (NREL),https://api.energy-charts.info/public_power?country=es
ES,61,2017-07-27T13:00:00Z,2017-07-27T13:00:00Z,1.311912,base,33426.0,1.0,0.0,False,,Energy-Charts/ENTSO-E measured fuel mix x Macknick 2012 consumption factors (same payload as real CI),Energy-Charts / ENTSO-E generation mix + Macknick 2012 (NREL),https://api.energy-charts.info/public_power?country=es
ES,62,2017-07-27T14:00:00Z,2017-07-27T14:00:00Z,1.294695,base,33666.0,1.0,0.0,False,,Energy-Charts/ENTSO-E measured fuel mix x Macknick 2012 consumption factors (same payload as real CI),Energy-Charts / ENTSO-E generation mix + Macknick 2012 (NREL),https://api.energy-charts.info/public_power?country=es
ES,63,2017-07-27T15:00:00Z,2017-07-27T15:00:00Z,1.277853,base,33615.0,1.0,0.0,False,,Energy-Charts/ENTSO-E measured fuel mix x Macknick 2012 consumption factors (same payload as real CI),Energy-Charts / ENTSO-E generation mix + Macknick 2012 (NREL),https://api.energy-charts.info/public_power?country=es
ES,64,2017-07-27T16:00:00Z,2017-07-27T16:00:00Z,1.2749,base,33005.0,1.0,0.0,False,,Energy-Charts/ENTSO-E measured fuel mix x Macknick 2012 consumption factors (same payload as real CI),Energy-Charts / ENTSO-E generation mix + Macknick 2012 (NREL),https://api.energy-charts.info/public_power?country=es
ES,65,2017-07-27T17:00:00Z,2017-07-27T17:00:00Z,1.311083,base,32289.0,1.0,0.0,False,,Energy-Charts/ENTSO-E measured fuel mix x Macknick 2012 consumption factors (same payload as real CI),Energy-Charts / ENTSO-E generation mix + Macknick 2012 (NREL),https://api.energy-charts.info/public_power?country=es
ES,66,2017-07-27T18:00:00Z,2017-07-27T18:00:00Z,1.358089,base,31553.0,1.0,0.0,False,,Energy-Charts/ENTSO-E measured fuel mix x Macknick 2012 consumption factors (same payload as real CI),Energy-Charts / ENTSO-E generation mix + Macknick 2012 (NREL),https://api.energy-charts.info/public_power?country=es
ES,67,2017-07-27T19:00:00Z,2017-07-27T19:00:00Z,1.385489,base,30793.0,1.0,0.0,False,,Energy-Charts/ENTSO-E measured fuel mix x Macknick 2012 consumption factors (same payload as real CI),Energy-Charts / ENTSO-E generation mix + Macknick 2012 (NREL),https://api.energy-charts.info/public_power?country=es
ES,68,2017-07-27T20:00:00Z,2017-07-27T20:00:00Z,1.384727,base,30824.0,1.0,0.0,False,,Energy-Charts/ENTSO-E measured fuel mix x Macknick 2012 consumption factors (same payload as real CI),Energy-Charts / ENTSO-E generation mix + Macknick 2012 (NREL),https://api.energy-charts.info/public_power?country=es
ES,69,2017-07-27T21:00:00Z,2017-07-27T21:00:00Z,1.403729,base,28457.0,1.0,0.0,False,,Energy-Charts/ENTSO-E measured fuel mix x Macknick 2012 consumption factors (same payload as real CI),Energy-Charts / ENTSO-E generation mix + Macknick 2012 (NREL),https://api.energy-charts.info/public_power?country=es
ES,70,2017-07-27T22:00:00Z,2017-07-27T22:00:00Z,1.432389,base,26520.0,1.0,0.0,False,,Energy-Charts/ENTSO-E measured fuel mix x Macknick 2012 consumption factors (same payload as real CI),Energy-Charts / ENTSO-E generation mix + Macknick 2012 (NREL),https://api.energy-charts.info/public_power?country=es
ES,71,2017-07-27T23:00:00Z,2017-07-27T23:00:00Z,1.451279,base,25341.0,1.0,0.0,False,,Energy-Charts/ENTSO-E measured fuel mix x Macknick 2012 consumption factors (same payload as real CI),Energy-Charts / ENTSO-E generation mix + Macknick 2012 (NREL),https://api.energy-charts.info/public_power?country=es
ES,72,2017-07-28T00:00:00Z,2017-07-28T00:00:00Z,1.477078,base,24004.0,1.0,0.0,False,,Energy-Charts/ENTSO-E measured fuel mix x Macknick 2012 consumption factors (same payload as real CI),Energy-Charts / ENTSO-E generation mix + Macknick 2012 (NREL),https://api.energy-charts.info/public_power?country=es
ES,73,2017-07-28T01:00:00Z,2017-07-28T01:00:00Z,1.508484,base,23188.0,1.0,0.0,False,,Energy-Charts/ENTSO-E measured fuel mix x Macknick 2012 consumption factors (same payload as real CI),Energy-Charts / ENTSO-E generation mix + Macknick 2012 (NREL),https://api.energy-charts.info/public_power?country=es
ES,74,2017-07-28T02:00:00Z,2017-07-28T02:00:00Z,1.527877,base,22979.0,1.0,0.0,False,,Energy-Charts/ENTSO-E measured fuel mix x Macknick 2012 consumption factors (same payload as real CI),Energy-Charts / ENTSO-E generation mix + Macknick 2012 (NREL),https://api.energy-charts.info/public_power?country=es
ES,75,2017-07-28T03:00:00Z,2017-07-28T03:00:00Z,1.528608,base,23300.0,1.0,0.0,False,,Energy-Charts/ENTSO-E measured fuel mix x Macknick 2012 consumption factors (same payload as real CI),Energy-Charts / ENTSO-E generation mix + Macknick 2012 (NREL),https://api.energy-charts.info/public_power?country=es
ES,76,2017-07-28T04:00:00Z,2017-07-28T04:00:00Z,1.52395,base,24412.0,1.0,0.0,False,,Energy-Charts/ENTSO-E measured fuel mix x Macknick 2012 consumption factors (same payload as real CI),Energy-Charts / ENTSO-E generation mix + Macknick 2012 (NREL),https://api.energy-charts.info/public_power?country=es
ES,77,2017-07-28T05:00:00Z,2017-07-28T05:00:00Z,1.508498,base,25712.0,1.0,0.0,False,,Energy-Charts/ENTSO-E measured fuel mix x Macknick 2012 consumption factors (same payload as real CI),Energy-Charts / ENTSO-E generation mix + Macknick 2012 (NREL),https://api.energy-charts.info/public_power?country=es
ES,78,2017-07-28T06:00:00Z,2017-07-28T06:00:00Z,1.489612,base,27372.0,1.0,0.0,False,,Energy-Charts/ENTSO-E measured fuel mix x Macknick 2012 consumption factors (same payload as real CI),Energy-Charts / ENTSO-E generation mix + Macknick 2012 (NREL),https://api.energy-charts.info/public_power?country=es
ES,79,2017-07-28T07:00:00Z,2017-07-28T07:00:00Z,1.455851,base,30129.0,1.0,0.0,False,,Energy-Charts/ENTSO-E measured fuel mix x Macknick 2012 consumption factors (same payload as real CI),Energy-Charts / ENTSO-E generation mix + Macknick 2012 (NREL),https://api.energy-charts.info/public_power?country=es
ES,80,2017-07-28T08:00:00Z,2017-07-28T08:00:00Z,1.405419,base,31740.0,1.0,0.0,False,,Energy-Charts/ENTSO-E measured fuel mix x Macknick 2012 consumption factors (same payload as real CI),Energy-Charts / ENTSO-E generation mix + Macknick 2012 (NREL),https://api.energy-charts.info/public_power?country=es
ES,81,2017-07-28T09:00:00Z,2017-07-28T09:00:00Z,1.39033,base,32506.0,1.0,0.0,False,,Energy-Charts/ENTSO-E measured fuel mix x Macknick 2012 consumption factors (same payload as real CI),Energy-Charts / ENTSO-E generation mix + Macknick 2012 (NREL),https://api.energy-charts.info/public_power?country=es
ES,82,2017-07-28T10:00:00Z,2017-07-28T10:00:00Z,1.386027,base,33342.0,1.0,0.0,False,,Energy-Charts/ENTSO-E measured fuel mix x Macknick 2012 consumption factors (same payload as real CI),Energy-Charts / ENTSO-E generation mix + Macknick 2012 (NREL),https://api.energy-charts.info/public_power?country=es
ES,83,2017-07-28T11:00:00Z,2017-07-28T11:00:00Z,1.371185,base,33836.0,1.0,0.0,False,,Energy-Charts/ENTSO-E measured fuel mix x Macknick 2012 consumption factors (same payload as real CI),Energy-Charts / ENTSO-E generation mix + Macknick 2012 (NREL),https://api.energy-charts.info/public_power?country=es
ES,84,2017-07-28T12:00:00Z,2017-07-28T12:00:00Z,1.348654,base,33617.0,1.0,0.0,False,,Energy-Charts/ENTSO-E measured fuel mix x Macknick 2012 consumption factors (same payload as real CI),Energy-Charts / ENTSO-E generation mix + Macknick 2012 (NREL),https://api.energy-charts.info/public_power?country=es
ES,85,2017-07-28T13:00:00Z,2017-07-28T13:00:00Z,1.32832,base,33448.0,1.0,0.0,False,,Energy-Charts/ENTSO-E measured fuel mix x Macknick 2012 consumption factors (same payload as real CI),Energy-Charts / ENTSO-E generation mix + Macknick 2012 (NREL),https://api.energy-charts.info/public_power?country=es
ES,86,2017-07-28T14:00:00Z,2017-07-28T14:00:00Z,1.317783,base,33201.0,1.0,0.0,False,,Energy-Charts/ENTSO-E measured fuel mix x Macknick 2012 consumption factors (same payload as real CI),Energy-Charts / ENTSO-E generation mix + Macknick 2012 (NREL),https://api.energy-charts.info/public_power?country=es
ES,87,2017-07-28T15:00:00Z,2017-07-28T15:00:00Z,1.313068,base,32770.0,1.0,0.0,False,,Energy-Charts/ENTSO-E measured fuel mix x Macknick 2012 consumption factors (same payload as real CI),Energy-Charts / ENTSO-E generation mix + Macknick 2012 (NREL),https://api.energy-charts.info/public_power?country=es
ES,88,2017-07-28T16:00:00Z,2017-07-28T16:00:00Z,1.307149,base,32212.0,1.0,0.0,False,,Energy-Charts/ENTSO-E measured fuel mix x Macknick 2012 consumption factors (same payload as real CI),Energy-Charts / ENTSO-E generation mix + Macknick 2012 (NREL),https://api.energy-charts.info/public_power?country=es
ES,89,2017-07-28T17:00:00Z,2017-07-28T17:00:00Z,1.32505,base,31231.0,1.0,0.0,False,,Energy-Charts/ENTSO-E measured fuel mix x Macknick 2012 consumption factors (same payload as real CI),Energy-Charts / ENTSO-E generation mix + Macknick 2012 (NREL),https://api.energy-charts.info/public_power?country=es
ES,90,2017-07-28T18:00:00Z,2017-07-28T18:00:00Z,1.367712,base,30357.0,1.0,0.0,False,,Energy-Charts/ENTSO-E measured fuel mix x Macknick 2012 consumption factors (same payload as real CI),Energy-Charts / ENTSO-E generation mix + Macknick 2012 (NREL),https://api.energy-charts.info/public_power?country=es
ES,91,2017-07-28T19:00:00Z,2017-07-28T19:00:00Z,1.40035,base,29774.0,1.0,0.0,False,,Energy-Charts/ENTSO-E measured fuel mix x Macknick 2012 consumption factors (same payload as real CI),Energy-Charts / ENTSO-E generation mix + Macknick 2012 (NREL),https://api.energy-charts.info/public_power?country=es
ES,92,2017-07-28T20:00:00Z,2017-07-28T20:00:00Z,1.39469,base,29437.0,1.0,0.0,False,,Energy-Charts/ENTSO-E measured fuel mix x Macknick 2012 consumption factors (same payload as real CI),Energy-Charts / ENTSO-E generation mix + Macknick 2012 (NREL),https://api.energy-charts.info/public_power?country=es
ES,93,2017-07-28T21:00:00Z,2017-07-28T21:00:00Z,1.417326,base,27727.0,1.0,0.0,False,,Energy-Charts/ENTSO-E measured fuel mix x Macknick 2012 consumption factors (same payload as real CI),Energy-Charts / ENTSO-E generation mix + Macknick 2012 (NREL),https://api.energy-charts.info/public_power?country=es
ES,94,2017-07-28T22:00:00Z,2017-07-28T22:00:00Z,1.448253,base,26205.0,1.0,0.0,False,,Energy-Charts/ENTSO-E measured fuel mix x Macknick 2012 consumption factors (same payload as real CI),Energy-Charts / ENTSO-E generation mix + Macknick 2012 (NREL),https://api.energy-charts.info/public_power?country=es
ES,95,2017-07-28T23:00:00Z,2017-07-28T23:00:00Z,1.468185,base,25371.0,1.0,0.0,False,,Energy-Charts/ENTSO-E measured fuel mix x Macknick 2012 consumption factors (same payload as real CI),Energy-Charts / ENTSO-E generation mix + Macknick 2012 (NREL),https://api.energy-charts.info/public_power?country=es
IT-NO,0,2017-07-25T00:00:00Z,2017-07-25T00:00:00Z,1.184757,base,24532.0,1.0,0.0,False,,Energy-Charts/ENTSO-E measured fuel mix x Macknick 2012 consumption factors (same payload as real CI),Energy-Charts / ENTSO-E generation mix + Macknick 2012 (NREL),https://api.energy-charts.info/public_power?country=it
IT-NO,1,2017-07-25T01:00:00Z,2017-07-25T01:00:00Z,1.222955,base,23894.0,1.0,0.0,False,,Energy-Charts/ENTSO-E measured fuel mix x Macknick 2012 consumption factors (same payload as real CI),Energy-Charts / ENTSO-E generation mix + Macknick 2012 (NREL),https://api.energy-charts.info/public_power?country=it
IT-NO,2,2017-07-25T02:00:00Z,2017-07-25T02:00:00Z,1.21642,base,23635.0,1.0,0.0,False,,Energy-Charts/ENTSO-E measured fuel mix x Macknick 2012 consumption factors (same payload as real CI),Energy-Charts / ENTSO-E generation mix + Macknick 2012 (NREL),https://api.energy-charts.info/public_power?country=it
IT-NO,3,2017-07-25T03:00:00Z,2017-07-25T03:00:00Z,1.22145,base,24419.0,1.0,0.0,False,,Energy-Charts/ENTSO-E measured fuel mix x Macknick 2012 consumption factors (same payload as real CI),Energy-Charts / ENTSO-E generation mix + Macknick 2012 (NREL),https://api.energy-charts.info/public_power?country=it
IT-NO,4,2017-07-25T04:00:00Z,2017-07-25T04:00:00Z,1.221742,base,26510.0,1.0,0.0,False,,Energy-Charts/ENTSO-E measured fuel mix x Macknick 2012 consumption factors (same payload as real CI),Energy-Charts / ENTSO-E generation mix + Macknick 2012 (NREL),https://api.energy-charts.info/public_power?country=it
IT-NO,5,2017-07-25T05:00:00Z,2017-07-25T05:00:00Z,1.179697,base,32376.0,1.0,0.0,False,,Energy-Charts/ENTSO-E measured fuel mix x Macknick 2012 consumption factors (same payload as real CI),Energy-Charts / ENTSO-E generation mix + Macknick 2012 (NREL),https://api.energy-charts.info/public_power?country=it
IT-NO,6,2017-07-25T06:00:00Z,2017-07-25T06:00:00Z,1.100978,base,36880.0,1.0,0.0,False,,Energy-Charts/ENTSO-E measured fuel mix x Macknick 2012 consumption factors (same payload as real CI),Energy-Charts / ENTSO-E generation mix + Macknick 2012 (NREL),https://api.energy-charts.info/public_power?country=it
IT-NO,7,2017-07-25T07:00:00Z,2017-07-25T07:00:00Z,1.039341,base,39299.0,1.0,0.0,False,,Energy-Charts/ENTSO-E measured fuel mix x Macknick 2012 consumption factors (same payload as real CI),Energy-Charts / ENTSO-E generation mix + Macknick 2012 (NREL),https://api.energy-charts.info/public_power?country=it
IT-NO,8,2017-07-25T08:00:00Z,2017-07-25T08:00:00Z,1.008857,base,39595.0,1.0,0.0,False,,Energy-Charts/ENTSO-E measured fuel mix x Macknick 2012 consumption factors (same payload as real CI),Energy-Charts / ENTSO-E generation mix + Macknick 2012 (NREL),https://api.energy-charts.info/public_power?country=it
IT-NO,9,2017-07-25T09:00:00Z,2017-07-25T09:00:00Z,0.988317,base,39845.0,1.0,0.0,False,,Energy-Charts/ENTSO-E measured fuel mix x Macknick 2012 consumption factors (same payload as real CI),Energy-Charts / ENTSO-E generation mix + Macknick 2012 (NREL),https://api.energy-charts.info/public_power?country=it
IT-NO,10,2017-07-25T10:00:00Z,2017-07-25T10:00:00Z,0.989044,base,39317.0,1.0,0.0,False,,Energy-Charts/ENTSO-E measured fuel mix x Macknick 2012 consumption factors (same payload as real CI),Energy-Charts / ENTSO-E generation mix + Macknick 2012 (NREL),https://api.energy-charts.info/public_power?country=it
IT-NO,11,2017-07-25T11:00:00Z,2017-07-25T11:00:00Z,0.95415,base,38919.0,1.0,0.0,False,,Energy-Charts/ENTSO-E measured fuel mix x Macknick 2012 consumption factors (same payload as real CI),Energy-Charts / ENTSO-E generation mix + Macknick 2012 (NREL),https://api.energy-charts.info/public_power?country=it
IT-NO,12,2017-07-25T12:00:00Z,2017-07-25T12:00:00Z,0.965477,base,40107.0,1.0,0.0,False,,Energy-Charts/ENTSO-E measured fuel mix x Macknick 2012 consumption factors (same payload as real CI),Energy-Charts / ENTSO-E generation mix + Macknick 2012 (NREL),https://api.energy-charts.info/public_power?country=it
IT-NO,13,2017-07-25T13:00:00Z,2017-07-25T13:00:00Z,0.96077,base,40286.0,1.0,0.0,False,,Energy-Charts/ENTSO-E measured fuel mix x Macknick 2012 consumption factors (same payload as real CI),Energy-Charts / ENTSO-E generation mix + Macknick 2012 (NREL),https://api.energy-charts.info/public_power?country=it
IT-NO,14,2017-07-25T14:00:00Z,2017-07-25T14:00:00Z,0.969946,base,40449.0,1.0,0.0,False,,Energy-Charts/ENTSO-E measured fuel mix x Macknick 2012 consumption factors (same payload as real CI),Energy-Charts / ENTSO-E generation mix + Macknick 2012 (NREL),https://api.energy-charts.info/public_power?country=it
IT-NO,15,2017-07-25T15:00:00Z,2017-07-25T15:00:00Z,1.010053,base,39089.0,1.0,0.0,False,,Energy-Charts/ENTSO-E measured fuel mix x Macknick 2012 consumption factors (same payload as real CI),Energy-Charts / ENTSO-E generation mix + Macknick 2012 (NREL),https://api.energy-charts.info/public_power?country=it
IT-NO,16,2017-07-25T16:00:00Z,2017-07-25T16:00:00Z,1.084751,base,37787.0,1.0,0.0,False,,Energy-Charts/ENTSO-E measured fuel mix x Macknick 2012 consumption factors (same payload as real CI),Energy-Charts / ENTSO-E generation mix + Macknick 2012 (NREL),https://api.energy-charts.info/public_power?country=it
IT-NO,17,2017-07-25T17:00:00Z,2017-07-25T17:00:00Z,1.121812,base,36403.0,1.0,0.0,False,,Energy-Charts/ENTSO-E measured fuel mix x Macknick 2012 consumption factors (same payload as real CI),Energy-Charts / ENTSO-E generation mix + Macknick 2012 (NREL),https://api.energy-charts.info/public_power?country=it
IT-NO,18,2017-07-25T18:00:00Z,2017-07-25T18:00:00Z,1.170899,base,35473.0,1.0,0.0,False,,Energy-Charts/ENTSO-E measured fuel mix x Macknick 2012 consumption factors (same payload as real CI),Energy-Charts / ENTSO-E generation mix + Macknick 2012 (NREL),https://api.energy-charts.info/public_power?country=it
IT-NO,19,2017-07-25T19:00:00Z,2017-07-25T19:00:00Z,1.187599,base,35036.0,1.0,0.0,False,,Energy-Charts/ENTSO-E measured fuel mix x Macknick 2012 consumption factors (same payload as real CI),Energy-Charts / ENTSO-E generation mix + Macknick 2012 (NREL),https://api.energy-charts.info/public_power?country=it
IT-NO,20,2017-07-25T20:00:00Z,2017-07-25T20:00:00Z,1.240329,base,32247.0,1.0,0.0,False,,Energy-Charts/ENTSO-E measured fuel mix x Macknick 2012 consumption factors (same payload as real CI),Energy-Charts / ENTSO-E generation mix + Macknick 2012 (NREL),https://api.energy-charts.info/public_power?country=it
IT-NO,21,2017-07-25T21:00:00Z,2017-07-25T21:00:00Z,1.247016,base,29598.0,1.0,0.0,False,,Energy-Charts/ENTSO-E measured fuel mix x Macknick 2012 consumption factors (same payload as real CI),Energy-Charts / ENTSO-E generation mix + Macknick 2012 (NREL),https://api.energy-charts.info/public_power?country=it
IT-NO,22,2017-07-25T22:00:00Z,2017-07-25T22:00:00Z,1.250078,base,25968.0,1.0,0.0,False,,Energy-Charts/ENTSO-E measured fuel mix x Macknick 2012 consumption factors (same payload as real CI),Energy-Charts / ENTSO-E generation mix + Macknick 2012 (NREL),https://api.energy-charts.info/public_power?country=it
IT-NO,23,2017-07-25T23:00:00Z,2017-07-25T23:00:00Z,1.276683,base,23813.0,1.0,0.0,False,,Energy-Charts/ENTSO-E measured fuel mix x Macknick 2012 consumption factors (same payload as real CI),Energy-Charts / ENTSO-E generation mix + Macknick 2012 (NREL),https://api.energy-charts.info/public_power?country=it
IT-NO,24,2017-07-26T00:00:00Z,2017-07-26T00:00:00Z,1.290198,base,22973.0,1.0,0.0,False,,Energy-Charts/ENTSO-E measured fuel mix x Macknick 2012 consumption factors (same payload as real CI),Energy-Charts / ENTSO-E generation mix + Macknick 2012 (NREL),https://api.energy-charts.info/public_power?country=it
IT-NO,25,2017-07-26T01:00:00Z,2017-07-26T01:00:00Z,1.316401,base,22386.0,1.0,0.0,False,,Energy-Charts/ENTSO-E measured fuel mix x Macknick 2012 consumption factors (same payload as real CI),Energy-Charts / ENTSO-E generation mix + Macknick 2012 (NREL),https://api.energy-charts.info/public_power?country=it
IT-NO,26,2017-07-26T02:00:00Z,2017-07-26T02:00:00Z,1.335567,base,22427.0,1.0,0.0,False,,Energy-Charts/ENTSO-E measured fuel mix x Macknick 2012 consumption factors (same payload as real CI),Energy-Charts / ENTSO-E generation mix + Macknick 2012 (NREL),https://api.energy-charts.info/public_power?country=it
IT-NO,27,2017-07-26T03:00:00Z,2017-07-26T03:00:00Z,1.339567,base,23240.0,1.0,0.0,False,,Energy-Charts/ENTSO-E measured fuel mix x Macknick 2012 consumption factors (same payload as real CI),Energy-Charts / ENTSO-E generation mix + Macknick 2012 (NREL),https://api.energy-charts.info/public_power?country=it
IT-NO,28,2017-07-26T04:00:00Z,2017-07-26T04:00:00Z,1.309733,base,26363.0,1.0,0.0,False,,Energy-Charts/ENTSO-E measured fuel mix x Macknick 2012 consumption factors (same payload as real CI),Energy-Charts / ENTSO-E generation mix + Macknick 2012 (NREL),https://api.energy-charts.info/public_power?country=it
IT-NO,29,2017-07-26T05:00:00Z,2017-07-26T05:00:00Z,1.213789,base,31855.0,1.0,0.0,False,,Energy-Charts/ENTSO-E measured fuel mix x Macknick 2012 consumption factors (same payload as real CI),Energy-Charts / ENTSO-E generation mix + Macknick 2012 (NREL),https://api.energy-charts.info/public_power?country=it
IT-NO,30,2017-07-26T06:00:00Z,2017-07-26T06:00:00Z,1.100261,base,36641.0,1.0,0.0,False,,Energy-Charts/ENTSO-E measured fuel mix x Macknick 2012 consumption factors (same payload as real CI),Energy-Charts / ENTSO-E generation mix + Macknick 2012 (NREL),https://api.energy-charts.info/public_power?country=it
IT-NO,31,2017-07-26T07:00:00Z,2017-07-26T07:00:00Z,1.049239,base,38963.0,1.0,0.0,False,,Energy-Charts/ENTSO-E measured fuel mix x Macknick 2012 consumption factors (same payload as real CI),Energy-Charts / ENTSO-E generation mix + Macknick 2012 (NREL),https://api.energy-charts.info/public_power?country=it
IT-NO,32,2017-07-26T08:00:00Z,2017-07-26T08:00:00Z,1.013752,base,39278.0,1.0,0.0,False,,Energy-Charts/ENTSO-E measured fuel mix x Macknick 2012 consumption factors (same payload as real CI),Energy-Charts / ENTSO-E generation mix + Macknick 2012 (NREL),https://api.energy-charts.info/public_power?country=it
IT-NO,33,2017-07-26T09:00:00Z,2017-07-26T09:00:00Z,1.002958,base,39332.0,1.0,0.0,False,,Energy-Charts/ENTSO-E measured fuel mix x Macknick 2012 consumption factors (same payload as real CI),Energy-Charts / ENTSO-E generation mix + Macknick 2012 (NREL),https://api.energy-charts.info/public_power?country=it
IT-NO,34,2017-07-26T10:00:00Z,2017-07-26T10:00:00Z,1.005367,base,38302.0,1.0,0.0,False,,Energy-Charts/ENTSO-E measured fuel mix x Macknick 2012 consumption factors (same payload as real CI),Energy-Charts / ENTSO-E generation mix + Macknick 2012 (NREL),https://api.energy-charts.info/public_power?country=it
IT-NO,35,2017-07-26T11:00:00Z,2017-07-26T11:00:00Z,1.023115,base,37873.0,1.0,0.0,False,,Energy-Charts/ENTSO-E measured fuel mix x Macknick 2012 consumption factors (same payload as real CI),Energy-Charts / ENTSO-E generation mix + Macknick 2012 (NREL),https://api.energy-charts.info/public_power?country=it
IT-NO,36,2017-07-26T12:00:00Z,2017-07-26T12:00:00Z,1.056332,base,38750.0,1.0,0.0,False,,Energy-Charts/ENTSO-E measured fuel mix x Macknick 2012 consumption factors (same payload as real CI),Energy-Charts / ENTSO-E generation mix + Macknick 2012 (NREL),https://api.energy-charts.info/public_power?country=it
IT-NO,37,2017-07-26T13:00:00Z,2017-07-26T13:00:00Z,1.050031,base,39917.0,1.0,0.0,False,,Energy-Charts/ENTSO-E measured fuel mix x Macknick 2012 consumption factors (same payload as real CI),Energy-Charts / ENTSO-E generation mix + Macknick 2012 (NREL),https://api.energy-charts.info/public_power?country=it
IT-NO,38,2017-07-26T14:00:00Z,2017-07-26T14:00:00Z,1.085201,base,39638.0,1.0,0.0,False,,Energy-Charts/ENTSO-E measured fuel mix x Macknick 2012 consumption factors (same payload as real CI),Energy-Charts / ENTSO-E generation mix + Macknick 2012 (NREL),https://api.energy-charts.info/public_power?country=it
IT-NO,39,2017-07-26T15:00:00Z,2017-07-26T15:00:00Z,1.105083,base,38090.0,1.0,0.0,False,,Energy-Charts/ENTSO-E measured fuel mix x Macknick 2012 consumption factors (same payload as real CI),Energy-Charts / ENTSO-E generation mix + Macknick 2012 (NREL),https://api.energy-charts.info/public_power?country=it
IT-NO,40,2017-07-26T16:00:00Z,2017-07-26T16:00:00Z,1.112073,base,37151.0,1.0,0.0,False,,Energy-Charts/ENTSO-E measured fuel mix x Macknick 2012 consumption factors (same payload as real CI),Energy-Charts / ENTSO-E generation mix + Macknick 2012 (NREL),https://api.energy-charts.info/public_power?country=it
IT-NO,41,2017-07-26T17:00:00Z,2017-07-26T17:00:00Z,1.142485,base,36634.0,1.0,0.0,False,,Energy-Charts/ENTSO-E measured fuel mix x Macknick 2012 consumption factors (same payload as real CI),Energy-Charts / ENTSO-E generation mix + Macknick 2012 (NREL),https://api.energy-charts.info/public_power?country=it
IT-NO,42,2017-07-26T18:00:00Z,2017-07-26T18:00:00Z,1.199998,base,35435.0,1.0,0.0,False,,Energy-Charts/ENTSO-E measured fuel mix x Macknick 2012 consumption factors (same payload as real CI),Energy-Charts / ENTSO-E generation mix + Macknick 2012 (NREL),https://api.energy-charts.info/public_power?country=it
IT-NO,43,2017-07-26T19:00:00Z,2017-07-26T19:00:00Z,1.215544,base,34980.0,1.0,0.0,False,,Energy-Charts/ENTSO-E measured fuel mix x Macknick 2012 consumption factors (same payload as real CI),Energy-Charts / ENTSO-E generation mix + Macknick 2012 (NREL),https://api.energy-charts.info/public_power?country=it
IT-NO,44,2017-07-26T20:00:00Z,2017-07-26T20:00:00Z,1.272646,base,32087.0,1.0,0.0,False,,Energy-Charts/ENTSO-E measured fuel mix x Macknick 2012 consumption factors (same payload as real CI),Energy-Charts / ENTSO-E generation mix + Macknick 2012 (NREL),https://api.energy-charts.info/public_power?country=it
IT-NO,45,2017-07-26T21:00:00Z,2017-07-26T21:00:00Z,1.308786,base,29323.0,1.0,0.0,False,,Energy-Charts/ENTSO-E measured fuel mix x Macknick 2012 consumption factors (same payload as real CI),Energy-Charts / ENTSO-E generation mix + Macknick 2012 (NREL),https://api.energy-charts.info/public_power?country=it
IT-NO,46,2017-07-26T22:00:00Z,2017-07-26T22:00:00Z,1.284332,base,26608.0,1.0,0.0,False,,Energy-Charts/ENTSO-E measured fuel mix x Macknick 2012 consumption factors (same payload as real CI),Energy-Charts / ENTSO-E generation mix + Macknick 2012 (NREL),https://api.energy-charts.info/public_power?country=it
IT-NO,47,2017-07-26T23:00:00Z,2017-07-26T23:00:00Z,1.299399,base,24791.0,1.0,0.0,False,,Energy-Charts/ENTSO-E measured fuel mix x Macknick 2012 consumption factors (same payload as real CI),Energy-Charts / ENTSO-E generation mix + Macknick 2012 (NREL),https://api.energy-charts.info/public_power?country=it
IT-NO,48,2017-07-27T00:00:00Z,2017-07-27T00:00:00Z,1.305498,base,23379.0,1.0,0.0,False,,Energy-Charts/ENTSO-E measured fuel mix x Macknick 2012 consumption factors (same payload as real CI),Energy-Charts / ENTSO-E generation mix + Macknick 2012 (NREL),https://api.energy-charts.info/public_power?country=it
IT-NO,49,2017-07-27T01:00:00Z,2017-07-27T01:00:00Z,1.315267,base,22374.0,1.0,0.0,False,,Energy-Charts/ENTSO-E measured fuel mix x Macknick 2012 consumption factors (same payload as real CI),Energy-Charts / ENTSO-E generation mix + Macknick 2012 (NREL),https://api.energy-charts.info/public_power?country=it
IT-NO,50,2017-07-27T02:00:00Z,2017-07-27T02:00:00Z,1.324801,base,22362.0,1.0,0.0,False,,Energy-Charts/ENTSO-E measured fuel mix x Macknick 2012 consumption factors (same payload as real CI),Energy-Charts / ENTSO-E generation mix + Macknick 2012 (NREL),https://api.energy-charts.info/public_power?country=it
IT-NO,51,2017-07-27T03:00:00Z,2017-07-27T03:00:00Z,1.333441,base,23801.0,1.0,0.0,False,,Energy-Charts/ENTSO-E measured fuel mix x Macknick 2012 consumption factors (same payload as real CI),Energy-Charts / ENTSO-E generation mix + Macknick 2012 (NREL),https://api.energy-charts.info/public_power?country=it
IT-NO,52,2017-07-27T04:00:00Z,2017-07-27T04:00:00Z,1.307806,base,26437.0,1.0,0.0,False,,Energy-Charts/ENTSO-E measured fuel mix x Macknick 2012 consumption factors (same payload as real CI),Energy-Charts / ENTSO-E generation mix + Macknick 2012 (NREL),https://api.energy-charts.info/public_power?country=it
IT-NO,53,2017-07-27T05:00:00Z,2017-07-27T05:00:00Z,1.249286,base,32192.0,1.0,0.0,False,,Energy-Charts/ENTSO-E measured fuel mix x Macknick 2012 consumption factors (same payload as real CI),Energy-Charts / ENTSO-E generation mix + Macknick 2012 (NREL),https://api.energy-charts.info/public_power?country=it
IT-NO,54,2017-07-27T06:00:00Z,2017-07-27T06:00:00Z,1.125508,base,37016.0,1.0,0.0,False,,Energy-Charts/ENTSO-E measured fuel mix x Macknick 2012 consumption factors (same payload as real CI),Energy-Charts / ENTSO-E generation mix + Macknick 2012 (NREL),https://api.energy-charts.info/public_power?country=it
IT-NO,55,2017-07-27T07:00:00Z,2017-07-27T07:00:00Z,1.052088,base,38802.0,1.0,0.0,False,,Energy-Charts/ENTSO-E measured fuel mix x Macknick 2012 consumption factors (same payload as real CI),Energy-Charts / ENTSO-E generation mix + Macknick 2012 (NREL),https://api.energy-charts.info/public_power?country=it
IT-NO,56,2017-07-27T08:00:00Z,2017-07-27T08:00:00Z,1.016074,base,39316.0,1.0,0.0,False,,Energy-Charts/ENTSO-E measured fuel mix x Macknick 2012 consumption factors (same payload as real CI),Energy-Charts / ENTSO-E generation mix + Macknick 2012 (NREL),https://api.energy-charts.info/public_power?country=it
IT-NO,57,2017-07-27T09:00:00Z,2017-07-27T09:00:00Z,0.999484,base,39204.0,1.0,0.0,False,,Energy-Charts/ENTSO-E measured fuel mix x Macknick 2012 consumption factors (same payload as real CI),Energy-Charts / ENTSO-E generation mix + Macknick 2012 (NREL),https://api.energy-charts.info/public_power?country=it
IT-NO,58,2017-07-27T10:00:00Z,2017-07-27T10:00:00Z,0.990631,base,38239.0,1.0,0.0,False,,Energy-Charts/ENTSO-E measured fuel mix x Macknick 2012 consumption factors (same payload as real CI),Energy-Charts / ENTSO-E generation mix + Macknick 2012 (NREL),https://api.energy-charts.info/public_power?country=it
IT-NO,59,2017-07-27T11:00:00Z,2017-07-27T11:00:00Z,0.98838,base,37847.0,1.0,0.0,False,,Energy-Charts/ENTSO-E measured fuel mix x Macknick 2012 consumption factors (same payload as real CI),Energy-Charts / ENTSO-E generation mix + Macknick 2012 (NREL),https://api.energy-charts.info/public_power?country=it
IT-NO,60,2017-07-27T12:00:00Z,2017-07-27T12:00:00Z,0.984709,base,39335.0,1.0,0.0,False,,Energy-Charts/ENTSO-E measured fuel mix x Macknick 2012 consumption factors (same payload as real CI),Energy-Charts / ENTSO-E generation mix + Macknick 2012 (NREL),https://api.energy-charts.info/public_power?country=it
IT-NO,61,2017-07-27T13:00:00Z,2017-07-27T13:00:00Z,0.989135,base,39900.0,1.0,0.0,False,,Energy-Charts/ENTSO-E measured fuel mix x Macknick 2012 consumption factors (same payload as real CI),Energy-Charts / ENTSO-E generation mix + Macknick 2012 (NREL),https://api.energy-charts.info/public_power?country=it
IT-NO,62,2017-07-27T14:00:00Z,2017-07-27T14:00:00Z,1.042096,base,40040.0,1.0,0.0,False,,Energy-Charts/ENTSO-E measured fuel mix x Macknick 2012 consumption factors (same payload as real CI),Energy-Charts / ENTSO-E generation mix + Macknick 2012 (NREL),https://api.energy-charts.info/public_power?country=it
IT-NO,63,2017-07-27T15:00:00Z,2017-07-27T15:00:00Z,1.073067,base,38967.0,1.0,0.0,False,,Energy-Charts/ENTSO-E measured fuel mix x Macknick 2012 consumption factors (same payload as real CI),Energy-Charts / ENTSO-E generation mix + Macknick 2012 (NREL),https://api.energy-charts.info/public_power?country=it
IT-NO,64,2017-07-27T16:00:00Z,2017-07-27T16:00:00Z,1.134646,base,37309.0,1.0,0.0,False,,Energy-Charts/ENTSO-E measured fuel mix x Macknick 2012 consumption factors (same payload as real CI),Energy-Charts / ENTSO-E generation mix + Macknick 2012 (NREL),https://api.energy-charts.info/public_power?country=it
IT-NO,65,2017-07-27T17:00:00Z,2017-07-27T17:00:00Z,1.192462,base,36511.0,1.0,0.0,False,,Energy-Charts/ENTSO-E measured fuel mix x Macknick 2012 consumption factors (same payload as real CI),Energy-Charts / ENTSO-E generation mix + Macknick 2012 (NREL),https://api.energy-charts.info/public_power?country=it
IT-NO,66,2017-07-27T18:00:00Z,2017-07-27T18:00:00Z,1.228611,base,35794.0,1.0,0.0,False,,Energy-Charts/ENTSO-E measured fuel mix x Macknick 2012 consumption factors (same payload as real CI),Energy-Charts / ENTSO-E generation mix + Macknick 2012 (NREL),https://api.energy-charts.info/public_power?country=it
IT-NO,67,2017-07-27T19:00:00Z,2017-07-27T19:00:00Z,1.241539,base,35966.0,1.0,0.0,False,,Energy-Charts/ENTSO-E measured fuel mix x Macknick 2012 consumption factors (same payload as real CI),Energy-Charts / ENTSO-E generation mix + Macknick 2012 (NREL),https://api.energy-charts.info/public_power?country=it
IT-NO,68,2017-07-27T20:00:00Z,2017-07-27T20:00:00Z,1.303553,base,33043.0,1.0,0.0,False,,Energy-Charts/ENTSO-E measured fuel mix x Macknick 2012 consumption factors (same payload as real CI),Energy-Charts / ENTSO-E generation mix + Macknick 2012 (NREL),https://api.energy-charts.info/public_power?country=it
IT-NO,69,2017-07-27T21:00:00Z,2017-07-27T21:00:00Z,1.337943,base,30586.0,1.0,0.0,False,,Energy-Charts/ENTSO-E measured fuel mix x Macknick 2012 consumption factors (same payload as real CI),Energy-Charts / ENTSO-E generation mix + Macknick 2012 (NREL),https://api.energy-charts.info/public_power?country=it
IT-NO,70,2017-07-27T22:00:00Z,2017-07-27T22:00:00Z,1.357216,base,26524.0,1.0,0.0,False,,Energy-Charts/ENTSO-E measured fuel mix x Macknick 2012 consumption factors (same payload as real CI),Energy-Charts / ENTSO-E generation mix + Macknick 2012 (NREL),https://api.energy-charts.info/public_power?country=it
IT-NO,71,2017-07-27T23:00:00Z,2017-07-27T23:00:00Z,1.340094,base,24738.0,1.0,0.0,False,,Energy-Charts/ENTSO-E measured fuel mix x Macknick 2012 consumption factors (same payload as real CI),Energy-Charts / ENTSO-E generation mix + Macknick 2012 (NREL),https://api.energy-charts.info/public_power?country=it
IT-NO,72,2017-07-28T00:00:00Z,2017-07-28T00:00:00Z,1.338077,base,23562.0,1.0,0.0,False,,Energy-Charts/ENTSO-E measured fuel mix x Macknick 2012 consumption factors (same payload as real CI),Energy-Charts / ENTSO-E generation mix + Macknick 2012 (NREL),https://api.energy-charts.info/public_power?country=it
IT-NO,73,2017-07-28T01:00:00Z,2017-07-28T01:00:00Z,1.332289,base,23061.0,1.0,0.0,False,,Energy-Charts/ENTSO-E measured fuel mix x Macknick 2012 consumption factors (same payload as real CI),Energy-Charts / ENTSO-E generation mix + Macknick 2012 (NREL),https://api.energy-charts.info/public_power?country=it
IT-NO,74,2017-07-28T02:00:00Z,2017-07-28T02:00:00Z,1.325783,base,23284.0,1.0,0.0,False,,Energy-Charts/ENTSO-E measured fuel mix x Macknick 2012 consumption factors (same payload as real CI),Energy-Charts / ENTSO-E generation mix + Macknick 2012 (NREL),https://api.energy-charts.info/public_power?country=it
IT-NO,75,2017-07-28T03:00:00Z,2017-07-28T03:00:00Z,1.321937,base,24443.0,1.0,0.0,False,,Energy-Charts/ENTSO-E measured fuel mix x Macknick 2012 consumption factors (same payload as real CI),Energy-Charts / ENTSO-E generation mix + Macknick 2012 (NREL),https://api.energy-charts.info/public_power?country=it
IT-NO,76,2017-07-28T04:00:00Z,2017-07-28T04:00:00Z,1.305953,base,27835.0,1.0,0.0,False,,Energy-Charts/ENTSO-E measured fuel mix x Macknick 2012 consumption factors (same payload as real CI),Energy-Charts / ENTSO-E generation mix + Macknick 2012 (NREL),https://api.energy-charts.info/public_power?country=it
IT-NO,77,2017-07-28T05:00:00Z,2017-07-28T05:00:00Z,1.227487,base,32824.0,1.0,0.0,False,,Energy-Charts/ENTSO-E measured fuel mix x Macknick 2012 consumption factors (same payload as real CI),Energy-Charts / ENTSO-E generation mix + Macknick 2012 (NREL),https://api.energy-charts.info/public_power?country=it
IT-NO,78,2017-07-28T06:00:00Z,2017-07-28T06:00:00Z,1.112975,base,37129.0,1.0,0.0,False,,Energy-Charts/ENTSO-E measured fuel mix x Macknick 2012 consumption factors (same payload as real CI),Energy-Charts / ENTSO-E generation mix + Macknick 2012 (NREL),https://api.energy-charts.info/public_power?country=it
IT-NO,79,2017-07-28T07:00:00Z,2017-07-28T07:00:00Z,1.068976,base,38991.0,1.0,0.0,False,,Energy-Charts/ENTSO-E measured fuel mix x Macknick 2012 consumption factors (same payload as real CI),Energy-Charts / ENTSO-E generation mix + Macknick 2012 (NREL),https://api.energy-charts.info/public_power?country=it
IT-NO,80,2017-07-28T08:00:00Z,2017-07-28T08:00:00Z,1.017936,base,39522.0,1.0,0.0,False,,Energy-Charts/ENTSO-E measured fuel mix x Macknick 2012 consumption factors (same payload as real CI),Energy-Charts / ENTSO-E generation mix + Macknick 2012 (NREL),https://api.energy-charts.info/public_power?country=it
IT-NO,81,2017-07-28T09:00:00Z,2017-07-28T09:00:00Z,0.992163,base,39495.0,1.0,0.0,False,,Energy-Charts/ENTSO-E measured fuel mix x Macknick 2012 consumption factors (same payload as real CI),Energy-Charts / ENTSO-E generation mix + Macknick 2012 (NREL),https://api.energy-charts.info/public_power?country=it
IT-NO,82,2017-07-28T10:00:00Z,2017-07-28T10:00:00Z,0.97577,base,38349.0,1.0,0.0,False,,Energy-Charts/ENTSO-E measured fuel mix x Macknick 2012 consumption factors (same payload as real CI),Energy-Charts / ENTSO-E generation mix + Macknick 2012 (NREL),https://api.energy-charts.info/public_power?country=it
IT-NO,83,2017-07-28T11:00:00Z,2017-07-28T11:00:00Z,0.965551,base,38688.0,1.0,0.0,False,,Energy-Charts/ENTSO-E measured fuel mix x Macknick 2012 consumption factors (same payload as real CI),Energy-Charts / ENTSO-E generation mix + Macknick 2012 (NREL),https://api.energy-charts.info/public_power?country=it
IT-NO,84,2017-07-28T12:00:00Z,2017-07-28T12:00:00Z,0.963051,base,40037.0,1.0,0.0,False,,Energy-Charts/ENTSO-E measured fuel mix x Macknick 2012 consumption factors (same payload as real CI),Energy-Charts / ENTSO-E generation mix + Macknick 2012 (NREL),https://api.energy-charts.info/public_power?country=it
IT-NO,85,2017-07-28T13:00:00Z,2017-07-28T13:00:00Z,0.960354,base,40218.0,1.0,0.0,False,,Energy-Charts/ENTSO-E measured fuel mix x Macknick 2012 consumption factors (same payload as real CI),Energy-Charts / ENTSO-E generation mix + Macknick 2012 (NREL),https://api.energy-charts.info/public_power?country=it
IT-NO,86,2017-07-28T14:00:00Z,2017-07-28T14:00:00Z,0.990624,base,39664.0,1.0,0.0,False,,Energy-Charts/ENTSO-E measured fuel mix x Macknick 2012 consumption factors (same payload as real CI),Energy-Charts / ENTSO-E generation mix + Macknick 2012 (NREL),https://api.energy-charts.info/public_power?country=it
IT-NO,87,2017-07-28T15:00:00Z,2017-07-28T15:00:00Z,1.031818,base,38598.0,1.0,0.0,False,,Energy-Charts/ENTSO-E measured fuel mix x Macknick 2012 consumption factors (same payload as real CI),Energy-Charts / ENTSO-E generation mix + Macknick 2012 (NREL),https://api.energy-charts.info/public_power?country=it
IT-NO,88,2017-07-28T16:00:00Z,2017-07-28T16:00:00Z,1.091875,base,37405.0,1.0,0.0,False,,Energy-Charts/ENTSO-E measured fuel mix x Macknick 2012 consumption factors (same payload as real CI),Energy-Charts / ENTSO-E generation mix + Macknick 2012 (NREL),https://api.energy-charts.info/public_power?country=it
IT-NO,89,2017-07-28T17:00:00Z,2017-07-28T17:00:00Z,1.167643,base,37185.0,1.0,0.0,False,,Energy-Charts/ENTSO-E measured fuel mix x Macknick 2012 consumption factors (same payload as real CI),Energy-Charts / ENTSO-E generation mix + Macknick 2012 (NREL),https://api.energy-charts.info/public_power?country=it
IT-NO,90,2017-07-28T18:00:00Z,2017-07-28T18:00:00Z,1.204355,base,36154.0,1.0,0.0,False,,Energy-Charts/ENTSO-E measured fuel mix x Macknick 2012 consumption factors (same payload as real CI),Energy-Charts / ENTSO-E generation mix + Macknick 2012 (NREL),https://api.energy-charts.info/public_power?country=it
IT-NO,91,2017-07-28T19:00:00Z,2017-07-28T19:00:00Z,1.193093,base,35600.0,1.0,0.0,False,,Energy-Charts/ENTSO-E measured fuel mix x Macknick 2012 consumption factors (same payload as real CI),Energy-Charts / ENTSO-E generation mix + Macknick 2012 (NREL),https://api.energy-charts.info/public_power?country=it
IT-NO,92,2017-07-28T20:00:00Z,2017-07-28T20:00:00Z,1.243532,base,32710.0,1.0,0.0,False,,Energy-Charts/ENTSO-E measured fuel mix x Macknick 2012 consumption factors (same payload as real CI),Energy-Charts / ENTSO-E generation mix + Macknick 2012 (NREL),https://api.energy-charts.info/public_power?country=it
IT-NO,93,2017-07-28T21:00:00Z,2017-07-28T21:00:00Z,1.30101,base,30880.0,1.0,0.0,False,,Energy-Charts/ENTSO-E measured fuel mix x Macknick 2012 consumption factors (same payload as real CI),Energy-Charts / ENTSO-E generation mix + Macknick 2012 (NREL),https://api.energy-charts.info/public_power?country=it
IT-NO,94,2017-07-28T22:00:00Z,2017-07-28T22:00:00Z,1.303529,base,28690.0,1.0,0.0,False,,Energy-Charts/ENTSO-E measured fuel mix x Macknick 2012 consumption factors (same payload as real CI),Energy-Charts / ENTSO-E generation mix + Macknick 2012 (NREL),https://api.energy-charts.info/public_power?country=it
IT-NO,95,2017-07-28T23:00:00Z,2017-07-28T23:00:00Z,1.341192,base,26566.0,1.0,0.0,False,,Energy-Charts/ENTSO-E measured fuel mix x Macknick 2012 consumption factors (same payload as real CI),Energy-Charts / ENTSO-E generation mix + Macknick 2012 (NREL),https://api.energy-charts.info/public_power?country=it
SE,0,2017-07-25T00:00:00Z,2017-07-25T00:00:00Z,2.033263,base,12206.0,1.0,0.0,False,,Energy-Charts/ENTSO-E measured fuel mix x Macknick 2012 consumption factors (same payload as real CI),Energy-Charts / ENTSO-E generation mix + Macknick 2012 (NREL),https://api.energy-charts.info/public_power?country=se
SE,1,2017-07-25T01:00:00Z,2017-07-25T01:00:00Z,2.019598,base,12289.0,1.0,0.0,False,,Energy-Charts/ENTSO-E measured fuel mix x Macknick 2012 consumption factors (same payload as real CI),Energy-Charts / ENTSO-E generation mix + Macknick 2012 (NREL),https://api.energy-charts.info/public_power?country=se
SE,2,2017-07-25T02:00:00Z,2017-07-25T02:00:00Z,2.021186,base,12239.0,1.0,0.0,False,,Energy-Charts/ENTSO-E measured fuel mix x Macknick 2012 consumption factors (same payload as real CI),Energy-Charts / ENTSO-E generation mix + Macknick 2012 (NREL),https://api.energy-charts.info/public_power?country=se
SE,3,2017-07-25T03:00:00Z,2017-07-25T03:00:00Z,2.013907,base,12689.0,1.0,0.0,False,,Energy-Charts/ENTSO-E measured fuel mix x Macknick 2012 consumption factors (same payload as real CI),Energy-Charts / ENTSO-E generation mix + Macknick 2012 (NREL),https://api.energy-charts.info/public_power?country=se
SE,4,2017-07-25T04:00:00Z,2017-07-25T04:00:00Z,2.017276,base,13854.0,1.0,0.0,False,,Energy-Charts/ENTSO-E measured fuel mix x Macknick 2012 consumption factors (same payload as real CI),Energy-Charts / ENTSO-E generation mix + Macknick 2012 (NREL),https://api.energy-charts.info/public_power?country=se
SE,5,2017-07-25T05:00:00Z,2017-07-25T05:00:00Z,2.031584,base,14814.0,1.0,0.0,False,,Energy-Charts/ENTSO-E measured fuel mix x Macknick 2012 consumption factors (same payload as real CI),Energy-Charts / ENTSO-E generation mix + Macknick 2012 (NREL),https://api.energy-charts.info/public_power?country=se
SE,6,2017-07-25T06:00:00Z,2017-07-25T06:00:00Z,2.049596,base,15501.0,1.0,0.0,False,,Energy-Charts/ENTSO-E measured fuel mix x Macknick 2012 consumption factors (same payload as real CI),Energy-Charts / ENTSO-E generation mix + Macknick 2012 (NREL),https://api.energy-charts.info/public_power?country=se
SE,7,2017-07-25T07:00:00Z,2017-07-25T07:00:00Z,2.046207,base,15882.0,1.0,0.0,False,,Energy-Charts/ENTSO-E measured fuel mix x Macknick 2012 consumption factors (same payload as real CI),Energy-Charts / ENTSO-E generation mix + Macknick 2012 (NREL),https://api.energy-charts.info/public_power?country=se
SE,8,2017-07-25T08:00:00Z,2017-07-25T08:00:00Z,2.038402,base,16056.0,1.0,0.0,False,,Energy-Charts/ENTSO-E measured fuel mix x Macknick 2012 consumption factors (same payload as real CI),Energy-Charts / ENTSO-E generation mix + Macknick 2012 (NREL),https://api.energy-charts.info/public_power?country=se
SE,9,2017-07-25T09:00:00Z,2017-07-25T09:00:00Z,2.03546,base,16037.0,1.0,0.0,False,,Energy-Charts/ENTSO-E measured fuel mix x Macknick 2012 consumption factors (same payload as real CI),Energy-Charts / ENTSO-E generation mix + Macknick 2012 (NREL),https://api.energy-charts.info/public_power?country=se
SE,10,2017-07-25T10:00:00Z,2017-07-25T10:00:00Z,2.045759,base,15797.0,1.0,0.0,False,,Energy-Charts/ENTSO-E measured fuel mix x Macknick 2012 consumption factors (same payload as real CI),Energy-Charts / ENTSO-E generation mix + Macknick 2012 (NREL),https://api.energy-charts.info/public_power?country=se
SE,11,2017-07-25T11:00:00Z,2017-07-25T11:00:00Z,2.056957,base,15556.0,1.0,0.0,False,,Energy-Charts/ENTSO-E measured fuel mix x Macknick 2012 consumption factors (same payload as real CI),Energy-Charts / ENTSO-E generation mix + Macknick 2012 (NREL),https://api.energy-charts.info/public_power?country=se
SE,12,2017-07-25T12:00:00Z,2017-07-25T12:00:00Z,2.064344,base,15391.0,1.0,0.0,False,,Energy-Charts/ENTSO-E measured fuel mix x Macknick 2012 consumption factors (same payload as real CI),Energy-Charts / ENTSO-E generation mix + Macknick 2012 (NREL),https://api.energy-charts.info/public_power?country=se
SE,13,2017-07-25T13:00:00Z,2017-07-25T13:00:00Z,2.067849,base,15265.0,1.0,0.0,False,,Energy-Charts/ENTSO-E measured fuel mix x Macknick 2012 consumption factors (same payload as real CI),Energy-Charts / ENTSO-E generation mix + Macknick 2012 (NREL),https://api.energy-charts.info/public_power?country=se
SE,14,2017-07-25T14:00:00Z,2017-07-25T14:00:00Z,2.072646,base,15150.0,1.0,0.0,False,,Energy-Charts/ENTSO-E measured fuel mix x Macknick 2012 consumption factors (same payload as real CI),Energy-Charts / ENTSO-E generation mix + Macknick 2012 (NREL),https://api.energy-charts.info/public_power?country=se
SE,15,2017-07-25T15:00:00Z,2017-07-25T15:00:00Z,2.074133,base,15425.0,1.0,0.0,False,,Energy-Charts/ENTSO-E measured fuel mix x Macknick 2012 consumption factors (same payload as real CI),Energy-Charts / ENTSO-E generation mix + Macknick 2012 (NREL),https://api.energy-charts.info/public_power?country=se
SE,16,2017-07-25T16:00:00Z,2017-07-25T16:00:00Z,2.079166,base,15768.0,1.0,0.0,False,,Energy-Charts/ENTSO-E measured fuel mix x Macknick 2012 consumption factors (same payload as real CI),Energy-Charts / ENTSO-E generation mix + Macknick 2012 (NREL),https://api.energy-charts.info/public_power?country=se
SE,17,2017-07-25T17:00:00Z,2017-07-25T17:00:00Z,2.09389,base,15554.0,1.0,0.0,False,,Energy-Charts/ENTSO-E measured fuel mix x Macknick 2012 consumption factors (same payload as real CI),Energy-Charts / ENTSO-E generation mix + Macknick 2012 (NREL),https://api.energy-charts.info/public_power?country=se
SE,18,2017-07-25T18:00:00Z,2017-07-25T18:00:00Z,2.099753,base,15050.0,1.0,0.0,False,,Energy-Charts/ENTSO-E measured fuel mix x Macknick 2012 consumption factors (same payload as real CI),Energy-Charts / ENTSO-E generation mix + Macknick 2012 (NREL),https://api.energy-charts.info/public_power?country=se
SE,19,2017-07-25T19:00:00Z,2017-07-25T19:00:00Z,2.083237,base,14811.0,1.0,0.0,False,,Energy-Charts/ENTSO-E measured fuel mix x Macknick 2012 consumption factors (same payload as real CI),Energy-Charts / ENTSO-E generation mix + Macknick 2012 (NREL),https://api.energy-charts.info/public_power?country=se
SE,20,2017-07-25T20:00:00Z,2017-07-25T20:00:00Z,2.064353,base,14427.0,1.0,0.0,False,,Energy-Charts/ENTSO-E measured fuel mix x Macknick 2012 consumption factors (same payload as real CI),Energy-Charts / ENTSO-E generation mix + Macknick 2012 (NREL),https://api.energy-charts.info/public_power?country=se
SE,21,2017-07-25T21:00:00Z,2017-07-25T21:00:00Z,2.055222,base,13505.0,1.0,0.0,False,,Energy-Charts/ENTSO-E measured fuel mix x Macknick 2012 consumption factors (same payload as real CI),Energy-Charts / ENTSO-E generation mix + Macknick 2012 (NREL),https://api.energy-charts.info/public_power?country=se
SE,22,2017-07-25T22:00:00Z,2017-07-25T22:00:00Z,2.042803,base,12422.0,1.0,0.0,False,,Energy-Charts/ENTSO-E measured fuel mix x Macknick 2012 consumption factors (same payload as real CI),Energy-Charts / ENTSO-E generation mix + Macknick 2012 (NREL),https://api.energy-charts.info/public_power?country=se
SE,23,2017-07-25T23:00:00Z,2017-07-25T23:00:00Z,2.030541,base,12377.0,1.0,0.0,False,,Energy-Charts/ENTSO-E measured fuel mix x Macknick 2012 consumption factors (same payload as real CI),Energy-Charts / ENTSO-E generation mix + Macknick 2012 (NREL),https://api.energy-charts.info/public_power?country=se
SE,24,2017-07-26T00:00:00Z,2017-07-26T00:00:00Z,2.018083,base,12350.0,1.0,0.0,False,,Energy-Charts/ENTSO-E measured fuel mix x Macknick 2012 consumption factors (same payload as real CI),Energy-Charts / ENTSO-E generation mix + Macknick 2012 (NREL),https://api.energy-charts.info/public_power?country=se
SE,25,2017-07-26T01:00:00Z,2017-07-26T01:00:00Z,2.021001,base,12297.0,1.0,0.0,False,,Energy-Charts/ENTSO-E measured fuel mix x Macknick 2012 consumption factors (same payload as real CI),Energy-Charts / ENTSO-E generation mix + Macknick 2012 (NREL),https://api.energy-charts.info/public_power?country=se
SE,26,2017-07-26T02:00:00Z,2017-07-26T02:00:00Z,2.032677,base,12393.0,1.0,0.0,False,,Energy-Charts/ENTSO-E measured fuel mix x Macknick 2012 consumption factors (same payload as real CI),Energy-Charts / ENTSO-E generation mix + Macknick 2012 (NREL),https://api.energy-charts.info/public_power?country=se
SE,27,2017-07-26T03:00:00Z,2017-07-26T03:00:00Z,2.036418,base,12819.0,1.0,0.0,False,,Energy-Charts/ENTSO-E measured fuel mix x Macknick 2012 consumption factors (same payload as real CI),Energy-Charts / ENTSO-E generation mix + Macknick 2012 (NREL),https://api.energy-charts.info/public_power?country=se
SE,28,2017-07-26T04:00:00Z,2017-07-26T04:00:00Z,2.0541,base,13536.0,1.0,0.0,False,,Energy-Charts/ENTSO-E measured fuel mix x Macknick 2012 consumption factors (same payload as real CI),Energy-Charts / ENTSO-E generation mix + Macknick 2012 (NREL),https://api.energy-charts.info/public_power?country=se
SE,29,2017-07-26T05:00:00Z,2017-07-26T05:00:00Z,2.075702,base,14782.0,1.0,0.0,False,,Energy-Charts/ENTSO-E measured fuel mix x Macknick 2012 consumption factors (same payload as real CI),Energy-Charts / ENTSO-E generation mix + Macknick 2012 (NREL),https://api.energy-charts.info/public_power?country=se
SE,30,2017-07-26T06:00:00Z,2017-07-26T06:00:00Z,2.086065,base,15617.0,1.0,0.0,False,,Energy-Charts/ENTSO-E measured fuel mix x Macknick 2012 consumption factors (same payload as real CI),Energy-Charts / ENTSO-E generation mix + Macknick 2012 (NREL),https://api.energy-charts.info/public_power?country=se
SE,31,2017-07-26T07:00:00Z,2017-07-26T07:00:00Z,2.087416,base,15798.0,1.0,0.0,False,,Energy-Charts/ENTSO-E measured fuel mix x Macknick 2012 consumption factors (same payload as real CI),Energy-Charts / ENTSO-E generation mix + Macknick 2012 (NREL),https://api.energy-charts.info/public_power?country=se
SE,32,2017-07-26T08:00:00Z,2017-07-26T08:00:00Z,2.084566,base,16189.0,1.0,0.0,False,,Energy-Charts/ENTSO-E measured fuel mix x Macknick 2012 consumption factors (same payload as real CI),Energy-Charts / ENTSO-E generation mix + Macknick 2012 (NREL),https://api.energy-charts.info/public_power?country=se
SE,33,2017-07-26T09:00:00Z,2017-07-26T09:00:00Z,2.098001,base,16149.0,1.0,0.0,False,,Energy-Charts/ENTSO-E measured fuel mix x Macknick 2012 consumption factors (same payload as real CI),Energy-Charts / ENTSO-E generation mix + Macknick 2012 (NREL),https://api.energy-charts.info/public_power?country=se
SE,34,2017-07-26T10:00:00Z,2017-07-26T10:00:00Z,2.103653,base,16207.0,1.0,0.0,False,,Energy-Charts/ENTSO-E measured fuel mix x Macknick 2012 consumption factors (same payload as real CI),Energy-Charts / ENTSO-E generation mix + Macknick 2012 (NREL),https://api.energy-charts.info/public_power?country=se
SE,35,2017-07-26T11:00:00Z,2017-07-26T11:00:00Z,2.110317,base,15938.0,1.0,0.0,False,,Energy-Charts/ENTSO-E measured fuel mix x Macknick 2012 consumption factors (same payload as real CI),Energy-Charts / ENTSO-E generation mix + Macknick 2012 (NREL),https://api.energy-charts.info/public_power?country=se
SE,36,2017-07-26T12:00:00Z,2017-07-26T12:00:00Z,2.117306,base,15886.0,1.0,0.0,False,,Energy-Charts/ENTSO-E measured fuel mix x Macknick 2012 consumption factors (same payload as real CI),Energy-Charts / ENTSO-E generation mix + Macknick 2012 (NREL),https://api.energy-charts.info/public_power?country=se
SE,37,2017-07-26T13:00:00Z,2017-07-26T13:00:00Z,2.116812,base,15825.0,1.0,0.0,False,,Energy-Charts/ENTSO-E measured fuel mix x Macknick 2012 consumption factors (same payload as real CI),Energy-Charts / ENTSO-E generation mix + Macknick 2012 (NREL),https://api.energy-charts.info/public_power?country=se
SE,38,2017-07-26T14:00:00Z,2017-07-26T14:00:00Z,2.118556,base,15790.0,1.0,0.0,False,,Energy-Charts/ENTSO-E measured fuel mix x Macknick 2012 consumption factors (same payload as real CI),Energy-Charts / ENTSO-E generation mix + Macknick 2012 (NREL),https://api.energy-charts.info/public_power?country=se
SE,39,2017-07-26T15:00:00Z,2017-07-26T15:00:00Z,2.124297,base,15438.0,1.0,0.0,False,,Energy-Charts/ENTSO-E measured fuel mix x Macknick 2012 consumption factors (same payload as real CI),Energy-Charts / ENTSO-E generation mix + Macknick 2012 (NREL),https://api.energy-charts.info/public_power?country=se
SE,40,2017-07-26T16:00:00Z,2017-07-26T16:00:00Z,2.135777,base,15272.0,1.0,0.0,False,,Energy-Charts/ENTSO-E measured fuel mix x Macknick 2012 consumption factors (same payload as real CI),Energy-Charts / ENTSO-E generation mix + Macknick 2012 (NREL),https://api.energy-charts.info/public_power?country=se
SE,41,2017-07-26T17:00:00Z,2017-07-26T17:00:00Z,2.146376,base,15165.0,1.0,0.0,False,,Energy-Charts/ENTSO-E measured fuel mix x Macknick 2012 consumption factors (same payload as real CI),Energy-Charts / ENTSO-E generation mix + Macknick 2012 (NREL),https://api.energy-charts.info/public_power?country=se
SE,42,2017-07-26T18:00:00Z,2017-07-26T18:00:00Z,2.154535,base,14726.0,1.0,0.0,False,,Energy-Charts/ENTSO-E measured fuel mix x Macknick 2012 consumption factors (same payload as real CI),Energy-Charts / ENTSO-E generation mix + Macknick 2012 (NREL),https://api.energy-charts.info/public_power?country=se
SE,43,2017-07-26T19:00:00Z,2017-07-26T19:00:00Z,2.146951,base,14688.0,1.0,0.0,False,,Energy-Charts/ENTSO-E measured fuel mix x Macknick 2012 consumption factors (same payload as real CI),Energy-Charts / ENTSO-E generation mix + Macknick 2012 (NREL),https://api.energy-charts.info/public_power?country=se
SE,44,2017-07-26T20:00:00Z,2017-07-26T20:00:00Z,2.142466,base,14527.0,1.0,0.0,False,,Energy-Charts/ENTSO-E measured fuel mix x Macknick 2012 consumption factors (same payload as real CI),Energy-Charts / ENTSO-E generation mix + Macknick 2012 (NREL),https://api.energy-charts.info/public_power?country=se
SE,45,2017-07-26T21:00:00Z,2017-07-26T21:00:00Z,2.152952,base,13766.0,1.0,0.0,False,,Energy-Charts/ENTSO-E measured fuel mix x Macknick 2012 consumption factors (same payload as real CI),Energy-Charts / ENTSO-E generation mix + Macknick 2012 (NREL),https://api.energy-charts.info/public_power?country=se
SE,46,2017-07-26T22:00:00Z,2017-07-26T22:00:00Z,2.162742,base,12386.0,1.0,0.0,False,,Energy-Charts/ENTSO-E measured fuel mix x Macknick 2012 consumption factors (same payload as real CI),Energy-Charts / ENTSO-E generation mix + Macknick 2012 (NREL),https://api.energy-charts.info/public_power?country=se
SE,47,2017-07-26T23:00:00Z,2017-07-26T23:00:00Z,2.167341,base,11980.0,1.0,0.0,False,,Energy-Charts/ENTSO-E measured fuel mix x Macknick 2012 consumption factors (same payload as real CI),Energy-Charts / ENTSO-E generation mix + Macknick 2012 (NREL),https://api.energy-charts.info/public_power?country=se
SE,48,2017-07-27T00:00:00Z,2017-07-27T00:00:00Z,2.168333,base,11782.0,1.0,0.0,False,,Energy-Charts/ENTSO-E measured fuel mix x Macknick 2012 consumption factors (same payload as real CI),Energy-Charts / ENTSO-E generation mix + Macknick 2012 (NREL),https://api.energy-charts.info/public_power?country=se
SE,49,2017-07-27T01:00:00Z,2017-07-27T01:00:00Z,2.171508,base,11721.0,1.0,0.0,False,,Energy-Charts/ENTSO-E measured fuel mix x Macknick 2012 consumption factors (same payload as real CI),Energy-Charts / ENTSO-E generation mix + Macknick 2012 (NREL),https://api.energy-charts.info/public_power?country=se
SE,50,2017-07-27T02:00:00Z,2017-07-27T02:00:00Z,2.17357,base,11553.0,1.0,0.0,False,,Energy-Charts/ENTSO-E measured fuel mix x Macknick 2012 consumption factors (same payload as real CI),Energy-Charts / ENTSO-E generation mix + Macknick 2012 (NREL),https://api.energy-charts.info/public_power?country=se
SE,51,2017-07-27T03:00:00Z,2017-07-27T03:00:00Z,2.159765,base,12242.0,1.0,0.0,False,,Energy-Charts/ENTSO-E measured fuel mix x Macknick 2012 consumption factors (same payload as real CI),Energy-Charts / ENTSO-E generation mix + Macknick 2012 (NREL),https://api.energy-charts.info/public_power?country=se
SE,52,2017-07-27T04:00:00Z,2017-07-27T04:00:00Z,2.15248,base,13609.0,1.0,0.0,False,,Energy-Charts/ENTSO-E measured fuel mix x Macknick 2012 consumption factors (same payload as real CI),Energy-Charts / ENTSO-E generation mix + Macknick 2012 (NREL),https://api.energy-charts.info/public_power?country=se
SE,53,2017-07-27T05:00:00Z,2017-07-27T05:00:00Z,2.161495,base,14799.0,1.0,0.0,False,,Energy-Charts/ENTSO-E measured fuel mix x Macknick 2012 consumption factors (same payload as real CI),Energy-Charts / ENTSO-E generation mix + Macknick 2012 (NREL),https://api.energy-charts.info/public_power?country=se
SE,54,2017-07-27T06:00:00Z,2017-07-27T06:00:00Z,2.162105,base,15599.0,1.0,0.0,False,,Energy-Charts/ENTSO-E measured fuel mix x Macknick 2012 consumption factors (same payload as real CI),Energy-Charts / ENTSO-E generation mix + Macknick 2012 (NREL),https://api.energy-charts.info/public_power?country=se
SE,55,2017-07-27T07:00:00Z,2017-07-27T07:00:00Z,2.157579,base,15914.0,1.0,0.0,False,,Energy-Charts/ENTSO-E measured fuel mix x Macknick 2012 consumption factors (same payload as real CI),Energy-Charts / ENTSO-E generation mix + Macknick 2012 (NREL),https://api.energy-charts.info/public_power?country=se
SE,56,2017-07-27T08:00:00Z,2017-07-27T08:00:00Z,2.149538,base,16019.0,1.0,0.0,False,,Energy-Charts/ENTSO-E measured fuel mix x Macknick 2012 consumption factors (same payload as real CI),Energy-Charts / ENTSO-E generation mix + Macknick 2012 (NREL),https://api.energy-charts.info/public_power?country=se
SE,57,2017-07-27T09:00:00Z,2017-07-27T09:00:00Z,2.143914,base,16000.0,1.0,0.0,False,,Energy-Charts/ENTSO-E measured fuel mix x Macknick 2012 consumption factors (same payload as real CI),Energy-Charts / ENTSO-E generation mix + Macknick 2012 (NREL),https://api.energy-charts.info/public_power?country=se
SE,58,2017-07-27T10:00:00Z,2017-07-27T10:00:00Z,2.136015,base,16012.0,1.0,0.0,False,,Energy-Charts/ENTSO-E measured fuel mix x Macknick 2012 consumption factors (same payload as real CI),Energy-Charts / ENTSO-E generation mix + Macknick 2012 (NREL),https://api.energy-charts.info/public_power?country=se
SE,59,2017-07-27T11:00:00Z,2017-07-27T11:00:00Z,2.13331,base,16015.0,1.0,0.0,False,,Energy-Charts/ENTSO-E measured fuel mix x Macknick 2012 consumption factors (same payload as real CI),Energy-Charts / ENTSO-E generation mix + Macknick 2012 (NREL),https://api.energy-charts.info/public_power?country=se
SE,60,2017-07-27T12:00:00Z,2017-07-27T12:00:00Z,2.129681,base,15959.0,1.0,0.0,False,,Energy-Charts/ENTSO-E measured fuel mix x Macknick 2012 consumption factors (same payload as real CI),Energy-Charts / ENTSO-E generation mix + Macknick 2012 (NREL),https://api.energy-charts.info/public_power?country=se
SE,61,2017-07-27T13:00:00Z,2017-07-27T13:00:00Z,2.128324,base,15942.0,1.0,0.0,False,,Energy-Charts/ENTSO-E measured fuel mix x Macknick 2012 consumption factors (same payload as real CI),Energy-Charts / ENTSO-E generation mix + Macknick 2012 (NREL),https://api.energy-charts.info/public_power?country=se
SE,62,2017-07-27T14:00:00Z,2017-07-27T14:00:00Z,2.125691,base,15895.0,1.0,0.0,False,,Energy-Charts/ENTSO-E measured fuel mix x Macknick 2012 consumption factors (same payload as real CI),Energy-Charts / ENTSO-E generation mix + Macknick 2012 (NREL),https://api.energy-charts.info/public_power?country=se
SE,63,2017-07-27T15:00:00Z,2017-07-27T15:00:00Z,2.122867,base,15838.0,1.0,0.0,False,,Energy-Charts/ENTSO-E measured fuel mix x Macknick 2012 consumption factors (same payload as real CI),Energy-Charts / ENTSO-E generation mix + Macknick 2012 (NREL),https://api.energy-charts.info/public_power?country=se
SE,64,2017-07-27T16:00:00Z,2017-07-27T16:00:00Z,2.135939,base,15530.0,1.0,0.0,False,,Energy-Charts/ENTSO-E measured fuel mix x Macknick 2012 consumption factors (same payload as real CI),Energy-Charts / ENTSO-E generation mix + Macknick 2012 (NREL),https://api.energy-charts.info/public_power?country=se
SE,65,2017-07-27T17:00:00Z,2017-07-27T17:00:00Z,2.14101,base,15244.0,1.0,0.0,False,,Energy-Charts/ENTSO-E measured fuel mix x Macknick 2012 consumption factors (same payload as real CI),Energy-Charts / ENTSO-E generation mix + Macknick 2012 (NREL),https://api.energy-charts.info/public_power?country=se
SE,66,2017-07-27T18:00:00Z,2017-07-27T18:00:00Z,2.135091,base,14874.0,1.0,0.0,False,,Energy-Charts/ENTSO-E measured fuel mix x Macknick 2012 consumption factors (same payload as real CI),Energy-Charts / ENTSO-E generation mix + Macknick 2012 (NREL),https://api.energy-charts.info/public_power?country=se
SE,67,2017-07-27T19:00:00Z,2017-07-27T19:00:00Z,2.131034,base,14710.0,1.0,0.0,False,,Energy-Charts/ENTSO-E measured fuel mix x Macknick 2012 consumption factors (same payload as real CI),Energy-Charts / ENTSO-E generation mix + Macknick 2012 (NREL),https://api.energy-charts.info/public_power?country=se
SE,68,2017-07-27T20:00:00Z,2017-07-27T20:00:00Z,2.112883,base,14569.0,1.0,0.0,False,,Energy-Charts/ENTSO-E measured fuel mix x Macknick 2012 consumption factors (same payload as real CI),Energy-Charts / ENTSO-E generation mix + Macknick 2012 (NREL),https://api.energy-charts.info/public_power?country=se
SE,69,2017-07-27T21:00:00Z,2017-07-27T21:00:00Z,2.121892,base,13915.0,1.0,0.0,False,,Energy-Charts/ENTSO-E measured fuel mix x Macknick 2012 consumption factors (same payload as real CI),Energy-Charts / ENTSO-E generation mix + Macknick 2012 (NREL),https://api.energy-charts.info/public_power?country=se
SE,70,2017-07-27T22:00:00Z,2017-07-27T22:00:00Z,2.135866,base,13311.0,1.0,0.0,False,,Energy-Charts/ENTSO-E measured fuel mix x Macknick 2012 consumption factors (same payload as real CI),Energy-Charts / ENTSO-E generation mix + Macknick 2012 (NREL),https://api.energy-charts.info/public_power?country=se
SE,71,2017-07-27T23:00:00Z,2017-07-27T23:00:00Z,2.14991,base,12790.0,1.0,0.0,False,,Energy-Charts/ENTSO-E measured fuel mix x Macknick 2012 consumption factors (same payload as real CI),Energy-Charts / ENTSO-E generation mix + Macknick 2012 (NREL),https://api.energy-charts.info/public_power?country=se
SE,72,2017-07-28T00:00:00Z,2017-07-28T00:00:00Z,2.161622,base,12586.0,1.0,0.0,False,,Energy-Charts/ENTSO-E measured fuel mix x Macknick 2012 consumption factors (same payload as real CI),Energy-Charts / ENTSO-E generation mix + Macknick 2012 (NREL),https://api.energy-charts.info/public_power?country=se
SE,73,2017-07-28T01:00:00Z,2017-07-28T01:00:00Z,2.163677,base,12428.0,1.0,0.0,False,,Energy-Charts/ENTSO-E measured fuel mix x Macknick 2012 consumption factors (same payload as real CI),Energy-Charts / ENTSO-E generation mix + Macknick 2012 (NREL),https://api.energy-charts.info/public_power?country=se
SE,74,2017-07-28T02:00:00Z,2017-07-28T02:00:00Z,2.165389,base,12390.0,1.0,0.0,False,,Energy-Charts/ENTSO-E measured fuel mix x Macknick 2012 consumption factors (same payload as real CI),Energy-Charts / ENTSO-E generation mix + Macknick 2012 (NREL),https://api.energy-charts.info/public_power?country=se
SE,75,2017-07-28T03:00:00Z,2017-07-28T03:00:00Z,2.171599,base,12625.0,1.0,0.0,False,,Energy-Charts/ENTSO-E measured fuel mix x Macknick 2012 consumption factors (same payload as real CI),Energy-Charts / ENTSO-E generation mix + Macknick 2012 (NREL),https://api.energy-charts.info/public_power?country=se
SE,76,2017-07-28T04:00:00Z,2017-07-28T04:00:00Z,2.158262,base,14001.0,1.0,0.0,False,,Energy-Charts/ENTSO-E measured fuel mix x Macknick 2012 consumption factors (same payload as real CI),Energy-Charts / ENTSO-E generation mix + Macknick 2012 (NREL),https://api.energy-charts.info/public_power?country=se
SE,77,2017-07-28T05:00:00Z,2017-07-28T05:00:00Z,2.158806,base,15056.0,1.0,0.0,False,,Energy-Charts/ENTSO-E measured fuel mix x Macknick 2012 consumption factors (same payload as real CI),Energy-Charts / ENTSO-E generation mix + Macknick 2012 (NREL),https://api.energy-charts.info/public_power?country=se
SE,78,2017-07-28T06:00:00Z,2017-07-28T06:00:00Z,2.161125,base,15713.0,1.0,0.0,False,,Energy-Charts/ENTSO-E measured fuel mix x Macknick 2012 consumption factors (same payload as real CI),Energy-Charts / ENTSO-E generation mix + Macknick 2012 (NREL),https://api.energy-charts.info/public_power?country=se
SE,79,2017-07-28T07:00:00Z,2017-07-28T07:00:00Z,2.148412,base,16111.0,1.0,0.0,False,,Energy-Charts/ENTSO-E measured fuel mix x Macknick 2012 consumption factors (same payload as real CI),Energy-Charts / ENTSO-E generation mix + Macknick 2012 (NREL),https://api.energy-charts.info/public_power?country=se
SE,80,2017-07-28T08:00:00Z,2017-07-28T08:00:00Z,2.136542,base,16006.0,1.0,0.0,False,,Energy-Charts/ENTSO-E measured fuel mix x Macknick 2012 consumption factors (same payload as real CI),Energy-Charts / ENTSO-E generation mix + Macknick 2012 (NREL),https://api.energy-charts.info/public_power?country=se
SE,81,2017-07-28T09:00:00Z,2017-07-28T09:00:00Z,2.1259,base,15603.0,1.0,0.0,False,,Energy-Charts/ENTSO-E measured fuel mix x Macknick 2012 consumption factors (same payload as real CI),Energy-Charts / ENTSO-E generation mix + Macknick 2012 (NREL),https://api.energy-charts.info/public_power?country=se
SE,82,2017-07-28T10:00:00Z,2017-07-28T10:00:00Z,2.115944,base,15174.0,1.0,0.0,False,,Energy-Charts/ENTSO-E measured fuel mix x Macknick 2012 consumption factors (same payload as real CI),Energy-Charts / ENTSO-E generation mix + Macknick 2012 (NREL),https://api.energy-charts.info/public_power?country=se
SE,83,2017-07-28T11:00:00Z,2017-07-28T11:00:00Z,2.112259,base,14992.0,1.0,0.0,False,,Energy-Charts/ENTSO-E measured fuel mix x Macknick 2012 consumption factors (same payload as real CI),Energy-Charts / ENTSO-E generation mix + Macknick 2012 (NREL),https://api.energy-charts.info/public_power?country=se
SE,84,2017-07-28T12:00:00Z,2017-07-28T12:00:00Z,2.110267,base,14765.0,1.0,0.0,False,,Energy-Charts/ENTSO-E measured fuel mix x Macknick 2012 consumption factors (same payload as real CI),Energy-Charts / ENTSO-E generation mix + Macknick 2012 (NREL),https://api.energy-charts.info/public_power?country=se
SE,85,2017-07-28T13:00:00Z,2017-07-28T13:00:00Z,2.104487,base,14598.0,1.0,0.0,False,,Energy-Charts/ENTSO-E measured fuel mix x Macknick 2012 consumption factors (same payload as real CI),Energy-Charts / ENTSO-E generation mix + Macknick 2012 (NREL),https://api.energy-charts.info/public_power?country=se
SE,86,2017-07-28T14:00:00Z,2017-07-28T14:00:00Z,2.101164,base,14747.0,1.0,0.0,False,,Energy-Charts/ENTSO-E measured fuel mix x Macknick 2012 consumption factors (same payload as real CI),Energy-Charts / ENTSO-E generation mix + Macknick 2012 (NREL),https://api.energy-charts.info/public_power?country=se
SE,87,2017-07-28T15:00:00Z,2017-07-28T15:00:00Z,2.090207,base,15045.0,1.0,0.0,False,,Energy-Charts/ENTSO-E measured fuel mix x Macknick 2012 consumption factors (same payload as real CI),Energy-Charts / ENTSO-E generation mix + Macknick 2012 (NREL),https://api.energy-charts.info/public_power?country=se
SE,88,2017-07-28T16:00:00Z,2017-07-28T16:00:00Z,2.089226,base,15250.0,1.0,0.0,False,,Energy-Charts/ENTSO-E measured fuel mix x Macknick 2012 consumption factors (same payload as real CI),Energy-Charts / ENTSO-E generation mix + Macknick 2012 (NREL),https://api.energy-charts.info/public_power?country=se
SE,89,2017-07-28T17:00:00Z,2017-07-28T17:00:00Z,2.110249,base,14913.0,1.0,0.0,False,,Energy-Charts/ENTSO-E measured fuel mix x Macknick 2012 consumption factors (same payload as real CI),Energy-Charts / ENTSO-E generation mix + Macknick 2012 (NREL),https://api.energy-charts.info/public_power?country=se
SE,90,2017-07-28T18:00:00Z,2017-07-28T18:00:00Z,2.122788,base,14581.0,1.0,0.0,False,,Energy-Charts/ENTSO-E measured fuel mix x Macknick 2012 consumption factors (same payload as real CI),Energy-Charts / ENTSO-E generation mix + Macknick 2012 (NREL),https://api.energy-charts.info/public_power?country=se
SE,91,2017-07-28T19:00:00Z,2017-07-28T19:00:00Z,2.113817,base,14538.0,1.0,0.0,False,,Energy-Charts/ENTSO-E measured fuel mix x Macknick 2012 consumption factors (same payload as real CI),Energy-Charts / ENTSO-E generation mix + Macknick 2012 (NREL),https://api.energy-charts.info/public_power?country=se
SE,92,2017-07-28T20:00:00Z,2017-07-28T20:00:00Z,2.103111,base,14407.0,1.0,0.0,False,,Energy-Charts/ENTSO-E measured fuel mix x Macknick 2012 consumption factors (same payload as real CI),Energy-Charts / ENTSO-E generation mix + Macknick 2012 (NREL),https://api.energy-charts.info/public_power?country=se
SE,93,2017-07-28T21:00:00Z,2017-07-28T21:00:00Z,2.083583,base,14203.0,1.0,0.0,False,,Energy-Charts/ENTSO-E measured fuel mix x Macknick 2012 consumption factors (same payload as real CI),Energy-Charts / ENTSO-E generation mix + Macknick 2012 (NREL),https://api.energy-charts.info/public_power?country=se
SE,94,2017-07-28T22:00:00Z,2017-07-28T22:00:00Z,2.075103,base,13508.0,1.0,0.0,False,,Energy-Charts/ENTSO-E measured fuel mix x Macknick 2012 consumption factors (same payload as real CI),Energy-Charts / ENTSO-E generation mix + Macknick 2012 (NREL),https://api.energy-charts.info/public_power?country=se
SE,95,2017-07-28T23:00:00Z,2017-07-28T23:00:00Z,2.0769,base,12375.0,1.0,0.0,False,,Energy-Charts/ENTSO-E measured fuel mix x Macknick 2012 consumption factors (same payload as real CI),Energy-Charts / ENTSO-E generation mix + Macknick 2012 (NREL),https://api.energy-charts.info/public_power?country=se
PL,0,2017-07-25T00:00:00Z,2017-07-25T00:00:00Z,2.257934,base,13644.7,1.0,0.0,False,,Energy-Charts/ENTSO-E measured fuel mix x Macknick 2012 consumption factors (same payload as real CI),Energy-Charts / ENTSO-E generation mix + Macknick 2012 (NREL),https://api.energy-charts.info/public_power?country=pl
PL,1,2017-07-25T01:00:00Z,2017-07-25T01:00:00Z,2.255512,base,13828.4,1.0,0.0,False,,Energy-Charts/ENTSO-E measured fuel mix x Macknick 2012 consumption factors (same payload as real CI),Energy-Charts / ENTSO-E generation mix + Macknick 2012 (NREL),https://api.energy-charts.info/public_power?country=pl
PL,2,2017-07-25T02:00:00Z,2017-07-25T02:00:00Z,2.269174,base,14015.2,1.0,0.0,False,,Energy-Charts/ENTSO-E measured fuel mix x Macknick 2012 consumption factors (same payload as real CI),Energy-Charts / ENTSO-E generation mix + Macknick 2012 (NREL),https://api.energy-charts.info/public_power?country=pl
PL,3,2017-07-25T03:00:00Z,2017-07-25T03:00:00Z,2.266583,base,14162.5,1.0,0.0,False,,Energy-Charts/ENTSO-E measured fuel mix x Macknick 2012 consumption factors (same payload as real CI),Energy-Charts / ENTSO-E generation mix + Macknick 2012 (NREL),https://api.energy-charts.info/public_power?country=pl
PL,4,2017-07-25T04:00:00Z,2017-07-25T04:00:00Z,2.305899,base,15757.1,1.0,0.0,False,,Energy-Charts/ENTSO-E measured fuel mix x Macknick 2012 consumption factors (same payload as real CI),Energy-Charts / ENTSO-E generation mix + Macknick 2012 (NREL),https://api.energy-charts.info/public_power?country=pl
PL,5,2017-07-25T05:00:00Z,2017-07-25T05:00:00Z,2.324342,base,17542.5,1.0,0.0,False,,Energy-Charts/ENTSO-E measured fuel mix x Macknick 2012 consumption factors (same payload as real CI),Energy-Charts / ENTSO-E generation mix + Macknick 2012 (NREL),https://api.energy-charts.info/public_power?country=pl
PL,6,2017-07-25T06:00:00Z,2017-07-25T06:00:00Z,2.345272,base,18543.3,1.0,0.0,False,,Energy-Charts/ENTSO-E measured fuel mix x Macknick 2012 consumption factors (same payload as real CI),Energy-Charts / ENTSO-E generation mix + Macknick 2012 (NREL),https://api.energy-charts.info/public_power?country=pl
PL,7,2017-07-25T07:00:00Z,2017-07-25T07:00:00Z,2.349291,base,19063.5,1.0,0.0,False,,Energy-Charts/ENTSO-E measured fuel mix x Macknick 2012 consumption factors (same payload as real CI),Energy-Charts / ENTSO-E generation mix + Macknick 2012 (NREL),https://api.energy-charts.info/public_power?country=pl
PL,8,2017-07-25T08:00:00Z,2017-07-25T08:00:00Z,2.344177,base,19225.8,1.0,0.0,False,,Energy-Charts/ENTSO-E measured fuel mix x Macknick 2012 consumption factors (same payload as real CI),Energy-Charts / ENTSO-E generation mix + Macknick 2012 (NREL),https://api.energy-charts.info/public_power?country=pl
PL,9,2017-07-25T09:00:00Z,2017-07-25T09:00:00Z,2.330312,base,19575.2,1.0,0.0,False,,Energy-Charts/ENTSO-E measured fuel mix x Macknick 2012 consumption factors (same payload as real CI),Energy-Charts / ENTSO-E generation mix + Macknick 2012 (NREL),https://api.energy-charts.info/public_power?country=pl
PL,10,2017-07-25T10:00:00Z,2017-07-25T10:00:00Z,2.31292,base,19565.4,1.0,0.0,False,,Energy-Charts/ENTSO-E measured fuel mix x Macknick 2012 consumption factors (same payload as real CI),Energy-Charts / ENTSO-E generation mix + Macknick 2012 (NREL),https://api.energy-charts.info/public_power?country=pl
PL,11,2017-07-25T11:00:00Z,2017-07-25T11:00:00Z,2.291767,base,19525.3,1.0,0.0,False,,Energy-Charts/ENTSO-E measured fuel mix x Macknick 2012 consumption factors (same payload as real CI),Energy-Charts / ENTSO-E generation mix + Macknick 2012 (NREL),https://api.energy-charts.info/public_power?country=pl
PL,12,2017-07-25T12:00:00Z,2017-07-25T12:00:00Z,2.260048,base,19177.5,1.0,0.0,False,,Energy-Charts/ENTSO-E measured fuel mix x Macknick 2012 consumption factors (same payload as real CI),Energy-Charts / ENTSO-E generation mix + Macknick 2012 (NREL),https://api.energy-charts.info/public_power?country=pl
PL,13,2017-07-25T13:00:00Z,2017-07-25T13:00:00Z,2.2508,base,18879.3,1.0,0.0,False,,Energy-Charts/ENTSO-E measured fuel mix x Macknick 2012 consumption factors (same payload as real CI),Energy-Charts / ENTSO-E generation mix + Macknick 2012 (NREL),https://api.energy-charts.info/public_power?country=pl
PL,14,2017-07-25T14:00:00Z,2017-07-25T14:00:00Z,2.233134,base,18590.5,1.0,0.0,False,,Energy-Charts/ENTSO-E measured fuel mix x Macknick 2012 consumption factors (same payload as real CI),Energy-Charts / ENTSO-E generation mix + Macknick 2012 (NREL),https://api.energy-charts.info/public_power?country=pl
PL,15,2017-07-25T15:00:00Z,2017-07-25T15:00:00Z,2.211285,base,18300.2,1.0,0.0,False,,Energy-Charts/ENTSO-E measured fuel mix x Macknick 2012 consumption factors (same payload as real CI),Energy-Charts / ENTSO-E generation mix + Macknick 2012 (NREL),https://api.energy-charts.info/public_power?country=pl
PL,16,2017-07-25T16:00:00Z,2017-07-25T16:00:00Z,2.198318,base,18137.0,1.0,0.0,False,,Energy-Charts/ENTSO-E measured fuel mix x Macknick 2012 consumption factors (same payload as real CI),Energy-Charts / ENTSO-E generation mix + Macknick 2012 (NREL),https://api.energy-charts.info/public_power?country=pl
PL,17,2017-07-25T17:00:00Z,2017-07-25T17:00:00Z,2.211302,base,18171.0,1.0,0.0,False,,Energy-Charts/ENTSO-E measured fuel mix x Macknick 2012 consumption factors (same payload as real CI),Energy-Charts / ENTSO-E generation mix + Macknick 2012 (NREL),https://api.energy-charts.info/public_power?country=pl
PL,18,2017-07-25T18:00:00Z,2017-07-25T18:00:00Z,2.245747,base,18067.6,1.0,0.0,False,,Energy-Charts/ENTSO-E measured fuel mix x Macknick 2012 consumption factors (same payload as real CI),Energy-Charts / ENTSO-E generation mix + Macknick 2012 (NREL),https://api.energy-charts.info/public_power?country=pl
PL,19,2017-07-25T19:00:00Z,2017-07-25T19:00:00Z,2.302436,base,17796.2,1.0,0.0,False,,Energy-Charts/ENTSO-E measured fuel mix x Macknick 2012 consumption factors (same payload as real CI),Energy-Charts / ENTSO-E generation mix + Macknick 2012 (NREL),https://api.energy-charts.info/public_power?country=pl
PL,20,2017-07-25T20:00:00Z,2017-07-25T20:00:00Z,2.307655,base,16594.2,1.0,0.0,False,,Energy-Charts/ENTSO-E measured fuel mix x Macknick 2012 consumption factors (same payload as real CI),Energy-Charts / ENTSO-E generation mix + Macknick 2012 (NREL),https://api.energy-charts.info/public_power?country=pl
PL,21,2017-07-25T21:00:00Z,2017-07-25T21:00:00Z,2.271119,base,15023.8,1.0,0.0,False,,Energy-Charts/ENTSO-E measured fuel mix x Macknick 2012 consumption factors (same payload as real CI),Energy-Charts / ENTSO-E generation mix + Macknick 2012 (NREL),https://api.energy-charts.info/public_power?country=pl
PL,22,2017-07-25T22:00:00Z,2017-07-25T22:00:00Z,2.258014,base,14024.2,1.0,0.0,False,,Energy-Charts/ENTSO-E measured fuel mix x Macknick 2012 consumption factors (same payload as real CI),Energy-Charts / ENTSO-E generation mix + Macknick 2012 (NREL),https://api.energy-charts.info/public_power?country=pl
PL,23,2017-07-25T23:00:00Z,2017-07-25T23:00:00Z,2.229387,base,13620.7,1.0,0.0,False,,Energy-Charts/ENTSO-E measured fuel mix x Macknick 2012 consumption factors (same payload as real CI),Energy-Charts / ENTSO-E generation mix + Macknick 2012 (NREL),https://api.energy-charts.info/public_power?country=pl
PL,24,2017-07-26T00:00:00Z,2017-07-26T00:00:00Z,2.205405,base,13700.7,1.0,0.0,False,,Energy-Charts/ENTSO-E measured fuel mix x Macknick 2012 consumption factors (same payload as real CI),Energy-Charts / ENTSO-E generation mix + Macknick 2012 (NREL),https://api.energy-charts.info/public_power?country=pl
PL,25,2017-07-26T01:00:00Z,2017-07-26T01:00:00Z,2.191842,base,13735.8,1.0,0.0,False,,Energy-Charts/ENTSO-E measured fuel mix x Macknick 2012 consumption factors (same payload as real CI),Energy-Charts / ENTSO-E generation mix + Macknick 2012 (NREL),https://api.energy-charts.info/public_power?country=pl
PL,26,2017-07-26T02:00:00Z,2017-07-26T02:00:00Z,2.21026,base,13886.5,1.0,0.0,False,,Energy-Charts/ENTSO-E measured fuel mix x Macknick 2012 consumption factors (same payload as real CI),Energy-Charts / ENTSO-E generation mix + Macknick 2012 (NREL),https://api.energy-charts.info/public_power?country=pl
PL,27,2017-07-26T03:00:00Z,2017-07-26T03:00:00Z,2.218606,base,13962.6,1.0,0.0,False,,Energy-Charts/ENTSO-E measured fuel mix x Macknick 2012 consumption factors (same payload as real CI),Energy-Charts / ENTSO-E generation mix + Macknick 2012 (NREL),https://api.energy-charts.info/public_power?country=pl
PL,28,2017-07-26T04:00:00Z,2017-07-26T04:00:00Z,2.270408,base,15446.6,1.0,0.0,False,,Energy-Charts/ENTSO-E measured fuel mix x Macknick 2012 consumption factors (same payload as real CI),Energy-Charts / ENTSO-E generation mix + Macknick 2012 (NREL),https://api.energy-charts.info/public_power?country=pl
PL,29,2017-07-26T05:00:00Z,2017-07-26T05:00:00Z,2.325141,base,17363.8,1.0,0.0,False,,Energy-Charts/ENTSO-E measured fuel mix x Macknick 2012 consumption factors (same payload as real CI),Energy-Charts / ENTSO-E generation mix + Macknick 2012 (NREL),https://api.energy-charts.info/public_power?country=pl
PL,30,2017-07-26T06:00:00Z,2017-07-26T06:00:00Z,2.336994,base,18342.2,1.0,0.0,False,,Energy-Charts/ENTSO-E measured fuel mix x Macknick 2012 consumption factors (same payload as real CI),Energy-Charts / ENTSO-E generation mix + Macknick 2012 (NREL),https://api.energy-charts.info/public_power?country=pl
PL,31,2017-07-26T07:00:00Z,2017-07-26T07:00:00Z,2.335614,base,18845.3,1.0,0.0,False,,Energy-Charts/ENTSO-E measured fuel mix x Macknick 2012 consumption factors (same payload as real CI),Energy-Charts / ENTSO-E generation mix + Macknick 2012 (NREL),https://api.energy-charts.info/public_power?country=pl
PL,32,2017-07-26T08:00:00Z,2017-07-26T08:00:00Z,2.32228,base,18773.6,1.0,0.0,False,,Energy-Charts/ENTSO-E measured fuel mix x Macknick 2012 consumption factors (same payload as real CI),Energy-Charts / ENTSO-E generation mix + Macknick 2012 (NREL),https://api.energy-charts.info/public_power?country=pl
PL,33,2017-07-26T09:00:00Z,2017-07-26T09:00:00Z,2.321645,base,19153.9,1.0,0.0,False,,Energy-Charts/ENTSO-E measured fuel mix x Macknick 2012 consumption factors (same payload as real CI),Energy-Charts / ENTSO-E generation mix + Macknick 2012 (NREL),https://api.energy-charts.info/public_power?country=pl
PL,34,2017-07-26T10:00:00Z,2017-07-26T10:00:00Z,2.309133,base,19317.8,1.0,0.0,False,,Energy-Charts/ENTSO-E measured fuel mix x Macknick 2012 consumption factors (same payload as real CI),Energy-Charts / ENTSO-E generation mix + Macknick 2012 (NREL),https://api.energy-charts.info/public_power?country=pl
PL,35,2017-07-26T11:00:00Z,2017-07-26T11:00:00Z,2.311695,base,19258.0,1.0,0.0,False,,Energy-Charts/ENTSO-E measured fuel mix x Macknick 2012 consumption factors (same payload as real CI),Energy-Charts / ENTSO-E generation mix + Macknick 2012 (NREL),https://api.energy-charts.info/public_power?country=pl
PL,36,2017-07-26T12:00:00Z,2017-07-26T12:00:00Z,2.313741,base,18882.6,1.0,0.0,False,,Energy-Charts/ENTSO-E measured fuel mix x Macknick 2012 consumption factors (same payload as real CI),Energy-Charts / ENTSO-E generation mix + Macknick 2012 (NREL),https://api.energy-charts.info/public_power?country=pl
PL,37,2017-07-26T13:00:00Z,2017-07-26T13:00:00Z,2.32124,base,18676.6,1.0,0.0,False,,Energy-Charts/ENTSO-E measured fuel mix x Macknick 2012 consumption factors (same payload as real CI),Energy-Charts / ENTSO-E generation mix + Macknick 2012 (NREL),https://api.energy-charts.info/public_power?country=pl
PL,38,2017-07-26T14:00:00Z,2017-07-26T14:00:00Z,2.327069,base,18514.8,1.0,0.0,False,,Energy-Charts/ENTSO-E measured fuel mix x Macknick 2012 consumption factors (same payload as real CI),Energy-Charts / ENTSO-E generation mix + Macknick 2012 (NREL),https://api.energy-charts.info/public_power?country=pl
PL,39,2017-07-26T15:00:00Z,2017-07-26T15:00:00Z,2.323056,base,18049.5,1.0,0.0,False,,Energy-Charts/ENTSO-E measured fuel mix x Macknick 2012 consumption factors (same payload as real CI),Energy-Charts / ENTSO-E generation mix + Macknick 2012 (NREL),https://api.energy-charts.info/public_power?country=pl
PL,40,2017-07-26T16:00:00Z,2017-07-26T16:00:00Z,2.317734,base,17806.7,1.0,0.0,False,,Energy-Charts/ENTSO-E measured fuel mix x Macknick 2012 consumption factors (same payload as real CI),Energy-Charts / ENTSO-E generation mix + Macknick 2012 (NREL),https://api.energy-charts.info/public_power?country=pl
PL,41,2017-07-26T17:00:00Z,2017-07-26T17:00:00Z,2.288118,base,17854.9,1.0,0.0,False,,Energy-Charts/ENTSO-E measured fuel mix x Macknick 2012 consumption factors (same payload as real CI),Energy-Charts / ENTSO-E generation mix + Macknick 2012 (NREL),https://api.energy-charts.info/public_power?country=pl
PL,42,2017-07-26T18:00:00Z,2017-07-26T18:00:00Z,2.276542,base,18131.4,1.0,0.0,False,,Energy-Charts/ENTSO-E measured fuel mix x Macknick 2012 consumption factors (same payload as real CI),Energy-Charts / ENTSO-E generation mix + Macknick 2012 (NREL),https://api.energy-charts.info/public_power?country=pl
PL,43,2017-07-26T19:00:00Z,2017-07-26T19:00:00Z,2.281978,base,17941.5,1.0,0.0,False,,Energy-Charts/ENTSO-E measured fuel mix x Macknick 2012 consumption factors (same payload as real CI),Energy-Charts / ENTSO-E generation mix + Macknick 2012 (NREL),https://api.energy-charts.info/public_power?country=pl
PL,44,2017-07-26T20:00:00Z,2017-07-26T20:00:00Z,2.289183,base,17078.7,1.0,0.0,False,,Energy-Charts/ENTSO-E measured fuel mix x Macknick 2012 consumption factors (same payload as real CI),Energy-Charts / ENTSO-E generation mix + Macknick 2012 (NREL),https://api.energy-charts.info/public_power?country=pl
PL,45,2017-07-26T21:00:00Z,2017-07-26T21:00:00Z,2.240387,base,15641.9,1.0,0.0,False,,Energy-Charts/ENTSO-E measured fuel mix x Macknick 2012 consumption factors (same payload as real CI),Energy-Charts / ENTSO-E generation mix + Macknick 2012 (NREL),https://api.energy-charts.info/public_power?country=pl
PL,46,2017-07-26T22:00:00Z,2017-07-26T22:00:00Z,2.201363,base,14413.4,1.0,0.0,False,,Energy-Charts/ENTSO-E measured fuel mix x Macknick 2012 consumption factors (same payload as real CI),Energy-Charts / ENTSO-E generation mix + Macknick 2012 (NREL),https://api.energy-charts.info/public_power?country=pl
PL,47,2017-07-26T23:00:00Z,2017-07-26T23:00:00Z,2.190762,base,14191.2,1.0,0.0,False,,Energy-Charts/ENTSO-E measured fuel mix x Macknick 2012 consumption factors (same payload as real CI),Energy-Charts / ENTSO-E generation mix + Macknick 2012 (NREL),https://api.energy-charts.info/public_power?country=pl
PL,48,2017-07-27T00:00:00Z,2017-07-27T00:00:00Z,2.203849,base,14053.9,1.0,0.0,False,,Energy-Charts/ENTSO-E measured fuel mix x Macknick 2012 consumption factors (same payload as real CI),Energy-Charts / ENTSO-E generation mix + Macknick 2012 (NREL),https://api.energy-charts.info/public_power?country=pl
PL,49,2017-07-27T01:00:00Z,2017-07-27T01:00:00Z,2.21439,base,14032.2,1.0,0.0,False,,Energy-Charts/ENTSO-E measured fuel mix x Macknick 2012 consumption factors (same payload as real CI),Energy-Charts / ENTSO-E generation mix + Macknick 2012 (NREL),https://api.energy-charts.info/public_power?country=pl
PL,50,2017-07-27T02:00:00Z,2017-07-27T02:00:00Z,2.230422,base,13825.6,1.0,0.0,False,,Energy-Charts/ENTSO-E measured fuel mix x Macknick 2012 consumption factors (same payload as real CI),Energy-Charts / ENTSO-E generation mix + Macknick 2012 (NREL),https://api.energy-charts.info/public_power?country=pl
PL,51,2017-07-27T03:00:00Z,2017-07-27T03:00:00Z,2.257746,base,13814.2,1.0,0.0,False,,Energy-Charts/ENTSO-E measured fuel mix x Macknick 2012 consumption factors (same payload as real CI),Energy-Charts / ENTSO-E generation mix + Macknick 2012 (NREL),https://api.energy-charts.info/public_power?country=pl
PL,52,2017-07-27T04:00:00Z,2017-07-27T04:00:00Z,2.323658,base,15338.8,1.0,0.0,False,,Energy-Charts/ENTSO-E measured fuel mix x Macknick 2012 consumption factors (same payload as real CI),Energy-Charts / ENTSO-E generation mix + Macknick 2012 (NREL),https://api.energy-charts.info/public_power?country=pl
PL,53,2017-07-27T05:00:00Z,2017-07-27T05:00:00Z,2.402493,base,17188.8,1.0,0.0,False,,Energy-Charts/ENTSO-E measured fuel mix x Macknick 2012 consumption factors (same payload as real CI),Energy-Charts / ENTSO-E generation mix + Macknick 2012 (NREL),https://api.energy-charts.info/public_power?country=pl
PL,54,2017-07-27T06:00:00Z,2017-07-27T06:00:00Z,2.422727,base,18218.5,1.0,0.0,False,,Energy-Charts/ENTSO-E measured fuel mix x Macknick 2012 consumption factors (same payload as real CI),Energy-Charts / ENTSO-E generation mix + Macknick 2012 (NREL),https://api.energy-charts.info/public_power?country=pl
PL,55,2017-07-27T07:00:00Z,2017-07-27T07:00:00Z,2.415732,base,18724.8,1.0,0.0,False,,Energy-Charts/ENTSO-E measured fuel mix x Macknick 2012 consumption factors (same payload as real CI),Energy-Charts / ENTSO-E generation mix + Macknick 2012 (NREL),https://api.energy-charts.info/public_power?country=pl
PL,56,2017-07-27T08:00:00Z,2017-07-27T08:00:00Z,2.405647,base,18821.3,1.0,0.0,False,,Energy-Charts/ENTSO-E measured fuel mix x Macknick 2012 consumption factors (same payload as real CI),Energy-Charts / ENTSO-E generation mix + Macknick 2012 (NREL),https://api.energy-charts.info/public_power?country=pl
PL,57,2017-07-27T09:00:00Z,2017-07-27T09:00:00Z,2.379791,base,18992.1,1.0,0.0,False,,Energy-Charts/ENTSO-E measured fuel mix x Macknick 2012 consumption factors (same payload as real CI),Energy-Charts / ENTSO-E generation mix + Macknick 2012 (NREL),https://api.energy-charts.info/public_power?country=pl
PL,58,2017-07-27T10:00:00Z,2017-07-27T10:00:00Z,2.382055,base,19088.8,1.0,0.0,False,,Energy-Charts/ENTSO-E measured fuel mix x Macknick 2012 consumption factors (same payload as real CI),Energy-Charts / ENTSO-E generation mix + Macknick 2012 (NREL),https://api.energy-charts.info/public_power?country=pl
PL,59,2017-07-27T11:00:00Z,2017-07-27T11:00:00Z,2.389913,base,19087.1,1.0,0.0,False,,Energy-Charts/ENTSO-E measured fuel mix x Macknick 2012 consumption factors (same payload as real CI),Energy-Charts / ENTSO-E generation mix + Macknick 2012 (NREL),https://api.energy-charts.info/public_power?country=pl
PL,60,2017-07-27T12:00:00Z,2017-07-27T12:00:00Z,2.405472,base,18638.4,1.0,0.0,False,,Energy-Charts/ENTSO-E measured fuel mix x Macknick 2012 consumption factors (same payload as real CI),Energy-Charts / ENTSO-E generation mix + Macknick 2012 (NREL),https://api.energy-charts.info/public_power?country=pl
PL,61,2017-07-27T13:00:00Z,2017-07-27T13:00:00Z,2.406427,base,18496.7,1.0,0.0,False,,Energy-Charts/ENTSO-E measured fuel mix x Macknick 2012 consumption factors (same payload as real CI),Energy-Charts / ENTSO-E generation mix + Macknick 2012 (NREL),https://api.energy-charts.info/public_power?country=pl
PL,62,2017-07-27T14:00:00Z,2017-07-27T14:00:00Z,2.420216,base,18214.5,1.0,0.0,False,,Energy-Charts/ENTSO-E measured fuel mix x Macknick 2012 consumption factors (same payload as real CI),Energy-Charts / ENTSO-E generation mix + Macknick 2012 (NREL),https://api.energy-charts.info/public_power?country=pl
PL,63,2017-07-27T15:00:00Z,2017-07-27T15:00:00Z,2.423443,base,17965.7,1.0,0.0,False,,Energy-Charts/ENTSO-E measured fuel mix x Macknick 2012 consumption factors (same payload as real CI),Energy-Charts / ENTSO-E generation mix + Macknick 2012 (NREL),https://api.energy-charts.info/public_power?country=pl
PL,64,2017-07-27T16:00:00Z,2017-07-27T16:00:00Z,2.42962,base,17858.2,1.0,0.0,False,,Energy-Charts/ENTSO-E measured fuel mix x Macknick 2012 consumption factors (same payload as real CI),Energy-Charts / ENTSO-E generation mix + Macknick 2012 (NREL),https://api.energy-charts.info/public_power?country=pl
PL,65,2017-07-27T17:00:00Z,2017-07-27T17:00:00Z,2.439982,base,17939.3,1.0,0.0,False,,Energy-Charts/ENTSO-E measured fuel mix x Macknick 2012 consumption factors (same payload as real CI),Energy-Charts / ENTSO-E generation mix + Macknick 2012 (NREL),https://api.energy-charts.info/public_power?country=pl
PL,66,2017-07-27T18:00:00Z,2017-07-27T18:00:00Z,2.432352,base,17854.3,1.0,0.0,False,,Energy-Charts/ENTSO-E measured fuel mix x Macknick 2012 consumption factors (same payload as real CI),Energy-Charts / ENTSO-E generation mix + Macknick 2012 (NREL),https://api.energy-charts.info/public_power?country=pl
PL,67,2017-07-27T19:00:00Z,2017-07-27T19:00:00Z,2.40924,base,17690.3,1.0,0.0,False,,Energy-Charts/ENTSO-E measured fuel mix x Macknick 2012 consumption factors (same payload as real CI),Energy-Charts / ENTSO-E generation mix + Macknick 2012 (NREL),https://api.energy-charts.info/public_power?country=pl
PL,68,2017-07-27T20:00:00Z,2017-07-27T20:00:00Z,2.37919,base,16811.9,1.0,0.0,False,,Energy-Charts/ENTSO-E measured fuel mix x Macknick 2012 consumption factors (same payload as real CI),Energy-Charts / ENTSO-E generation mix + Macknick 2012 (NREL),https://api.energy-charts.info/public_power?country=pl
PL,69,2017-07-27T21:00:00Z,2017-07-27T21:00:00Z,2.373821,base,15121.9,1.0,0.0,False,,Energy-Charts/ENTSO-E measured fuel mix x Macknick 2012 consumption factors (same payload as real CI),Energy-Charts / ENTSO-E generation mix + Macknick 2012 (NREL),https://api.energy-charts.info/public_power?country=pl
PL,70,2017-07-27T22:00:00Z,2017-07-27T22:00:00Z,2.351371,base,14488.0,1.0,0.0,False,,Energy-Charts/ENTSO-E measured fuel mix x Macknick 2012 consumption factors (same payload as real CI),Energy-Charts / ENTSO-E generation mix + Macknick 2012 (NREL),https://api.energy-charts.info/public_power?country=pl
PL,71,2017-07-27T23:00:00Z,2017-07-27T23:00:00Z,2.349692,base,13785.7,1.0,0.0,False,,Energy-Charts/ENTSO-E measured fuel mix x Macknick 2012 consumption factors (same payload as real CI),Energy-Charts / ENTSO-E generation mix + Macknick 2012 (NREL),https://api.energy-charts.info/public_power?country=pl
PL,72,2017-07-28T00:00:00Z,2017-07-28T00:00:00Z,2.344183,base,13348.0,1.0,0.0,False,,Energy-Charts/ENTSO-E measured fuel mix x Macknick 2012 consumption factors (same payload as real CI),Energy-Charts / ENTSO-E generation mix + Macknick 2012 (NREL),https://api.energy-charts.info/public_power?country=pl
PL,73,2017-07-28T01:00:00Z,2017-07-28T01:00:00Z,2.353401,base,13308.0,1.0,0.0,False,,Energy-Charts/ENTSO-E measured fuel mix x Macknick 2012 consumption factors (same payload as real CI),Energy-Charts / ENTSO-E generation mix + Macknick 2012 (NREL),https://api.energy-charts.info/public_power?country=pl
PL,74,2017-07-28T02:00:00Z,2017-07-28T02:00:00Z,2.380883,base,13138.9,1.0,0.0,False,,Energy-Charts/ENTSO-E measured fuel mix x Macknick 2012 consumption factors (same payload as real CI),Energy-Charts / ENTSO-E generation mix + Macknick 2012 (NREL),https://api.energy-charts.info/public_power?country=pl
PL,75,2017-07-28T03:00:00Z,2017-07-28T03:00:00Z,2.384633,base,13255.4,1.0,0.0,False,,Energy-Charts/ENTSO-E measured fuel mix x Macknick 2012 consumption factors (same payload as real CI),Energy-Charts / ENTSO-E generation mix + Macknick 2012 (NREL),https://api.energy-charts.info/public_power?country=pl
PL,76,2017-07-28T04:00:00Z,2017-07-28T04:00:00Z,2.408576,base,15184.1,1.0,0.0,False,,Energy-Charts/ENTSO-E measured fuel mix x Macknick 2012 consumption factors (same payload as real CI),Energy-Charts / ENTSO-E generation mix + Macknick 2012 (NREL),https://api.energy-charts.info/public_power?country=pl
PL,77,2017-07-28T05:00:00Z,2017-07-28T05:00:00Z,2.450678,base,17188.7,1.0,0.0,False,,Energy-Charts/ENTSO-E measured fuel mix x Macknick 2012 consumption factors (same payload as real CI),Energy-Charts / ENTSO-E generation mix + Macknick 2012 (NREL),https://api.energy-charts.info/public_power?country=pl
PL,78,2017-07-28T06:00:00Z,2017-07-28T06:00:00Z,2.469352,base,17809.5,1.0,0.0,False,,Energy-Charts/ENTSO-E measured fuel mix x Macknick 2012 consumption factors (same payload as real CI),Energy-Charts / ENTSO-E generation mix + Macknick 2012 (NREL),https://api.energy-charts.info/public_power?country=pl
PL,79,2017-07-28T07:00:00Z,2017-07-28T07:00:00Z,2.464887,base,18380.8,1.0,0.0,False,,Energy-Charts/ENTSO-E measured fuel mix x Macknick 2012 consumption factors (same payload as real CI),Energy-Charts / ENTSO-E generation mix + Macknick 2012 (NREL),https://api.energy-charts.info/public_power?country=pl
PL,80,2017-07-28T08:00:00Z,2017-07-28T08:00:00Z,2.442113,base,18602.7,1.0,0.0,False,,Energy-Charts/ENTSO-E measured fuel mix x Macknick 2012 consumption factors (same payload as real CI),Energy-Charts / ENTSO-E generation mix + Macknick 2012 (NREL),https://api.energy-charts.info/public_power?country=pl
PL,81,2017-07-28T09:00:00Z,2017-07-28T09:00:00Z,2.416789,base,18850.4,1.0,0.0,False,,Energy-Charts/ENTSO-E measured fuel mix x Macknick 2012 consumption factors (same payload as real CI),Energy-Charts / ENTSO-E generation mix + Macknick 2012 (NREL),https://api.energy-charts.info/public_power?country=pl
PL,82,2017-07-28T10:00:00Z,2017-07-28T10:00:00Z,2.404838,base,18962.5,1.0,0.0,False,,Energy-Charts/ENTSO-E measured fuel mix x Macknick 2012 consumption factors (same payload as real CI),Energy-Charts / ENTSO-E generation mix + Macknick 2012 (NREL),https://api.energy-charts.info/public_power?country=pl
PL,83,2017-07-28T11:00:00Z,2017-07-28T11:00:00Z,2.404477,base,18885.2,1.0,0.0,False,,Energy-Charts/ENTSO-E measured fuel mix x Macknick 2012 consumption factors (same payload as real CI),Energy-Charts / ENTSO-E generation mix + Macknick 2012 (NREL),https://api.energy-charts.info/public_power?country=pl
PL,84,2017-07-28T12:00:00Z,2017-07-28T12:00:00Z,2.410972,base,18349.2,1.0,0.0,False,,Energy-Charts/ENTSO-E measured fuel mix x Macknick 2012 consumption factors (same payload as real CI),Energy-Charts / ENTSO-E generation mix + Macknick 2012 (NREL),https://api.energy-charts.info/public_power?country=pl
PL,85,2017-07-28T13:00:00Z,2017-07-28T13:00:00Z,2.404337,base,18068.5,1.0,0.0,False,,Energy-Charts/ENTSO-E measured fuel mix x Macknick 2012 consumption factors (same payload as real CI),Energy-Charts / ENTSO-E generation mix + Macknick 2012 (NREL),https://api.energy-charts.info/public_power?country=pl
PL,86,2017-07-28T14:00:00Z,2017-07-28T14:00:00Z,2.393719,base,17864.4,1.0,0.0,False,,Energy-Charts/ENTSO-E measured fuel mix x Macknick 2012 consumption factors (same payload as real CI),Energy-Charts / ENTSO-E generation mix + Macknick 2012 (NREL),https://api.energy-charts.info/public_power?country=pl
PL,87,2017-07-28T15:00:00Z,2017-07-28T15:00:00Z,2.378938,base,17691.6,1.0,0.0,False,,Energy-Charts/ENTSO-E measured fuel mix x Macknick 2012 consumption factors (same payload as real CI),Energy-Charts / ENTSO-E generation mix + Macknick 2012 (NREL),https://api.energy-charts.info/public_power?country=pl
PL,88,2017-07-28T16:00:00Z,2017-07-28T16:00:00Z,2.395304,base,17278.6,1.0,0.0,False,,Energy-Charts/ENTSO-E measured fuel mix x Macknick 2012 consumption factors (same payload as real CI),Energy-Charts / ENTSO-E generation mix + Macknick 2012 (NREL),https://api.energy-charts.info/public_power?country=pl
PL,89,2017-07-28T17:00:00Z,2017-07-28T17:00:00Z,2.387614,base,17564.6,1.0,0.0,False,,Energy-Charts/ENTSO-E measured fuel mix x Macknick 2012 consumption factors (same payload as real CI),Energy-Charts / ENTSO-E generation mix + Macknick 2012 (NREL),https://api.energy-charts.info/public_power?country=pl
PL,90,2017-07-28T18:00:00Z,2017-07-28T18:00:00Z,2.375709,base,17246.5,1.0,0.0,False,,Energy-Charts/ENTSO-E measured fuel mix x Macknick 2012 consumption factors (same payload as real CI),Energy-Charts / ENTSO-E generation mix + Macknick 2012 (NREL),https://api.energy-charts.info/public_power?country=pl
PL,91,2017-07-28T19:00:00Z,2017-07-28T19:00:00Z,2.352462,base,17334.6,1.0,0.0,False,,Energy-Charts/ENTSO-E measured fuel mix x Macknick 2012 consumption factors (same payload as real CI),Energy-Charts / ENTSO-E generation mix + Macknick 2012 (NREL),https://api.energy-charts.info/public_power?country=pl
PL,92,2017-07-28T20:00:00Z,2017-07-28T20:00:00Z,2.354462,base,16551.2,1.0,0.0,False,,Energy-Charts/ENTSO-E measured fuel mix x Macknick 2012 consumption factors (same payload as real CI),Energy-Charts / ENTSO-E generation mix + Macknick 2012 (NREL),https://api.energy-charts.info/public_power?country=pl
PL,93,2017-07-28T21:00:00Z,2017-07-28T21:00:00Z,2.305009,base,14914.1,1.0,0.0,False,,Energy-Charts/ENTSO-E measured fuel mix x Macknick 2012 consumption factors (same payload as real CI),Energy-Charts / ENTSO-E generation mix + Macknick 2012 (NREL),https://api.energy-charts.info/public_power?country=pl
PL,94,2017-07-28T22:00:00Z,2017-07-28T22:00:00Z,2.24215,base,13571.4,1.0,0.0,False,,Energy-Charts/ENTSO-E measured fuel mix x Macknick 2012 consumption factors (same payload as real CI),Energy-Charts / ENTSO-E generation mix + Macknick 2012 (NREL),https://api.energy-charts.info/public_power?country=pl
PL,95,2017-07-28T23:00:00Z,2017-07-28T23:00:00Z,2.219111,base,12939.8,1.0,0.0,False,,Energy-Charts/ENTSO-E measured fuel mix x Macknick 2012 consumption factors (same payload as real CI),Energy-Charts / ENTSO-E generation mix + Macknick 2012 (NREL),https://api.energy-charts.info/public_power?country=pl
