region,slot_index,utc_timestamp,residual_load_mw,signal_model,source_dataset
DE,0,2017-07-25T00:00:00Z,35755.5,energy_charts_residual_load_minus_wind_solar (real 2017; Load−WindOnshore−WindOffshore−Solar; 15min→1h resample),Energy-Charts / ENTSO-E de 2017-07-25 via https://api.energy-charts.info/public_power?country=de&start=2017-07-25&end=2017-07-29
DE,1,2017-07-25T01:00:00Z,35307.525,energy_charts_residual_load_minus_wind_solar (real 2017; Load−WindOnshore−WindOffshore−Solar; 15min→1h resample),Energy-Charts / ENTSO-E de 2017-07-25 via https://api.energy-charts.info/public_power?country=de&start=2017-07-25&end=2017-07-29
DE,2,2017-07-25T02:00:00Z,36196.425,energy_charts_residual_load_minus_wind_solar (real 2017; Load−WindOnshore−WindOffshore−Solar; 15min→1h resample),Energy-Charts / ENTSO-E de 2017-07-25 via https://api.energy-charts.info/public_power?country=de&start=2017-07-25&end=2017-07-29
DE,3,2017-07-25T03:00:00Z,39080.1,energy_charts_residual_load_minus_wind_solar (real 2017; Load−WindOnshore−WindOffshore−Solar; 15min→1h resample),Energy-Charts / ENTSO-E de 2017-07-25 via https://api.energy-charts.info/public_power?country=de&start=2017-07-25&end=2017-07-29
DE,4,2017-07-25T04:00:00Z,44809.725,energy_charts_residual_load_minus_wind_solar (real 2017; Load−WindOnshore−WindOffshore−Solar; 15min→1h resample),Energy-Charts / ENTSO-E de 2017-07-25 via https://api.energy-charts.info/public_power?country=de&start=2017-07-25&end=2017-07-29
DE,5,2017-07-25T05:00:00Z,49330.725,energy_charts_residual_load_minus_wind_solar (real 2017; Load−WindOnshore−WindOffshore−Solar; 15min→1h resample),Energy-Charts / ENTSO-E de 2017-07-25 via https://api.energy-charts.info/public_power?country=de&start=2017-07-25&end=2017-07-29
DE,6,2017-07-25T06:00:00Z,51801.275,energy_charts_residual_load_minus_wind_solar (real 2017; Load−WindOnshore−WindOffshore−Solar; 15min→1h resample),Energy-Charts / ENTSO-E de 2017-07-25 via https://api.energy-charts.info/public_power?country=de&start=2017-07-25&end=2017-07-29
DE,7,2017-07-25T07:00:00Z,51324.6,energy_charts_residual_load_minus_wind_solar (real 2017; Load−WindOnshore−WindOffshore−Solar; 15min→1h resample),Energy-Charts / ENTSO-E de 2017-07-25 via https://api.energy-charts.info/public_power?country=de&start=2017-07-25&end=2017-07-29
DE,8,2017-07-25T08:00:00Z,50714.05,energy_charts_residual_load_minus_wind_solar (real 2017; Load−WindOnshore−WindOffshore−Solar; 15min→1h resample),Energy-Charts / ENTSO-E de 2017-07-25 via https://api.energy-charts.info/public_power?country=de&start=2017-07-25&end=2017-07-29
DE,9,2017-07-25T09:00:00Z,49747.6,energy_charts_residual_load_minus_wind_solar (real 2017; Load−WindOnshore−WindOffshore−Solar; 15min→1h resample),Energy-Charts / ENTSO-E de 2017-07-25 via https://api.energy-charts.info/public_power?country=de&start=2017-07-25&end=2017-07-29
DE,10,2017-07-25T10:00:00Z,47183.375,energy_charts_residual_load_minus_wind_solar (real 2017; Load−WindOnshore−WindOffshore−Solar; 15min→1h resample),Energy-Charts / ENTSO-E de 2017-07-25 via https://api.energy-charts.info/public_power?country=de&start=2017-07-25&end=2017-07-29
DE,11,2017-07-25T11:00:00Z,45735.65,energy_charts_residual_load_minus_wind_solar (real 2017; Load−WindOnshore−WindOffshore−Solar; 15min→1h resample),Energy-Charts / ENTSO-E de 2017-07-25 via https://api.energy-charts.info/public_power?country=de&start=2017-07-25&end=2017-07-29
DE,12,2017-07-25T12:00:00Z,45374.875,energy_charts_residual_load_minus_wind_solar (real 2017; Load−WindOnshore−WindOffshore−Solar; 15min→1h resample),Energy-Charts / ENTSO-E de 2017-07-25 via https://api.energy-charts.info/public_power?country=de&start=2017-07-25&end=2017-07-29
DE,13,2017-07-25T13:00:00Z,44426.675,energy_charts_residual_load_minus_wind_solar (real 2017; Load−WindOnshore−WindOffshore−Solar; 15min→1h resample),Energy-Charts / ENTSO-E de 2017-07-25 via https://api.energy-charts.info/public_power?country=de&start=2017-07-25&end=2017-07-29
DE,14,2017-07-25T14:00:00Z,44256.875,energy_charts_residual_load_minus_wind_solar (real 2017; Load−WindOnshore−WindOffshore−Solar; 15min→1h resample),Energy-Charts / ENTSO-E de 2017-07-25 via https://api.energy-charts.info/public_power?country=de&start=2017-07-25&end=2017-07-29
DE,15,2017-07-25T15:00:00Z,44967.275,energy_charts_residual_load_minus_wind_solar (real 2017; Load−WindOnshore−WindOffshore−Solar; 15min→1h resample),Energy-Charts / ENTSO-E de 2017-07-25 via https://api.energy-charts.info/public_power?country=de&start=2017-07-25&end=2017-07-29
DE,16,2017-07-25T16:00:00Z,46150.225,energy_charts_residual_load_minus_wind_solar (real 2017; Load−WindOnshore−WindOffshore−Solar; 15min→1h resample),Energy-Charts / ENTSO-E de 2017-07-25 via https://api.energy-charts.info/public_power?country=de&start=2017-07-25&end=2017-07-29
DE,17,2017-07-25T17:00:00Z,46502.25,energy_charts_residual_load_minus_wind_solar (real 2017; Load−WindOnshore−WindOffshore−Solar; 15min→1h resample),Energy-Charts / ENTSO-E de 2017-07-25 via https://api.energy-charts.info/public_power?country=de&start=2017-07-25&end=2017-07-29
DE,18,2017-07-25T18:00:00Z,44541.05,energy_charts_residual_load_minus_wind_solar (real 2017; Load−WindOnshore−WindOffshore−Solar; 15min→1h resample),Energy-Charts / ENTSO-E de 2017-07-25 via https://api.energy-charts.info/public_power?country=de&start=2017-07-25&end=2017-07-29
DE,19,2017-07-25T19:00:00Z,42663.575,energy_charts_residual_load_minus_wind_solar (real 2017; Load−WindOnshore−WindOffshore−Solar; 15min→1h resample),Energy-Charts / ENTSO-E de 2017-07-25 via https://api.energy-charts.info/public_power?country=de&start=2017-07-25&end=2017-07-29
DE,20,2017-07-25T20:00:00Z,39563.95,energy_charts_residual_load_minus_wind_solar (real 2017; Load−WindOnshore−WindOffshore−Solar; 15min→1h resample),Energy-Charts / ENTSO-E de 2017-07-25 via https://api.energy-charts.info/public_power?country=de&start=2017-07-25&end=2017-07-29
DE,21,2017-07-25T21:00:00Z,36035.625,energy_charts_residual_load_minus_wind_solar (real 2017; Load−WindOnshore−WindOffshore−Solar; 15min→1h resample),Energy-Charts / ENTSO-E de 2017-07-25 via https://api.energy-charts.info/public_power?country=de&start=2017-07-25&end=2017-07-29
DE,22,2017-07-25T22:00:00Z,32642.7,energy_charts_residual_load_minus_wind_solar (real 2017; Load−WindOnshore−WindOffshore−Solar; 15min→1h resample),Energy-Charts / ENTSO-E de 2017-07-25 via https://api.energy-charts.info/public_power?country=de&start=2017-07-25&end=2017-07-29
DE,23,2017-07-25T23:00:00Z,31222.7,energy_charts_residual_load_minus_wind_solar (real 2017; Load−WindOnshore−WindOffshore−Solar; 15min→1h resample),Energy-Charts / ENTSO-E de 2017-07-25 via https://api.energy-charts.info/public_power?country=de&start=2017-07-25&end=2017-07-29
DE,24,2017-07-26T00:00:00Z,30353.325,energy_charts_residual_load_minus_wind_solar (real 2017; Load−WindOnshore−WindOffshore−Solar; 15min→1h resample),Energy-Charts / ENTSO-E de 2017-07-25 via https://api.energy-charts.info/public_power?country=de&start=2017-07-25&end=2017-07-29
DE,25,2017-07-26T01:00:00Z,30631.55,energy_charts_residual_load_minus_wind_solar (real 2017; Load−WindOnshore−WindOffshore−Solar; 15min→1h resample),Energy-Charts / ENTSO-E de 2017-07-25 via https://api.energy-charts.info/public_power?country=de&start=2017-07-25&end=2017-07-29
DE,26,2017-07-26T02:00:00Z,31789.95,energy_charts_residual_load_minus_wind_solar (real 2017; Load−WindOnshore−WindOffshore−Solar; 15min→1h resample),Energy-Charts / ENTSO-E de 2017-07-25 via https://api.energy-charts.info/public_power?country=de&start=2017-07-25&end=2017-07-29
DE,27,2017-07-26T03:00:00Z,34958.925,energy_charts_residual_load_minus_wind_solar (real 2017; Load−WindOnshore−WindOffshore−Solar; 15min→1h resample),Energy-Charts / ENTSO-E de 2017-07-25 via https://api.energy-charts.info/public_power?country=de&start=2017-07-25&end=2017-07-29
DE,28,2017-07-26T04:00:00Z,41295.425,energy_charts_residual_load_minus_wind_solar (real 2017; Load−WindOnshore−WindOffshore−Solar; 15min→1h resample),Energy-Charts / ENTSO-E de 2017-07-25 via https://api.energy-charts.info/public_power?country=de&start=2017-07-25&end=2017-07-29
DE,29,2017-07-26T05:00:00Z,46820.025,energy_charts_residual_load_minus_wind_solar (real 2017; Load−WindOnshore−WindOffshore−Solar; 15min→1h resample),Energy-Charts / ENTSO-E de 2017-07-25 via https://api.energy-charts.info/public_power?country=de&start=2017-07-25&end=2017-07-29
DE,30,2017-07-26T06:00:00Z,49992.375,energy_charts_residual_load_minus_wind_solar (real 2017; Load−WindOnshore−WindOffshore−Solar; 15min→1h resample),Energy-Charts / ENTSO-E de 2017-07-25 via https://api.energy-charts.info/public_power?country=de&start=2017-07-25&end=2017-07-29
DE,31,2017-07-26T07:00:00Z,50008.6,energy_charts_residual_load_minus_wind_solar (real 2017; Load−WindOnshore−WindOffshore−Solar; 15min→1h resample),Energy-Charts / ENTSO-E de 2017-07-25 via https://api.energy-charts.info/public_power?country=de&start=2017-07-25&end=2017-07-29
DE,32,2017-07-26T08:00:00Z,49938.375,energy_charts_residual_load_minus_wind_solar (real 2017; Load−WindOnshore−WindOffshore−Solar; 15min→1h resample),Energy-Charts / ENTSO-E de 2017-07-25 via https://api.energy-charts.info/public_power?country=de&start=2017-07-25&end=2017-07-29
DE,33,2017-07-26T09:00:00Z,50153.5,energy_charts_residual_load_minus_wind_solar (real 2017; Load−WindOnshore−WindOffshore−Solar; 15min→1h resample),Energy-Charts / ENTSO-E de 2017-07-25 via https://api.energy-charts.info/public_power?country=de&start=2017-07-25&end=2017-07-29
DE,34,2017-07-26T10:00:00Z,47996.575,energy_charts_residual_load_minus_wind_solar (real 2017; Load−WindOnshore−WindOffshore−Solar; 15min→1h resample),Energy-Charts / ENTSO-E de 2017-07-25 via https://api.energy-charts.info/public_power?country=de&start=2017-07-25&end=2017-07-29
DE,35,2017-07-26T11:00:00Z,46215.925,energy_charts_residual_load_minus_wind_solar (real 2017; Load−WindOnshore−WindOffshore−Solar; 15min→1h resample),Energy-Charts / ENTSO-E de 2017-07-25 via https://api.energy-charts.info/public_power?country=de&start=2017-07-25&end=2017-07-29
DE,36,2017-07-26T12:00:00Z,45220.2,energy_charts_residual_load_minus_wind_solar (real 2017; Load−WindOnshore−WindOffshore−Solar; 15min→1h resample),Energy-Charts / ENTSO-E de 2017-07-25 via https://api.energy-charts.info/public_power?country=de&start=2017-07-25&end=2017-07-29
DE,37,2017-07-26T13:00:00Z,45278.1,energy_charts_residual_load_minus_wind_solar (real 2017; Load−WindOnshore−WindOffshore−Solar; 15min→1h resample),Energy-Charts / ENTSO-E de 2017-07-25 via https://api.energy-charts.info/public_power?country=de&start=2017-07-25&end=2017-07-29
DE,38,2017-07-26T14:00:00Z,44830.15,energy_charts_residual_load_minus_wind_solar (real 2017; Load−WindOnshore−WindOffshore−Solar; 15min→1h resample),Energy-Charts / ENTSO-E de 2017-07-25 via https://api.energy-charts.info/public_power?country=de&start=2017-07-25&end=2017-07-29
DE,39,2017-07-26T15:00:00Z,46666.45,energy_charts_residual_load_minus_wind_solar (real 2017; Load−WindOnshore−WindOffshore−Solar; 15min→1h resample),Energy-Charts / ENTSO-E de 2017-07-25 via https://api.energy-charts.info/public_power?country=de&start=2017-07-25&end=2017-07-29
DE,40,2017-07-26T16:00:00Z,49359.5,energy_charts_residual_load_minus_wind_solar (real 2017; Load−WindOnshore−WindOffshore−Solar; 15min→1h resample),Energy-Charts / ENTSO-E de 2017-07-25 via https://api.energy-charts.info/public_power?country=de&start=2017-07-25&end=2017-07-29
DE,41,2017-07-26T17:00:00Z,51992.35,energy_charts_residual_load_minus_wind_solar (real 2017; Load−WindOnshore−WindOffshore−Solar; 15min→1h resample),Energy-Charts / ENTSO-E de 2017-07-25 via https://api.energy-charts.info/public_power?country=de&start=2017-07-25&end=2017-07-29
DE,42,2017-07-26T18:00:00Z,51456.625,energy_charts_residual_load_minus_wind_solar (real 2017; Load−WindOnshore−WindOffshore−Solar; 15min→1h resample),Energy-Charts / ENTSO-E de 2017-07-25 via https://api.energy-charts.info/public_power?country=de&start=2017-07-25&end=2017-07-29
DE,43,2017-07-26T19:00:00Z,50007.4,energy_charts_residual_load_minus_wind_solar (real 2017; Load−WindOnshore−WindOffshore−Solar; 15min→1h resample),Energy-Charts / ENTSO-E de 2017-07-25 via https://api.energy-charts.info/public_power?country=de&start=2017-07-25&end=2017-07-29
DE,44,2017-07-26T20:00:00Z,46894.825,energy_charts_residual_load_minus_wind_solar (real 2017; Load−WindOnshore−WindOffshore−Solar; 15min→1h resample),Energy-Charts / ENTSO-E de 2017-07-25 via https://api.energy-charts.info/public_power?country=de&start=2017-07-25&end=2017-07-29
DE,45,2017-07-26T21:00:00Z,41329.35,energy_charts_residual_load_minus_wind_solar (real 2017; Load−WindOnshore−WindOffshore−Solar; 15min→1h resample),Energy-Charts / ENTSO-E de 2017-07-25 via https://api.energy-charts.info/public_power?country=de&start=2017-07-25&end=2017-07-29
DE,46,2017-07-26T22:00:00Z,37107.675,energy_charts_residual_load_minus_wind_solar (real 2017; Load−WindOnshore−WindOffshore−Solar; 15min→1h resample),Energy-Charts / ENTSO-E de 2017-07-25 via https://api.energy-charts.info/public_power?country=de&start=2017-07-25&end=2017-07-29
DE,47,2017-07-26T23:00:00Z,34389.425,energy_charts_residual_load_minus_wind_solar (real 2017; Load−WindOnshore−WindOffshore−Solar; 15min→1h resample),Energy-Charts / ENTSO-E de 2017-07-25 via https://api.energy-charts.info/public_power?country=de&start=2017-07-25&end=2017-07-29
DE,48,2017-07-27T00:00:00Z,33186.425,energy_charts_residual_load_minus_wind_solar (real 2017; Load−WindOnshore−WindOffshore−Solar; 15min→1h resample),Energy-Charts / ENTSO-E de 2017-07-25 via https://api.energy-charts.info/public_power?country=de&start=2017-07-25&end=2017-07-29
DE,49,2017-07-27T01:00:00Z,33279.925,energy_charts_residual_load_minus_wind_solar (real 2017; Load−WindOnshore−WindOffshore−Solar; 15min→1h resample),Energy-Charts / ENTSO-E de 2017-07-25 via https://api.energy-charts.info/public_power?country=de&start=2017-07-25&end=2017-07-29
DE,50,2017-07-27T02:00:00Z,34134.725,energy_charts_residual_load_minus_wind_solar (real 2017; Load−WindOnshore−WindOffshore−Solar; 15min→1h resample),Energy-Charts / ENTSO-E de 2017-07-25 via https://api.energy-charts.info/public_power?country=de&start=2017-07-25&end=2017-07-29
DE,51,2017-07-27T03:00:00Z,37441.975,energy_charts_residual_load_minus_wind_solar (real 2017; Load−WindOnshore−WindOffshore−Solar; 15min→1h resample),Energy-Charts / ENTSO-E de 2017-07-25 via https://api.energy-charts.info/public_power?country=de&start=2017-07-25&end=2017-07-29
DE,52,2017-07-27T04:00:00Z,44606.95,energy_charts_residual_load_minus_wind_solar (real 2017; Load−WindOnshore−WindOffshore−Solar; 15min→1h resample),Energy-Charts / ENTSO-E de 2017-07-25 via https://api.energy-charts.info/public_power?country=de&start=2017-07-25&end=2017-07-29
DE,53,2017-07-27T05:00:00Z,50055.2,energy_charts_residual_load_minus_wind_solar (real 2017; Load−WindOnshore−WindOffshore−Solar; 15min→1h resample),Energy-Charts / ENTSO-E de 2017-07-25 via https://api.energy-charts.info/public_power?country=de&start=2017-07-25&end=2017-07-29
DE,54,2017-07-27T06:00:00Z,51677.225,energy_charts_residual_load_minus_wind_solar (real 2017; Load−WindOnshore−WindOffshore−Solar; 15min→1h resample),Energy-Charts / ENTSO-E de 2017-07-25 via https://api.energy-charts.info/public_power?country=de&start=2017-07-25&end=2017-07-29
DE,55,2017-07-27T07:00:00Z,50739.425,energy_charts_residual_load_minus_wind_solar (real 2017; Load−WindOnshore−WindOffshore−Solar; 15min→1h resample),Energy-Charts / ENTSO-E de 2017-07-25 via https://api.energy-charts.info/public_power?country=de&start=2017-07-25&end=2017-07-29
DE,56,2017-07-27T08:00:00Z,50365.45,energy_charts_residual_load_minus_wind_solar (real 2017; Load−WindOnshore−WindOffshore−Solar; 15min→1h resample),Energy-Charts / ENTSO-E de 2017-07-25 via https://api.energy-charts.info/public_power?country=de&start=2017-07-25&end=2017-07-29
DE,57,2017-07-27T09:00:00Z,50170.45,energy_charts_residual_load_minus_wind_solar (real 2017; Load−WindOnshore−WindOffshore−Solar; 15min→1h resample),Energy-Charts / ENTSO-E de 2017-07-25 via https://api.energy-charts.info/public_power?country=de&start=2017-07-25&end=2017-07-29
DE,58,2017-07-27T10:00:00Z,48702.375,energy_charts_residual_load_minus_wind_solar (real 2017; Load−WindOnshore−WindOffshore−Solar; 15min→1h resample),Energy-Charts / ENTSO-E de 2017-07-25 via https://api.energy-charts.info/public_power?country=de&start=2017-07-25&end=2017-07-29
DE,59,2017-07-27T11:00:00Z,47117.75,energy_charts_residual_load_minus_wind_solar (real 2017; Load−WindOnshore−WindOffshore−Solar; 15min→1h resample),Energy-Charts / ENTSO-E de 2017-07-25 via https://api.energy-charts.info/public_power?country=de&start=2017-07-25&end=2017-07-29
DE,60,2017-07-27T12:00:00Z,46235.2,energy_charts_residual_load_minus_wind_solar (real 2017; Load−WindOnshore−WindOffshore−Solar; 15min→1h resample),Energy-Charts / ENTSO-E de 2017-07-25 via https://api.energy-charts.info/public_power?country=de&start=2017-07-25&end=2017-07-29
DE,61,2017-07-27T13:00:00Z,46693.4,energy_charts_residual_load_minus_wind_solar (real 2017; Load−WindOnshore−WindOffshore−Solar; 15min→1h resample),Energy-Charts / ENTSO-E de 2017-07-25 via https://api.energy-charts.info/public_power?country=de&start=2017-07-25&end=2017-07-29
DE,62,2017-07-27T14:00:00Z,47094.15,energy_charts_residual_load_minus_wind_solar (real 2017; Load−WindOnshore−WindOffshore−Solar; 15min→1h resample),Energy-Charts / ENTSO-E de 2017-07-25 via https://api.energy-charts.info/public_power?country=de&start=2017-07-25&end=2017-07-29
DE,63,2017-07-27T15:00:00Z,49566.5,energy_charts_residual_load_minus_wind_solar (real 2017; Load−WindOnshore−WindOffshore−Solar; 15min→1h resample),Energy-Charts / ENTSO-E de 2017-07-25 via https://api.energy-charts.info/public_power?country=de&start=2017-07-25&end=2017-07-29
DE,64,2017-07-27T16:00:00Z,52283.35,energy_charts_residual_load_minus_wind_solar (real 2017; Load−WindOnshore−WindOffshore−Solar; 15min→1h resample),Energy-Charts / ENTSO-E de 2017-07-25 via https://api.energy-charts.info/public_power?country=de&start=2017-07-25&end=2017-07-29
DE,65,2017-07-27T17:00:00Z,54716.5,energy_charts_residual_load_minus_wind_solar (real 2017; Load−WindOnshore−WindOffshore−Solar; 15min→1h resample),Energy-Charts / ENTSO-E de 2017-07-25 via https://api.energy-charts.info/public_power?country=de&start=2017-07-25&end=2017-07-29
DE,66,2017-07-27T18:00:00Z,54346.825,energy_charts_residual_load_minus_wind_solar (real 2017; Load−WindOnshore−WindOffshore−Solar; 15min→1h resample),Energy-Charts / ENTSO-E de 2017-07-25 via https://api.energy-charts.info/public_power?country=de&start=2017-07-25&end=2017-07-29
DE,67,2017-07-27T19:00:00Z,52475.375,energy_charts_residual_load_minus_wind_solar (real 2017; Load−WindOnshore−WindOffshore−Solar; 15min→1h resample),Energy-Charts / ENTSO-E de 2017-07-25 via https://api.energy-charts.info/public_power?country=de&start=2017-07-25&end=2017-07-29
DE,68,2017-07-27T20:00:00Z,49137.45,energy_charts_residual_load_minus_wind_solar (real 2017; Load−WindOnshore−WindOffshore−Solar; 15min→1h resample),Energy-Charts / ENTSO-E de 2017-07-25 via https://api.energy-charts.info/public_power?country=de&start=2017-07-25&end=2017-07-29
DE,69,2017-07-27T21:00:00Z,44327.925,energy_charts_residual_load_minus_wind_solar (real 2017; Load−WindOnshore−WindOffshore−Solar; 15min→1h resample),Energy-Charts / ENTSO-E de 2017-07-25 via https://api.energy-charts.info/public_power?country=de&start=2017-07-25&end=2017-07-29
DE,70,2017-07-27T22:00:00Z,39852.0,energy_charts_residual_load_minus_wind_solar (real 2017; Load−WindOnshore−WindOffshore−Solar; 15min→1h resample),Energy-Charts / ENTSO-E de 2017-07-25 via https://api.energy-charts.info/public_power?country=de&start=2017-07-25&end=2017-07-29
DE,71,2017-07-27T23:00:00Z,37620.425,energy_charts_residual_load_minus_wind_solar (real 2017; Load−WindOnshore−WindOffshore−Solar; 15min→1h resample),Energy-Charts / ENTSO-E de 2017-07-25 via https://api.energy-charts.info/public_power?country=de&start=2017-07-25&end=2017-07-29
DE,72,2017-07-28T00:00:00Z,36407.175,energy_charts_residual_load_minus_wind_solar (real 2017; Load−WindOnshore−WindOffshore−Solar; 15min→1h resample),Energy-Charts / ENTSO-E de 2017-07-25 via https://api.energy-charts.info/public_power?country=de&start=2017-07-25&end=2017-07-29
DE,73,2017-07-28T01:00:00Z,35655.375,energy_charts_residual_load_minus_wind_solar (real 2017; Load−WindOnshore−WindOffshore−Solar; 15min→1h resample),Energy-Charts / ENTSO-E de 2017-07-25 via https://api.energy-charts.info/public_power?country=de&start=2017-07-25&end=2017-07-29
DE,74,2017-07-28T02:00:00Z,36100.05,energy_charts_residual_load_minus_wind_solar (real 2017; Load−WindOnshore−WindOffshore−Solar; 15min→1h resample),Energy-Charts / ENTSO-E de 2017-07-25 via https://api.energy-charts.info/public_power?country=de&start=2017-07-25&end=2017-07-29
DE,75,2017-07-28T03:00:00Z,38449.8,energy_charts_residual_load_minus_wind_solar (real 2017; Load−WindOnshore−WindOffshore−Solar; 15min→1h resample),Energy-Charts / ENTSO-E de 2017-07-25 via https://api.energy-charts.info/public_power?country=de&start=2017-07-25&end=2017-07-29
DE,76,2017-07-28T04:00:00Z,43415.625,energy_charts_residual_load_minus_wind_solar (real 2017; Load−WindOnshore−WindOffshore−Solar; 15min→1h resample),Energy-Charts / ENTSO-E de 2017-07-25 via https://api.energy-charts.info/public_power?country=de&start=2017-07-25&end=2017-07-29
DE,77,2017-07-28T05:00:00Z,47783.675,energy_charts_residual_load_minus_wind_solar (real 2017; Load−WindOnshore−WindOffshore−Solar; 15min→1h resample),Energy-Charts / ENTSO-E de 2017-07-25 via https://api.energy-charts.info/public_power?country=de&start=2017-07-25&end=2017-07-29
DE,78,2017-07-28T06:00:00Z,47431.675,energy_charts_residual_load_minus_wind_solar (real 2017; Load−WindOnshore−WindOffshore−Solar; 15min→1h resample),Energy-Charts / ENTSO-E de 2017-07-25 via https://api.energy-charts.info/public_power?country=de&start=2017-07-25&end=2017-07-29
DE,79,2017-07-28T07:00:00Z,42880.0,energy_charts_residual_load_minus_wind_solar (real 2017; Load−WindOnshore−WindOffshore−Solar; 15min→1h resample),Energy-Charts / ENTSO-E de 2017-07-25 via https://api.energy-charts.info/public_power?country=de&start=2017-07-25&end=2017-07-29
DE,80,2017-07-28T08:00:00Z,38514.775,energy_charts_residual_load_minus_wind_solar (real 2017; Load−WindOnshore−WindOffshore−Solar; 15min→1h resample),Energy-Charts / ENTSO-E de 2017-07-25 via https://api.energy-charts.info/public_power?country=de&start=2017-07-25&end=2017-07-29
DE,81,2017-07-28T09:00:00Z,34194.0,energy_charts_residual_load_minus_wind_solar (real 2017; Load−WindOnshore−WindOffshore−Solar; 15min→1h resample),Energy-Charts / ENTSO-E de 2017-07-25 via https://api.energy-charts.info/public_power?country=de&start=2017-07-25&end=2017-07-29
DE,82,2017-07-28T10:00:00Z,30597.475,energy_charts_residual_load_minus_wind_solar (real 2017; Load−WindOnshore−WindOffshore−Solar; 15min→1h resample),Energy-Charts / ENTSO-E de 2017-07-25 via https://api.energy-charts.info/public_power?country=de&start=2017-07-25&end=2017-07-29
DE,83,2017-07-28T11:00:00Z,28369.25,energy_charts_residual_load_minus_wind_solar (real 2017; Load−WindOnshore−WindOffshore−Solar; 15min→1h resample),Energy-Charts / ENTSO-E de 2017-07-25 via https://api.energy-charts.info/public_power?country=de&start=2017-07-25&end=2017-07-29
DE,84,2017-07-28T12:00:00Z,26568.075,energy_charts_residual_load_minus_wind_solar (real 2017; Load−WindOnshore−WindOffshore−Solar; 15min→1h resample),Energy-Charts / ENTSO-E de 2017-07-25 via https://api.energy-charts.info/public_power?country=de&start=2017-07-25&end=2017-07-29
DE,85,2017-07-28T13:00:00Z,27078.5,energy_charts_residual_load_minus_wind_solar (real 2017; Load−WindOnshore−WindOffshore−Solar; 15min→1h resample),Energy-Charts / ENTSO-E de 2017-07-25 via https://api.energy-charts.info/public_power?country=de&start=2017-07-25&end=2017-07-29
DE,86,2017-07-28T14:00:00Z,28663.325,energy_charts_residual_load_minus_wind_solar (real 2017; Load−WindOnshore−WindOffshore−Solar; 15min→1h resample),Energy-Charts / ENTSO-E de 2017-07-25 via https://api.energy-charts.info/public_power?country=de&start=2017-07-25&end=2017-07-29
DE,87,2017-07-28T15:00:00Z,32822.925,energy_charts_residual_load_minus_wind_solar (real 2017; Load−WindOnshore−WindOffshore−Solar; 15min→1h resample),Energy-Charts / ENTSO-E de 2017-07-25 via https://api.energy-charts.info/public_power?country=de&start=2017-07-25&end=2017-07-29
DE,88,2017-07-28T16:00:00Z,38505.825,energy_charts_residual_load_minus_wind_solar (real 2017; Load−WindOnshore−WindOffshore−Solar; 15min→1h resample),Energy-Charts / ENTSO-E de 2017-07-25 via https://api.energy-charts.info/public_power?country=de&start=2017-07-25&end=2017-07-29
DE,89,2017-07-28T17:00:00Z,43682.7,energy_charts_residual_load_minus_wind_solar (real 2017; Load−WindOnshore−WindOffshore−Solar; 15min→1h resample),Energy-Charts / ENTSO-E de 2017-07-25 via https://api.energy-charts.info/public_power?country=de&start=2017-07-25&end=2017-07-29
DE,90,2017-07-28T18:00:00Z,45626.125,energy_charts_residual_load_minus_wind_solar (real 2017; Load−WindOnshore−WindOffshore−Solar; 15min→1h resample),Energy-Charts / ENTSO-E de 2017-07-25 via https://api.energy-charts.info/public_power?country=de&start=2017-07-25&end=2017-07-29
DE,91,2017-07-28T19:00:00Z,44835.325,energy_charts_residual_load_minus_wind_solar (real 2017; Load−WindOnshore−WindOffshore−Solar; 15min→1h resample),Energy-Charts / ENTSO-E de 2017-07-25 via https://api.energy-charts.info/public_power?country=de&start=2017-07-25&end=2017-07-29
DE,92,2017-07-28T20:00:00Z,42715.275,energy_charts_residual_load_minus_wind_solar (real 2017; Load−WindOnshore−WindOffshore−Solar; 15min→1h resample),Energy-Charts / ENTSO-E de 2017-07-25 via https://api.energy-charts.info/public_power?country=de&start=2017-07-25&end=2017-07-29
DE,93,2017-07-28T21:00:00Z,38340.775,energy_charts_residual_load_minus_wind_solar (real 2017; Load−WindOnshore−WindOffshore−Solar; 15min→1h resample),Energy-Charts / ENTSO-E de 2017-07-25 via https://api.energy-charts.info/public_power?country=de&start=2017-07-25&end=2017-07-29
DE,94,2017-07-28T22:00:00Z,34804.35,energy_charts_residual_load_minus_wind_solar (real 2017; Load−WindOnshore−WindOffshore−Solar; 15min→1h resample),Energy-Charts / ENTSO-E de 2017-07-25 via https://api.energy-charts.info/public_power?country=de&start=2017-07-25&end=2017-07-29
DE,95,2017-07-28T23:00:00Z,31725.0,energy_charts_residual_load_minus_wind_solar (real 2017; Load−WindOnshore−WindOffshore−Solar; 15min→1h resample),Energy-Charts / ENTSO-E de 2017-07-25 via https://api.energy-charts.info/public_power?country=de&start=2017-07-25&end=2017-07-29
FR,0,2017-07-25T00:00:00Z,37107.0,energy_charts_residual_load_minus_wind_solar (real 2017; Load−WindOnshore−WindOffshore−Solar; 60min→1h resample) [absent treated as 0 MW: ['Wind offshore']],Energy-Charts / ENTSO-E fr 2017-07-25 via https://api.energy-charts.info/public_power?country=fr&start=2017-07-25&end=2017-07-29
FR,1,2017-07-25T01:00:00Z,35129.0,energy_charts_residual_load_minus_wind_solar (real 2017; Load−WindOnshore−WindOffshore−Solar; 60min→1h resample) [absent treated as 0 MW: ['Wind offshore']],Energy-Charts / ENTSO-E fr 2017-07-25 via https://api.energy-charts.info/public_power?country=fr&start=2017-07-25&end=2017-07-29
FR,2,2017-07-25T02:00:00Z,34661.0,energy_charts_residual_load_minus_wind_solar (real 2017; Load−WindOnshore−WindOffshore−Solar; 60min→1h resample) [absent treated as 0 MW: ['Wind offshore']],Energy-Charts / ENTSO-E fr 2017-07-25 via https://api.energy-charts.info/public_power?country=fr&start=2017-07-25&end=2017-07-29
FR,3,2017-07-25T03:00:00Z,36457.0,energy_charts_residual_load_minus_wind_solar (real 2017; Load−WindOnshore−WindOffshore−Solar; 60min→1h resample) [absent treated as 0 MW: ['Wind offshore']],Energy-Charts / ENTSO-E fr 2017-07-25 via https://api.energy-charts.info/public_power?country=fr&start=2017-07-25&end=2017-07-29
FR,4,2017-07-25T04:00:00Z,38941.0,energy_charts_residual_load_minus_wind_solar (real 2017; Load−WindOnshore−WindOffshore−Solar; 60min→1h resample) [absent treated as 0 MW: ['Wind offshore']],Energy-Charts / ENTSO-E fr 2017-07-25 via https://api.energy-charts.info/public_power?country=fr&start=2017-07-25&end=2017-07-29
FR,5,2017-07-25T05:00:00Z,42410.0,energy_charts_residual_load_minus_wind_solar (real 2017; Load−WindOnshore−WindOffshore−Solar; 60min→1h resample) [absent treated as 0 MW: ['Wind offshore']],Energy-Charts / ENTSO-E fr 2017-07-25 via https://api.energy-charts.info/public_power?country=fr&start=2017-07-25&end=2017-07-29
FR,6,2017-07-25T06:00:00Z,45744.0,energy_charts_residual_load_minus_wind_solar (real 2017; Load−WindOnshore−WindOffshore−Solar; 60min→1h resample) [absent treated as 0 MW: ['Wind offshore']],Energy-Charts / ENTSO-E fr 2017-07-25 via https://api.energy-charts.info/public_power?country=fr&start=2017-07-25&end=2017-07-29
FR,7,2017-07-25T07:00:00Z,47430.0,energy_charts_residual_load_minus_wind_solar (real 2017; Load−WindOnshore−WindOffshore−Solar; 60min→1h resample) [absent treated as 0 MW: ['Wind offshore']],Energy-Charts / ENTSO-E fr 2017-07-25 via https://api.energy-charts.info/public_power?country=fr&start=2017-07-25&end=2017-07-29
FR,8,2017-07-25T08:00:00Z,48102.0,energy_charts_residual_load_minus_wind_solar (real 2017; Load−WindOnshore−WindOffshore−Solar; 60min→1h resample) [absent treated as 0 MW: ['Wind offshore']],Energy-Charts / ENTSO-E fr 2017-07-25 via https://api.energy-charts.info/public_power?country=fr&start=2017-07-25&end=2017-07-29
FR,9,2017-07-25T09:00:00Z,48411.0,energy_charts_residual_load_minus_wind_solar (real 2017; Load−WindOnshore−WindOffshore−Solar; 60min→1h resample) [absent treated as 0 MW: ['Wind offshore']],Energy-Charts / ENTSO-E fr 2017-07-25 via https://api.energy-charts.info/public_power?country=fr&start=2017-07-25&end=2017-07-29
FR,10,2017-07-25T10:00:00Z,48486.0,energy_charts_residual_load_minus_wind_solar (real 2017; Load−WindOnshore−WindOffshore−Solar; 60min→1h resample) [absent treated as 0 MW: ['Wind offshore']],Energy-Charts / ENTSO-E fr 2017-07-25 via https://api.energy-charts.info/public_power?country=fr&start=2017-07-25&end=2017-07-29
FR,11,2017-07-25T11:00:00Z,47051.0,energy_charts_residual_load_minus_wind_solar (real 2017; Load−WindOnshore−WindOffshore−Solar; 60min→1h resample) [absent treated as 0 MW: ['Wind offshore']],Energy-Charts / ENTSO-E fr 2017-07-25 via https://api.energy-charts.info/public_power?country=fr&start=2017-07-25&end=2017-07-29
FR,12,2017-07-25T12:00:00Z,46035.0,energy_charts_residual_load_minus_wind_solar (real 2017; Load−WindOnshore−WindOffshore−Solar; 60min→1h resample) [absent treated as 0 MW: ['Wind offshore']],Energy-Charts / ENTSO-E fr 2017-07-25 via https://api.energy-charts.info/public_power?country=fr&start=2017-07-25&end=2017-07-29
FR,13,2017-07-25T13:00:00Z,44440.0,energy_charts_residual_load_minus_wind_solar (real 2017; Load−WindOnshore−WindOffshore−Solar; 60min→1h resample) [absent treated as 0 MW: ['Wind offshore']],Energy-Charts / ENTSO-E fr 2017-07-25 via https://api.energy-charts.info/public_power?country=fr&start=2017-07-25&end=2017-07-29
FR,14,2017-07-25T14:00:00Z,43032.0,energy_charts_residual_load_minus_wind_solar (real 2017; Load−WindOnshore−WindOffshore−Solar; 60min→1h resample) [absent treated as 0 MW: ['Wind offshore']],Energy-Charts / ENTSO-E fr 2017-07-25 via https://api.energy-charts.info/public_power?country=fr&start=2017-07-25&end=2017-07-29
FR,15,2017-07-25T15:00:00Z,42398.0,energy_charts_residual_load_minus_wind_solar (real 2017; Load−WindOnshore−WindOffshore−Solar; 60min→1h resample) [absent treated as 0 MW: ['Wind offshore']],Energy-Charts / ENTSO-E fr 2017-07-25 via https://api.energy-charts.info/public_power?country=fr&start=2017-07-25&end=2017-07-29
FR,16,2017-07-25T16:00:00Z,43766.0,energy_charts_residual_load_minus_wind_solar (real 2017; Load−WindOnshore−WindOffshore−Solar; 60min→1h resample) [absent treated as 0 MW: ['Wind offshore']],Energy-Charts / ENTSO-E fr 2017-07-25 via https://api.energy-charts.info/public_power?country=fr&start=2017-07-25&end=2017-07-29
FR,17,2017-07-25T17:00:00Z,44715.0,energy_charts_residual_load_minus_wind_solar (real 2017; Load−WindOnshore−WindOffshore−Solar; 60min→1h resample) [absent treated as 0 MW: ['Wind offshore']],Energy-Charts / ENTSO-E fr 2017-07-25 via https://api.energy-charts.info/public_power?country=fr&start=2017-07-25&end=2017-07-29
FR,18,2017-07-25T18:00:00Z,43418.0,energy_charts_residual_load_minus_wind_solar (real 2017; Load−WindOnshore−WindOffshore−Solar; 60min→1h resample) [absent treated as 0 MW: ['Wind offshore']],Energy-Charts / ENTSO-E fr 2017-07-25 via https://api.energy-charts.info/public_power?country=fr&start=2017-07-25&end=2017-07-29
FR,19,2017-07-25T19:00:00Z,42919.0,energy_charts_residual_load_minus_wind_solar (real 2017; Load−WindOnshore−WindOffshore−Solar; 60min→1h resample) [absent treated as 0 MW: ['Wind offshore']],Energy-Charts / ENTSO-E fr 2017-07-25 via https://api.energy-charts.info/public_power?country=fr&start=2017-07-25&end=2017-07-29
FR,20,2017-07-25T20:00:00Z,45610.0,energy_charts_residual_load_minus_wind_solar (real 2017; Load−WindOnshore−WindOffshore−Solar; 60min→1h resample) [absent treated as 0 MW: ['Wind offshore']],Energy-Charts / ENTSO-E fr 2017-07-25 via https://api.energy-charts.info/public_power?country=fr&start=2017-07-25&end=2017-07-29
FR,21,2017-07-25T21:00:00Z,46448.0,energy_charts_residual_load_minus_wind_solar (real 2017; Load−WindOnshore−WindOffshore−Solar; 60min→1h resample) [absent treated as 0 MW: ['Wind offshore']],Energy-Charts / ENTSO-E fr 2017-07-25 via https://api.energy-charts.info/public_power?country=fr&start=2017-07-25&end=2017-07-29
FR,22,2017-07-25T22:00:00Z,42427.0,energy_charts_residual_load_minus_wind_solar (real 2017; Load−WindOnshore−WindOffshore−Solar; 60min→1h resample) [absent treated as 0 MW: ['Wind offshore']],Energy-Charts / ENTSO-E fr 2017-07-25 via https://api.energy-charts.info/public_power?country=fr&start=2017-07-25&end=2017-07-29
FR,23,2017-07-25T23:00:00Z,39240.0,energy_charts_residual_load_minus_wind_solar (real 2017; Load−WindOnshore−WindOffshore−Solar; 60min→1h resample) [absent treated as 0 MW: ['Wind offshore']],Energy-Charts / ENTSO-E fr 2017-07-25 via https://api.energy-charts.info/public_power?country=fr&start=2017-07-25&end=2017-07-29
FR,24,2017-07-26T00:00:00Z,37672.0,energy_charts_residual_load_minus_wind_solar (real 2017; Load−WindOnshore−WindOffshore−Solar; 60min→1h resample) [absent treated as 0 MW: ['Wind offshore']],Energy-Charts / ENTSO-E fr 2017-07-25 via https://api.energy-charts.info/public_power?country=fr&start=2017-07-25&end=2017-07-29
FR,25,2017-07-26T01:00:00Z,35682.0,energy_charts_residual_load_minus_wind_solar (real 2017; Load−WindOnshore−WindOffshore−Solar; 60min→1h resample) [absent treated as 0 MW: ['Wind offshore']],Energy-Charts / ENTSO-E fr 2017-07-25 via https://api.energy-charts.info/public_power?country=fr&start=2017-07-25&end=2017-07-29
FR,26,2017-07-26T02:00:00Z,35474.0,energy_charts_residual_load_minus_wind_solar (real 2017; Load−WindOnshore−WindOffshore−Solar; 60min→1h resample) [absent treated as 0 MW: ['Wind offshore']],Energy-Charts / ENTSO-E fr 2017-07-25 via https://api.energy-charts.info/public_power?country=fr&start=2017-07-25&end=2017-07-29
FR,27,2017-07-26T03:00:00Z,37299.0,energy_charts_residual_load_minus_wind_solar (real 2017; Load−WindOnshore−WindOffshore−Solar; 60min→1h resample) [absent treated as 0 MW: ['Wind offshore']],Energy-Charts / ENTSO-E fr 2017-07-25 via https://api.energy-charts.info/public_power?country=fr&start=2017-07-25&end=2017-07-29
FR,28,2017-07-26T04:00:00Z,39659.0,energy_charts_residual_load_minus_wind_solar (real 2017; Load−WindOnshore−WindOffshore−Solar; 60min→1h resample) [absent treated as 0 MW: ['Wind offshore']],Energy-Charts / ENTSO-E fr 2017-07-25 via https://api.energy-charts.info/public_power?country=fr&start=2017-07-25&end=2017-07-29
FR,29,2017-07-26T05:00:00Z,43042.0,energy_charts_residual_load_minus_wind_solar (real 2017; Load−WindOnshore−WindOffshore−Solar; 60min→1h resample) [absent treated as 0 MW: ['Wind offshore']],Energy-Charts / ENTSO-E fr 2017-07-25 via https://api.energy-charts.info/public_power?country=fr&start=2017-07-25&end=2017-07-29
FR,30,2017-07-26T06:00:00Z,46080.0,energy_charts_residual_load_minus_wind_solar (real 2017; Load−WindOnshore−WindOffshore−Solar; 60min→1h resample) [absent treated as 0 MW: ['Wind offshore']],Energy-Charts / ENTSO-E fr 2017-07-25 via https://api.energy-charts.info/public_power?country=fr&start=2017-07-25&end=2017-07-29
FR,31,2017-07-26T07:00:00Z,47489.0,energy_charts_residual_load_minus_wind_solar (real 2017; Load−WindOnshore−WindOffshore−Solar; 60min→1h resample) [absent treated as 0 MW: ['Wind offshore']],Energy-Charts / ENTSO-E fr 2017-07-25 via https://api.energy-charts.info/public_power?country=fr&start=2017-07-25&end=2017-07-29
FR,32,2017-07-26T08:00:00Z,47775.0,energy_charts_residual_load_minus_wind_solar (real 2017; Load−WindOnshore−WindOffshore−Solar; 60min→1h resample) [absent treated as 0 MW: ['Wind offshore']],Energy-Charts / ENTSO-E fr 2017-07-25 via https://api.energy-charts.info/public_power?country=fr&start=2017-07-25&end=2017-07-29
FR,33,2017-07-26T09:00:00Z,48022.0,energy_charts_residual_load_minus_wind_solar (real 2017; Load−WindOnshore−WindOffshore−Solar; 60min→1h resample) [absent treated as 0 MW: ['Wind offshore']],Energy-Charts / ENTSO-E fr 2017-07-25 via https://api.energy-charts.info/public_power?country=fr&start=2017-07-25&end=2017-07-29
FR,34,2017-07-26T10:00:00Z,48004.0,energy_charts_residual_load_minus_wind_solar (real 2017; Load−WindOnshore−WindOffshore−Solar; 60min→1h resample) [absent treated as 0 MW: ['Wind offshore']],Energy-Charts / ENTSO-E fr 2017-07-25 via https://api.energy-charts.info/public_power?country=fr&start=2017-07-25&end=2017-07-29
FR,35,2017-07-26T11:00:00Z,46452.0,energy_charts_residual_load_minus_wind_solar (real 2017; Load−WindOnshore−WindOffshore−Solar; 60min→1h resample) [absent treated as 0 MW: ['Wind offshore']],Energy-Charts / ENTSO-E fr 2017-07-25 via https://api.energy-charts.info/public_power?country=fr&start=2017-07-25&end=2017-07-29
FR,36,2017-07-26T12:00:00Z,45563.0,energy_charts_residual_load_minus_wind_solar (real 2017; Load−WindOnshore−WindOffshore−Solar; 60min→1h resample) [absent treated as 0 MW: ['Wind offshore']],Energy-Charts / ENTSO-E fr 2017-07-25 via https://api.energy-charts.info/public_power?country=fr&start=2017-07-25&end=2017-07-29
FR,37,2017-07-26T13:00:00Z,44082.0,energy_charts_residual_load_minus_wind_solar (real 2017; Load−WindOnshore−WindOffshore−Solar; 60min→1h resample) [absent treated as 0 MW: ['Wind offshore']],Energy-Charts / ENTSO-E fr 2017-07-25 via https://api.energy-charts.info/public_power?country=fr&start=2017-07-25&end=2017-07-29
FR,38,2017-07-26T14:00:00Z,43113.0,energy_charts_residual_load_minus_wind_solar (real 2017; Load−WindOnshore−WindOffshore−Solar; 60min→1h resample) [absent treated as 0 MW: ['Wind offshore']],Energy-Charts / ENTSO-E fr 2017-07-25 via https://api.energy-charts.info/public_power?country=fr&start=2017-07-25&end=2017-07-29
FR,39,2017-07-26T15:00:00Z,42770.0,energy_charts_residual_load_minus_wind_solar (real 2017; Load−WindOnshore−WindOffshore−Solar; 60min→1h resample) [absent treated as 0 MW: ['Wind offshore']],Energy-Charts / ENTSO-E fr 2017-07-25 via https://api.energy-charts.info/public_power?country=fr&start=2017-07-25&end=2017-07-29
FR,40,2017-07-26T16:00:00Z,44174.0,energy_charts_residual_load_minus_wind_solar (real 2017; Load−WindOnshore−WindOffshore−Solar; 60min→1h resample) [absent treated as 0 MW: ['Wind offshore']],Energy-Charts / ENTSO-E fr 2017-07-25 via https://api.energy-charts.info/public_power?country=fr&start=2017-07-25&end=2017-07-29
FR,41,2017-07-26T17:00:00Z,45364.0,energy_charts_residual_load_minus_wind_solar (real 2017; Load−WindOnshore−WindOffshore−Solar; 60min→1h resample) [absent treated as 0 MW: ['Wind offshore']],Energy-Charts / ENTSO-E fr 2017-07-25 via https://api.energy-charts.info/public_power?country=fr&start=2017-07-25&end=2017-07-29
FR,42,2017-07-26T18:00:00Z,44009.0,energy_charts_residual_load_minus_wind_solar (real 2017; Load−WindOnshore−WindOffshore−Solar; 60min→1h resample) [absent treated as 0 MW: ['Wind offshore']],Energy-Charts / ENTSO-E fr 2017-07-25 via https://api.energy-charts.info/public_power?country=fr&start=2017-07-25&end=2017-07-29
FR,43,2017-07-26T19:00:00Z,43282.0,energy_charts_residual_load_minus_wind_solar (real 2017; Load−WindOnshore−WindOffshore−Solar; 60min→1h resample) [absent treated as 0 MW: ['Wind offshore']],Energy-Charts / ENTSO-E fr 2017-07-25 via https://api.energy-charts.info/public_power?country=fr&start=2017-07-25&end=2017-07-29
FR,44,2017-07-26T20:00:00Z,45622.0,energy_charts_residual_load_minus_wind_solar (real 2017; Load−WindOnshore−WindOffshore−Solar; 60min→1h resample) [absent treated as 0 MW: ['Wind offshore']],Energy-Charts / ENTSO-E fr 2017-07-25 via https://api.energy-charts.info/public_power?country=fr&start=2017-07-25&end=2017-07-29
FR,45,2017-07-26T21:00:00Z,46271.0,energy_charts_residual_load_minus_wind_solar (real 2017; Load−WindOnshore−WindOffshore−Solar; 60min→1h resample) [absent treated as 0 MW: ['Wind offshore']],Energy-Charts / ENTSO-E fr 2017-07-25 via https://api.energy-charts.info/public_power?country=fr&start=2017-07-25&end=2017-07-29
FR,46,2017-07-26T22:00:00Z,42115.0,energy_charts_residual_load_minus_wind_solar (real 2017; Load−WindOnshore−WindOffshore−Solar; 60min→1h resample) [absent treated as 0 MW: ['Wind offshore']],Energy-Charts / ENTSO-E fr 2017-07-25 via https://api.energy-charts.info/public_power?country=fr&start=2017-07-25&end=2017-07-29
FR,47,2017-07-26T23:00:00Z,38645.0,energy_charts_residual_load_minus_wind_solar (real 2017; Load−WindOnshore−WindOffshore−Solar; 60min→1h resample) [absent treated as 0 MW: ['Wind offshore']],Energy-Charts / ENTSO-E fr 2017-07-25 via https://api.energy-charts.info/public_power?country=fr&start=2017-07-25&end=2017-07-29
FR,48,2017-07-27T00:00:00Z,37035.0,energy_charts_residual_load_minus_wind_solar (real 2017; Load−WindOnshore−WindOffshore−Solar; 60min→1h resample) [absent treated as 0 MW: ['Wind offshore']],Energy-Charts / ENTSO-E fr 2017-07-25 via https://api.energy-charts.info/public_power?country=fr&start=2017-07-25&end=2017-07-29
FR,49,2017-07-27T01:00:00Z,35271.0,energy_charts_residual_load_minus_wind_solar (real 2017; Load−WindOnshore−WindOffshore−Solar; 60min→1h resample) [absent treated as 0 MW: ['Wind offshore']],Energy-Charts / ENTSO-E fr 2017-07-25 via https://api.energy-charts.info/public_power?country=fr&start=2017-07-25&end=2017-07-29
FR,50,2017-07-27T02:00:00Z,34904.0,energy_charts_residual_load_minus_wind_solar (real 2017; Load−WindOnshore−WindOffshore−Solar; 60min→1h resample) [absent treated as 0 MW: ['Wind offshore']],Energy-Charts / ENTSO-E fr 2017-07-25 via https://api.energy-charts.info/public_power?country=fr&start=2017-07-25&end=2017-07-29
FR,51,2017-07-27T03:00:00Z,36770.0,energy_charts_residual_load_minus_wind_solar (real 2017; Load−WindOnshore−WindOffshore−Solar; 60min→1h resample) [absent treated as 0 MW: ['Wind offshore']],Energy-Charts / ENTSO-E fr 2017-07-25 via https://api.energy-charts.info/public_power?country=fr&start=2017-07-25&end=2017-07-29
FR,52,2017-07-27T04:00:00Z,39201.0,energy_charts_residual_load_minus_wind_solar (real 2017; Load−WindOnshore−WindOffshore−Solar; 60min→1h resample) [absent treated as 0 MW: ['Wind offshore']],Energy-Charts / ENTSO-E fr 2017-07-25 via https://api.energy-charts.info/public_power?country=fr&start=2017-07-25&end=2017-07-29
FR,53,2017-07-27T05:00:00Z,42624.0,energy_charts_residual_load_minus_wind_solar (real 2017; Load−WindOnshore−WindOffshore−Solar; 60min→1h resample) [absent treated as 0 MW: ['Wind offshore']],Energy-Charts / ENTSO-E fr 2017-07-25 via https://api.energy-charts.info/public_power?country=fr&start=2017-07-25&end=2017-07-29
FR,54,2017-07-27T06:00:00Z,45951.0,energy_charts_residual_load_minus_wind_solar (real 2017; Load−WindOnshore−WindOffshore−Solar; 60min→1h resample) [absent treated as 0 MW: ['Wind offshore']],Energy-Charts / ENTSO-E fr 2017-07-25 via https://api.energy-charts.info/public_power?country=fr&start=2017-07-25&end=2017-07-29
FR,55,2017-07-27T07:00:00Z,47692.0,energy_charts_residual_load_minus_wind_solar (real 2017; Load−WindOnshore−WindOffshore−Solar; 60min→1h resample) [absent treated as 0 MW: ['Wind offshore']],Energy-Charts / ENTSO-E fr 2017-07-25 via https://api.energy-charts.info/public_power?country=fr&start=2017-07-25&end=2017-07-29
FR,56,2017-07-27T08:00:00Z,48276.0,energy_charts_residual_load_minus_wind_solar (real 2017; Load−WindOnshore−WindOffshore−Solar; 60min→1h resample) [absent treated as 0 MW: ['Wind offshore']],Energy-Charts / ENTSO-E fr 2017-07-25 via https://api.energy-charts.info/public_power?country=fr&start=2017-07-25&end=2017-07-29
FR,57,2017-07-27T09:00:00Z,48359.0,energy_charts_residual_load_minus_wind_solar (real 2017; Load−WindOnshore−WindOffshore−Solar; 60min→1h resample) [absent treated as 0 MW: ['Wind offshore']],Energy-Charts / ENTSO-E fr 2017-07-25 via https://api.energy-charts.info/public_power?country=fr&start=2017-07-25&end=2017-07-29
FR,58,2017-07-27T10:00:00Z,48099.0,energy_charts_residual_load_minus_wind_solar (real 2017; Load−WindOnshore−WindOffshore−Solar; 60min→1h resample) [absent treated as 0 MW: ['Wind offshore']],Energy-Charts / ENTSO-E fr 2017-07-25 via https://api.energy-charts.info/public_power?country=fr&start=2017-07-25&end=2017-07-29
FR,59,2017-07-27T11:00:00Z,46486.0,energy_charts_residual_load_minus_wind_solar (real 2017; Load−WindOnshore−WindOffshore−Solar; 60min→1h resample) [absent treated as 0 MW: ['Wind offshore']],Energy-Charts / ENTSO-E fr 2017-07-25 via https://api.energy-charts.info/public_power?country=fr&start=2017-07-25&end=2017-07-29
FR,60,2017-07-27T12:00:00Z,45580.0,energy_charts_residual_load_minus_wind_solar (real 2017; Load−WindOnshore−WindOffshore−Solar; 60min→1h resample) [absent treated as 0 MW: ['Wind offshore']],Energy-Charts / ENTSO-E fr 2017-07-25 via https://api.energy-charts.info/public_power?country=fr&start=2017-07-25&end=2017-07-29
FR,61,2017-07-27T13:00:00Z,44192.0,energy_charts_residual_load_minus_wind_solar (real 2017; Load−WindOnshore−WindOffshore−Solar; 60min→1h resample) [absent treated as 0 MW: ['Wind offshore']],Energy-Charts / ENTSO-E fr 2017-07-25 via https://api.energy-charts.info/public_power?country=fr&start=2017-07-25&end=2017-07-29
FR,62,2017-07-27T14:00:00Z,43208.0,energy_charts_residual_load_minus_wind_solar (real 2017; Load−WindOnshore−WindOffshore−Solar; 60min→1h resample) [absent treated as 0 MW: ['Wind offshore']],Energy-Charts / ENTSO-E fr 2017-07-25 via https://api.energy-charts.info/public_power?country=fr&start=2017-07-25&end=2017-07-29
FR,63,2017-07-27T15:00:00Z,42733.0,energy_charts_residual_load_minus_wind_solar (real 2017; Load−WindOnshore−WindOffshore−Solar; 60min→1h resample) [absent treated as 0 MW: ['Wind offshore']],Energy-Charts / ENTSO-E fr 2017-07-25 via https://api.energy-charts.info/public_power?country=fr&start=2017-07-25&end=2017-07-29
FR,64,2017-07-27T16:00:00Z,43858.0,energy_charts_residual_load_minus_wind_solar (real 2017; Load−WindOnshore−WindOffshore−Solar; 60min→1h resample) [absent treated as 0 MW: ['Wind offshore']],Energy-Charts / ENTSO-E fr 2017-07-25 via https://api.energy-charts.info/public_power?country=fr&start=2017-07-25&end=2017-07-29
FR,65,2017-07-27T17:00:00Z,44595.0,energy_charts_residual_load_minus_wind_solar (real 2017; Load−WindOnshore−WindOffshore−Solar; 60min→1h resample) [absent treated as 0 MW: ['Wind offshore']],Energy-Charts / ENTSO-E fr 2017-07-25 via https://api.energy-charts.info/public_power?country=fr&start=2017-07-25&end=2017-07-29
FR,66,2017-07-27T18:00:00Z,43425.0,energy_charts_residual_load_minus_wind_solar (real 2017; Load−WindOnshore−WindOffshore−Solar; 60min→1h resample) [absent treated as 0 MW: ['Wind offshore']],Energy-Charts / ENTSO-E fr 2017-07-25 via https://api.energy-charts.info/public_power?country=fr&start=2017-07-25&end=2017-07-29
FR,67,2017-07-27T19:00:00Z,43379.0,energy_charts_residual_load_minus_wind_solar (real 2017; Load−WindOnshore−WindOffshore−Solar; 60min→1h resample) [absent treated as 0 MW: ['Wind offshore']],Energy-Charts / ENTSO-E fr 2017-07-25 via https://api.energy-charts.info/public_power?country=fr&start=2017-07-25&end=2017-07-29
FR,68,2017-07-27T20:00:00Z,46266.0,energy_charts_residual_load_minus_wind_solar (real 2017; Load−WindOnshore−WindOffshore−Solar; 60min→1h resample) [absent treated as 0 MW: ['Wind offshore']],Energy-Charts / ENTSO-E fr 2017-07-25 via https://api.energy-charts.info/public_power?country=fr&start=2017-07-25&end=2017-07-29
FR,69,2017-07-27T21:00:00Z,46901.0,energy_charts_residual_load_minus_wind_solar (real 2017; Load−WindOnshore−WindOffshore−Solar; 60min→1h resample) [absent treated as 0 MW: ['Wind offshore']],Energy-Charts / ENTSO-E fr 2017-07-25 via https://api.energy-charts.info/public_power?country=fr&start=2017-07-25&end=2017-07-29
FR,70,2017-07-27T22:00:00Z,42625.0,energy_charts_residual_load_minus_wind_solar (real 2017; Load−WindOnshore−WindOffshore−Solar; 60min→1h resample) [absent treated as 0 MW: ['Wind offshore']],Energy-Charts / ENTSO-E fr 2017-07-25 via https://api.energy-charts.info/public_power?country=fr&start=2017-07-25&end=2017-07-29
FR,71,2017-07-27T23:00:00Z,39247.0,energy_charts_residual_load_minus_wind_solar (real 2017; Load−WindOnshore−WindOffshore−Solar; 60min→1h resample) [absent treated as 0 MW: ['Wind offshore']],Energy-Charts / ENTSO-E fr 2017-07-25 via https://api.energy-charts.info/public_power?country=fr&start=2017-07-25&end=2017-07-29
FR,72,2017-07-28T00:00:00Z,37472.0,energy_charts_residual_load_minus_wind_solar (real 2017; Load−WindOnshore−WindOffshore−Solar; 60min→1h resample) [absent treated as 0 MW: ['Wind offshore']],Energy-Charts / ENTSO-E fr 2017-07-25 via https://api.energy-charts.info/public_power?country=fr&start=2017-07-25&end=2017-07-29
FR,73,2017-07-28T01:00:00Z,35296.0,energy_charts_residual_load_minus_wind_solar (real 2017; Load−WindOnshore−WindOffshore−Solar; 60min→1h resample) [absent treated as 0 MW: ['Wind offshore']],Energy-Charts / ENTSO-E fr 2017-07-25 via https://api.energy-charts.info/public_power?country=fr&start=2017-07-25&end=2017-07-29
FR,74,2017-07-28T02:00:00Z,34678.0,energy_charts_residual_load_minus_wind_solar (real 2017; Load−WindOnshore−WindOffshore−Solar; 60min→1h resample) [absent treated as 0 MW: ['Wind offshore']],Energy-Charts / ENTSO-E fr 2017-07-25 via https://api.energy-charts.info/public_power?country=fr&start=2017-07-25&end=2017-07-29
FR,75,2017-07-28T03:00:00Z,36207.0,energy_charts_residual_load_minus_wind_solar (real 2017; Load−WindOnshore−WindOffshore−Solar; 60min→1h resample) [absent treated as 0 MW: ['Wind offshore']],Energy-Charts / ENTSO-E fr 2017-07-25 via https://api.energy-charts.info/public_power?country=fr&start=2017-07-25&end=2017-07-29
FR,76,2017-07-28T04:00:00Z,38480.0,energy_charts_residual_load_minus_wind_solar (real 2017; Load−WindOnshore−WindOffshore−Solar; 60min→1h resample) [absent treated as 0 MW: ['Wind offshore']],Energy-Charts / ENTSO-E fr 2017-07-25 via https://api.energy-charts.info/public_power?country=fr&start=2017-07-25&end=2017-07-29
FR,77,2017-07-28T05:00:00Z,41751.0,energy_charts_residual_load_minus_wind_solar (real 2017; Load−WindOnshore−WindOffshore−Solar; 60min→1h resample) [absent treated as 0 MW: ['Wind offshore']],Energy-Charts / ENTSO-E fr 2017-07-25 via https://api.energy-charts.info/public_power?country=fr&start=2017-07-25&end=2017-07-29
FR,78,2017-07-28T06:00:00Z,45036.0,energy_charts_residual_load_minus_wind_solar (real 2017; Load−WindOnshore−WindOffshore−Solar; 60min→1h resample) [absent treated as 0 MW: ['Wind offshore']],Energy-Charts / ENTSO-E fr 2017-07-25 via https://api.energy-charts.info/public_power?country=fr&start=2017-07-25&end=2017-07-29
FR,79,2017-07-28T07:00:00Z,46313.0,energy_charts_residual_load_minus_wind_solar (real 2017; Load−WindOnshore−WindOffshore−Solar; 60min→1h resample) [absent treated as 0 MW: ['Wind offshore']],Energy-Charts / ENTSO-E fr 2017-07-25 via https://api.energy-charts.info/public_power?country=fr&start=2017-07-25&end=2017-07-29
FR,80,2017-07-28T08:00:00Z,46523.0,energy_charts_residual_load_minus_wind_solar (real 2017; Load−WindOnshore−WindOffshore−Solar; 60min→1h resample) [absent treated as 0 MW: ['Wind offshore']],Energy-Charts / ENTSO-E fr 2017-07-25 via https://api.energy-charts.info/public_power?country=fr&start=2017-07-25&end=2017-07-29
FR,81,2017-07-28T09:00:00Z,46280.0,energy_charts_residual_load_minus_wind_solar (real 2017; Load−WindOnshore−WindOffshore−Solar; 60min→1h resample) [absent treated as 0 MW: ['Wind offshore']],Energy-Charts / ENTSO-E fr 2017-07-25 via https://api.energy-charts.info/public_power?country=fr&start=2017-07-25&end=2017-07-29
FR,82,2017-07-28T10:00:00Z,46069.0,energy_charts_residual_load_minus_wind_solar (real 2017; Load−WindOnshore−WindOffshore−Solar; 60min→1h resample) [absent treated as 0 MW: ['Wind offshore']],Energy-Charts / ENTSO-E fr 2017-07-25 via https://api.energy-charts.info/public_power?country=fr&start=2017-07-25&end=2017-07-29
FR,83,2017-07-28T11:00:00Z,44495.0,energy_charts_residual_load_minus_wind_solar (real 2017; Load−WindOnshore−WindOffshore−Solar; 60min→1h resample) [absent treated as 0 MW: ['Wind offshore']],Energy-Charts / ENTSO-E fr 2017-07-25 via https://api.energy-charts.info/public_power?country=fr&start=2017-07-25&end=2017-07-29
FR,84,2017-07-28T12:00:00Z,43511.0,energy_charts_residual_load_minus_wind_solar (real 2017; Load−WindOnshore−WindOffshore−Solar; 60min→1h resample) [absent treated as 0 MW: ['Wind offshore']],Energy-Charts / ENTSO-E fr 2017-07-25 via https://api.energy-charts.info/public_power?country=fr&start=2017-07-25&end=2017-07-29
FR,85,2017-07-28T13:00:00Z,42172.0,energy_charts_residual_load_minus_wind_solar (real 2017; Load−WindOnshore−WindOffshore−Solar; 60min→1h resample) [absent treated as 0 MW: ['Wind offshore']],Energy-Charts / ENTSO-E fr 2017-07-25 via https://api.energy-charts.info/public_power?country=fr&start=2017-07-25&end=2017-07-29
FR,86,2017-07-28T14:00:00Z,41047.0,energy_charts_residual_load_minus_wind_solar (real 2017; Load−WindOnshore−WindOffshore−Solar; 60min→1h resample) [absent treated as 0 MW: ['Wind offshore']],Energy-Charts / ENTSO-E fr 2017-07-25 via https://api.energy-charts.info/public_power?country=fr&start=2017-07-25&end=2017-07-29
FR,87,2017-07-28T15:00:00Z,41112.0,energy_charts_residual_load_minus_wind_solar (real 2017; Load−WindOnshore−WindOffshore−Solar; 60min→1h resample) [absent treated as 0 MW: ['Wind offshore']],Energy-Charts / ENTSO-E fr 2017-07-25 via https://api.energy-charts.info/public_power?country=fr&start=2017-07-25&end=2017-07-29
FR,88,2017-07-28T16:00:00Z,42600.0,energy_charts_residual_load_minus_wind_solar (real 2017; Load−WindOnshore−WindOffshore−Solar; 60min→1h resample) [absent treated as 0 MW: ['Wind offshore']],Energy-Charts / ENTSO-E fr 2017-07-25 via https://api.energy-charts.info/public_power?country=fr&start=2017-07-25&end=2017-07-29
FR,89,2017-07-28T17:00:00Z,43499.0,energy_charts_residual_load_minus_wind_solar (real 2017; Load−WindOnshore−WindOffshore−Solar; 60min→1h resample) [absent treated as 0 MW: ['Wind offshore']],Energy-Charts / ENTSO-E fr 2017-07-25 via https://api.energy-charts.info/public_power?country=fr&start=2017-07-25&end=2017-07-29
FR,90,2017-07-28T18:00:00Z,42466.0,energy_charts_residual_load_minus_wind_solar (real 2017; Load−WindOnshore−WindOffshore−Solar; 60min→1h resample) [absent treated as 0 MW: ['Wind offshore']],Energy-Charts / ENTSO-E fr 2017-07-25 via https://api.energy-charts.info/public_power?country=fr&start=2017-07-25&end=2017-07-29
FR,91,2017-07-28T19:00:00Z,42229.0,energy_charts_residual_load_minus_wind_solar (real 2017; Load−WindOnshore−WindOffshore−Solar; 60min→1h resample) [absent treated as 0 MW: ['Wind offshore']],Energy-Charts / ENTSO-E fr 2017-07-25 via https://api.energy-charts.info/public_power?country=fr&start=2017-07-25&end=2017-07-29
FR,92,2017-07-28T20:00:00Z,44627.0,energy_charts_residual_load_minus_wind_solar (real 2017; Load−WindOnshore−WindOffshore−Solar; 60min→1h resample) [absent treated as 0 MW: ['Wind offshore']],Energy-Charts / ENTSO-E fr 2017-07-25 via https://api.energy-charts.info/public_power?country=fr&start=2017-07-25&end=2017-07-29
FR,93,2017-07-28T21:00:00Z,44713.0,energy_charts_residual_load_minus_wind_solar (real 2017; Load−WindOnshore−WindOffshore−Solar; 60min→1h resample) [absent treated as 0 MW: ['Wind offshore']],Energy-Charts / ENTSO-E fr 2017-07-25 via https://api.energy-charts.info/public_power?country=fr&start=2017-07-25&end=2017-07-29
FR,94,2017-07-28T22:00:00Z,40019.0,energy_charts_residual_load_minus_wind_solar (real 2017; Load−WindOnshore−WindOffshore−Solar; 60min→1h resample) [absent treated as 0 MW: ['Wind offshore']],Energy-Charts / ENTSO-E fr 2017-07-25 via https://api.energy-charts.info/public_power?country=fr&start=2017-07-25&end=2017-07-29
FR,95,2017-07-28T23:00:00Z,36484.0,energy_charts_residual_load_minus_wind_solar (real 2017; Load−WindOnshore−WindOffshore−Solar; 60min→1h resample) [absent treated as 0 MW: ['Wind offshore']],Energy-Charts / ENTSO-E fr 2017-07-25 via https://api.energy-charts.info/public_power?country=fr&start=2017-07-25&end=2017-07-29
ES,0,2017-07-25T00:00:00Z,17604.0,energy_charts_residual_load_minus_wind_solar (real 2017; Load−WindOnshore−WindOffshore−Solar; 60min→1h resample) [absent treated as 0 MW: ['Wind offshore']],Energy-Charts / ENTSO-E es 2017-07-25 via https://api.energy-charts.info/public_power?country=es&start=2017-07-25&end=2017-07-29
ES,1,2017-07-25T01:00:00Z,17424.0,energy_charts_residual_load_minus_wind_solar (real 2017; Load−WindOnshore−WindOffshore−Solar; 60min→1h resample) [absent treated as 0 MW: ['Wind offshore']],Energy-Charts / ENTSO-E es 2017-07-25 via https://api.energy-charts.info/public_power?country=es&start=2017-07-25&end=2017-07-29
ES,2,2017-07-25T02:00:00Z,17282.0,energy_charts_residual_load_minus_wind_solar (real 2017; Load−WindOnshore−WindOffshore−Solar; 60min→1h resample) [absent treated as 0 MW: ['Wind offshore']],Energy-Charts / ENTSO-E es 2017-07-25 via https://api.energy-charts.info/public_power?country=es&start=2017-07-25&end=2017-07-29
ES,3,2017-07-25T03:00:00Z,17348.0,energy_charts_residual_load_minus_wind_solar (real 2017; Load−WindOnshore−WindOffshore−Solar; 60min→1h resample) [absent treated as 0 MW: ['Wind offshore']],Energy-Charts / ENTSO-E es 2017-07-25 via https://api.energy-charts.info/public_power?country=es&start=2017-07-25&end=2017-07-29
ES,4,2017-07-25T04:00:00Z,19171.0,energy_charts_residual_load_minus_wind_solar (real 2017; Load−WindOnshore−WindOffshore−Solar; 60min→1h resample) [absent treated as 0 MW: ['Wind offshore']],Energy-Charts / ENTSO-E es 2017-07-25 via https://api.energy-charts.info/public_power?country=es&start=2017-07-25&end=2017-07-29
ES,5,2017-07-25T05:00:00Z,21078.0,energy_charts_residual_load_minus_wind_solar (real 2017; Load−WindOnshore−WindOffshore−Solar; 60min→1h resample) [absent treated as 0 MW: ['Wind offshore']],Energy-Charts / ENTSO-E es 2017-07-25 via https://api.energy-charts.info/public_power?country=es&start=2017-07-25&end=2017-07-29
ES,6,2017-07-25T06:00:00Z,22529.0,energy_charts_residual_load_minus_wind_solar (real 2017; Load−WindOnshore−WindOffshore−Solar; 60min→1h resample) [absent treated as 0 MW: ['Wind offshore']],Energy-Charts / ENTSO-E es 2017-07-25 via https://api.energy-charts.info/public_power?country=es&start=2017-07-25&end=2017-07-29
ES,7,2017-07-25T07:00:00Z,23097.0,energy_charts_residual_load_minus_wind_solar (real 2017; Load−WindOnshore−WindOffshore−Solar; 60min→1h resample) [absent treated as 0 MW: ['Wind offshore']],Energy-Charts / ENTSO-E es 2017-07-25 via https://api.energy-charts.info/public_power?country=es&start=2017-07-25&end=2017-07-29
ES,8,2017-07-25T08:00:00Z,22960.0,energy_charts_residual_load_minus_wind_solar (real 2017; Load−WindOnshore−WindOffshore−Solar; 60min→1h resample) [absent treated as 0 MW: ['Wind offshore']],Energy-Charts / ENTSO-E es 2017-07-25 via https://api.energy-charts.info/public_power?country=es&start=2017-07-25&end=2017-07-29
ES,9,2017-07-25T09:00:00Z,23496.0,energy_charts_residual_load_minus_wind_solar (real 2017; Load−WindOnshore−WindOffshore−Solar; 60min→1h resample) [absent treated as 0 MW: ['Wind offshore']],Energy-Charts / ENTSO-E es 2017-07-25 via https://api.energy-charts.info/public_power?country=es&start=2017-07-25&end=2017-07-29
ES,10,2017-07-25T10:00:00Z,24090.0,energy_charts_residual_load_minus_wind_solar (real 2017; Load−WindOnshore−WindOffshore−Solar; 60min→1h resample) [absent treated as 0 MW: ['Wind offshore']],Energy-Charts / ENTSO-E es 2017-07-25 via https://api.energy-charts.info/public_power?country=es&start=2017-07-25&end=2017-07-29
ES,11,2017-07-25T11:00:00Z,24494.0,energy_charts_residual_load_minus_wind_solar (real 2017; Load−WindOnshore−WindOffshore−Solar; 60min→1h resample) [absent treated as 0 MW: ['Wind offshore']],Energy-Charts / ENTSO-E es 2017-07-25 via https://api.energy-charts.info/public_power?country=es&start=2017-07-25&end=2017-07-29
ES,12,2017-07-25T12:00:00Z,23661.0,energy_charts_residual_load_minus_wind_solar (real 2017; Load−WindOnshore−WindOffshore−Solar; 60min→1h resample) [absent treated as 0 MW: ['Wind offshore']],Energy-Charts / ENTSO-E es 2017-07-25 via https://api.energy-charts.info/public_power?country=es&start=2017-07-25&end=2017-07-29
ES,13,2017-07-25T13:00:00Z,22804.0,energy_charts_residual_load_minus_wind_solar (real 2017; Load−WindOnshore−WindOffshore−Solar; 60min→1h resample) [absent treated as 0 MW: ['Wind offshore']],Energy-Charts / ENTSO-E es 2017-07-25 via https://api.energy-charts.info/public_power?country=es&start=2017-07-25&end=2017-07-29
ES,14,2017-07-25T14:00:00Z,22557.0,energy_charts_residual_load_minus_wind_solar (real 2017; Load−WindOnshore−WindOffshore−Solar; 60min→1h resample) [absent treated as 0 MW: ['Wind offshore']],Energy-Charts / ENTSO-E es 2017-07-25 via https://api.energy-charts.info/public_power?country=es&start=2017-07-25&end=2017-07-29
ES,15,2017-07-25T15:00:00Z,22703.0,energy_charts_residual_load_minus_wind_solar (real 2017; Load−WindOnshore−WindOffshore−Solar; 60min→1h resample) [absent treated as 0 MW: ['Wind offshore']],Energy-Charts / ENTSO-E es 2017-07-25 via https://api.energy-charts.info/public_power?country=es&start=2017-07-25&end=2017-07-29
ES,16,2017-07-25T16:00:00Z,22481.0,energy_charts_residual_load_minus_wind_solar (real 2017; Load−WindOnshore−WindOffshore−Solar; 60min→1h resample) [absent treated as 0 MW: ['Wind offshore']],Energy-Charts / ENTSO-E es 2017-07-25 via https://api.energy-charts.info/public_power?country=es&start=2017-07-25&end=2017-07-29
ES,17,2017-07-25T17:00:00Z,22812.0,energy_charts_residual_load_minus_wind_solar (real 2017; Load−WindOnshore−WindOffshore−Solar; 60min→1h resample) [absent treated as 0 MW: ['Wind offshore']],Energy-Charts / ENTSO-E es 2017-07-25 via https://api.energy-charts.info/public_power?country=es&start=2017-07-25&end=2017-07-29
ES,18,2017-07-25T18:00:00Z,23594.0,energy_charts_residual_load_minus_wind_solar (real 2017; Load−WindOnshore−WindOffshore−Solar; 60min→1h resample) [absent treated as 0 MW: ['Wind offshore']],Energy-Charts / ENTSO-E es 2017-07-25 via https://api.energy-charts.info/public_power?country=es&start=2017-07-25&end=2017-07-29
ES,19,2017-07-25T19:00:00Z,25216.0,energy_charts_residual_load_minus_wind_solar (real 2017; Load−WindOnshore−WindOffshore−Solar; 60min→1h resample) [absent treated as 0 MW: ['Wind offshore']],Energy-Charts / ENTSO-E es 2017-07-25 via https://api.energy-charts.info/public_power?country=es&start=2017-07-25&end=2017-07-29
ES,20,2017-07-25T20:00:00Z,25391.0,energy_charts_residual_load_minus_wind_solar (real 2017; Load−WindOnshore−WindOffshore−Solar; 60min→1h resample) [absent treated as 0 MW: ['Wind offshore']],Energy-Charts / ENTSO-E es 2017-07-25 via https://api.energy-charts.info/public_power?country=es&start=2017-07-25&end=2017-07-29
ES,21,2017-07-25T21:00:00Z,23512.0,energy_charts_residual_load_minus_wind_solar (real 2017; Load−WindOnshore−WindOffshore−Solar; 60min→1h resample) [absent treated as 0 MW: ['Wind offshore']],Energy-Charts / ENTSO-E es 2017-07-25 via https://api.energy-charts.info/public_power?country=es&start=2017-07-25&end=2017-07-29
ES,22,2017-07-25T22:00:00Z,22510.0,energy_charts_residual_load_minus_wind_solar (real 2017; Load−WindOnshore−WindOffshore−Solar; 60min→1h resample) [absent treated as 0 MW: ['Wind offshore']],Energy-Charts / ENTSO-E es 2017-07-25 via https://api.energy-charts.info/public_power?country=es&start=2017-07-25&end=2017-07-29
ES,23,2017-07-25T23:00:00Z,21414.0,energy_charts_residual_load_minus_wind_solar (real 2017; Load−WindOnshore−WindOffshore−Solar; 60min→1h resample) [absent treated as 0 MW: ['Wind offshore']],Energy-Charts / ENTSO-E es 2017-07-25 via https://api.energy-charts.info/public_power?country=es&start=2017-07-25&end=2017-07-29
ES,24,2017-07-26T00:00:00Z,20600.0,energy_charts_residual_load_minus_wind_solar (real 2017; Load−WindOnshore−WindOffshore−Solar; 60min→1h resample) [absent treated as 0 MW: ['Wind offshore']],Energy-Charts / ENTSO-E es 2017-07-25 via https://api.energy-charts.info/public_power?country=es&start=2017-07-25&end=2017-07-29
ES,25,2017-07-26T01:00:00Z,20384.0,energy_charts_residual_load_minus_wind_solar (real 2017; Load−WindOnshore−WindOffshore−Solar; 60min→1h resample) [absent treated as 0 MW: ['Wind offshore']],Energy-Charts / ENTSO-E es 2017-07-25 via https://api.energy-charts.info/public_power?country=es&start=2017-07-25&end=2017-07-29
ES,26,2017-07-26T02:00:00Z,20351.0,energy_charts_residual_load_minus_wind_solar (real 2017; Load−WindOnshore−WindOffshore−Solar; 60min→1h resample) [absent treated as 0 MW: ['Wind offshore']],Energy-Charts / ENTSO-E es 2017-07-25 via https://api.energy-charts.info/public_power?country=es&start=2017-07-25&end=2017-07-29
ES,27,2017-07-26T03:00:00Z,21110.0,energy_charts_residual_load_minus_wind_solar (real 2017; Load−WindOnshore−WindOffshore−Solar; 60min→1h resample) [absent treated as 0 MW: ['Wind offshore']],Energy-Charts / ENTSO-E es 2017-07-25 via https://api.energy-charts.info/public_power?country=es&start=2017-07-25&end=2017-07-29
ES,28,2017-07-26T04:00:00Z,23294.0,energy_charts_residual_load_minus_wind_solar (real 2017; Load−WindOnshore−WindOffshore−Solar; 60min→1h resample) [absent treated as 0 MW: ['Wind offshore']],Energy-Charts / ENTSO-E es 2017-07-25 via https://api.energy-charts.info/public_power?country=es&start=2017-07-25&end=2017-07-29
ES,29,2017-07-26T05:00:00Z,25519.0,energy_charts_residual_load_minus_wind_solar (real 2017; Load−WindOnshore−WindOffshore−Solar; 60min→1h resample) [absent treated as 0 MW: ['Wind offshore']],Energy-Charts / ENTSO-E es 2017-07-25 via https://api.energy-charts.info/public_power?country=es&start=2017-07-25&end=2017-07-29
ES,30,2017-07-26T06:00:00Z,27356.0,energy_charts_residual_load_minus_wind_solar (real 2017; Load−WindOnshore−WindOffshore−Solar; 60min→1h resample) [absent treated as 0 MW: ['Wind offshore']],Energy-Charts / ENTSO-E es 2017-07-25 via https://api.energy-charts.info/public_power?country=es&start=2017-07-25&end=2017-07-29
ES,31,2017-07-26T07:00:00Z,28354.0,energy_charts_residual_load_minus_wind_solar (real 2017; Load−WindOnshore−WindOffshore−Solar; 60min→1h resample) [absent treated as 0 MW: ['Wind offshore']],Energy-Charts / ENTSO-E es 2017-07-25 via https://api.energy-charts.info/public_power?country=es&start=2017-07-25&end=2017-07-29
ES,32,2017-07-26T08:00:00Z,28152.0,energy_charts_residual_load_minus_wind_solar (real 2017; Load−WindOnshore−WindOffshore−Solar; 60min→1h resample) [absent treated as 0 MW: ['Wind offshore']],Energy-Charts / ENTSO-E es 2017-07-25 via https://api.energy-charts.info/public_power?country=es&start=2017-07-25&end=2017-07-29
ES,33,2017-07-26T09:00:00Z,28058.0,energy_charts_residual_load_minus_wind_solar (real 2017; Load−WindOnshore−WindOffshore−Solar; 60min→1h resample) [absent treated as 0 MW: ['Wind offshore']],Energy-Charts / ENTSO-E es 2017-07-25 via https://api.energy-charts.info/public_power?country=es&start=2017-07-25&end=2017-07-29
ES,34,2017-07-26T10:00:00Z,28509.0,energy_charts_residual_load_minus_wind_solar (real 2017; Load−WindOnshore−WindOffshore−Solar; 60min→1h resample) [absent treated as 0 MW: ['Wind offshore']],Energy-Charts / ENTSO-E es 2017-07-25 via https://api.energy-charts.info/public_power?country=es&start=2017-07-25&end=2017-07-29
ES,35,2017-07-26T11:00:00Z,28779.0,energy_charts_residual_load_minus_wind_solar (real 2017; Load−WindOnshore−WindOffshore−Solar; 60min→1h resample) [absent treated as 0 MW: ['Wind offshore']],Energy-Charts / ENTSO-E es 2017-07-25 via https://api.energy-charts.info/public_power?country=es&start=2017-07-25&end=2017-07-29
ES,36,2017-07-26T12:00:00Z,28024.0,energy_charts_residual_load_minus_wind_solar (real 2017; Load−WindOnshore−WindOffshore−Solar; 60min→1h resample) [absent treated as 0 MW: ['Wind offshore']],Energy-Charts / ENTSO-E es 2017-07-25 via https://api.energy-charts.info/public_power?country=es&start=2017-07-25&end=2017-07-29
ES,37,2017-07-26T13:00:00Z,27228.0,energy_charts_residual_load_minus_wind_solar (real 2017; Load−WindOnshore−WindOffshore−Solar; 60min→1h resample) [absent treated as 0 MW: ['Wind offshore']],Energy-Charts / ENTSO-E es 2017-07-25 via https://api.energy-charts.info/public_power?country=es&start=2017-07-25&end=2017-07-29
ES,38,2017-07-26T14:00:00Z,27062.0,energy_charts_residual_load_minus_wind_solar (real 2017; Load−WindOnshore−WindOffshore−Solar; 60min→1h resample) [absent treated as 0 MW: ['Wind offshore']],Energy-Charts / ENTSO-E es 2017-07-25 via https://api.energy-charts.info/public_power?country=es&start=2017-07-25&end=2017-07-29
ES,39,2017-07-26T15:00:00Z,27092.0,energy_charts_residual_load_minus_wind_solar (real 2017; Load−WindOnshore−WindOffshore−Solar; 60min→1h resample) [absent treated as 0 MW: ['Wind offshore']],Energy-Charts / ENTSO-E es 2017-07-25 via https://api.energy-charts.info/public_power?country=es&start=2017-07-25&end=2017-07-29
ES,40,2017-07-26T16:00:00Z,26938.0,energy_charts_residual_load_minus_wind_solar (real 2017; Load−WindOnshore−WindOffshore−Solar; 60min→1h resample) [absent treated as 0 MW: ['Wind offshore']],Energy-Charts / ENTSO-E es 2017-07-25 via https://api.energy-charts.info/public_power?country=es&start=2017-07-25&end=2017-07-29
ES,41,2017-07-26T17:00:00Z,27402.0,energy_charts_residual_load_minus_wind_solar (real 2017; Load−WindOnshore−WindOffshore−Solar; 60min→1h resample) [absent treated as 0 MW: ['Wind offshore']],Energy-Charts / ENTSO-E es 2017-07-25 via https://api.energy-charts.info/public_power?country=es&start=2017-07-25&end=2017-07-29
ES,42,2017-07-26T18:00:00Z,28468.0,energy_charts_residual_load_minus_wind_solar (real 2017; Load−WindOnshore−WindOffshore−Solar; 60min→1h resample) [absent treated as 0 MW: ['Wind offshore']],Energy-Charts / ENTSO-E es 2017-07-25 via https://api.energy-charts.info/public_power?country=es&start=2017-07-25&end=2017-07-29
ES,43,2017-07-26T19:00:00Z,29933.0,energy_charts_residual_load_minus_wind_solar (real 2017; Load−WindOnshore−WindOffshore−Solar; 60min→1h resample) [absent treated as 0 MW: ['Wind offshore']],Energy-Charts / ENTSO-E es 2017-07-25 via https://api.energy-charts.info/public_power?country=es&start=2017-07-25&end=2017-07-29
ES,44,2017-07-26T20:00:00Z,29692.0,energy_charts_residual_load_minus_wind_solar (real 2017; Load−WindOnshore−WindOffshore−Solar; 60min→1h resample) [absent treated as 0 MW: ['Wind offshore']],Energy-Charts / ENTSO-E es 2017-07-25 via https://api.energy-charts.info/public_power?country=es&start=2017-07-25&end=2017-07-29
ES,45,2017-07-26T21:00:00Z,27779.0,energy_charts_residual_load_minus_wind_solar (real 2017; Load−WindOnshore−WindOffshore−Solar; 60min→1h resample) [absent treated as 0 MW: ['Wind offshore']],Energy-Charts / ENTSO-E es 2017-07-25 via https://api.energy-charts.info/public_power?country=es&start=2017-07-25&end=2017-07-29
ES,46,2017-07-26T22:00:00Z,26333.0,energy_charts_residual_load_minus_wind_solar (real 2017; Load−WindOnshore−WindOffshore−Solar; 60min→1h resample) [absent treated as 0 MW: ['Wind offshore']],Energy-Charts / ENTSO-E es 2017-07-25 via https://api.energy-charts.info/public_power?country=es&start=2017-07-25&end=2017-07-29
ES,47,2017-07-26T23:00:00Z,24568.0,energy_charts_residual_load_minus_wind_solar (real 2017; Load−WindOnshore−WindOffshore−Solar; 60min→1h resample) [absent treated as 0 MW: ['Wind offshore']],Energy-Charts / ENTSO-E es 2017-07-25 via https://api.energy-charts.info/public_power?country=es&start=2017-07-25&end=2017-07-29
ES,48,2017-07-27T00:00:00Z,23480.0,energy_charts_residual_load_minus_wind_solar (real 2017; Load−WindOnshore−WindOffshore−Solar; 60min→1h resample) [absent treated as 0 MW: ['Wind offshore']],Energy-Charts / ENTSO-E es 2017-07-25 via https://api.energy-charts.info/public_power?country=es&start=2017-07-25&end=2017-07-29
ES,49,2017-07-27T01:00:00Z,23171.0,energy_charts_residual_load_minus_wind_solar (real 2017; Load−WindOnshore−WindOffshore−Solar; 60min→1h resample) [absent treated as 0 MW: ['Wind offshore']],Energy-Charts / ENTSO-E es 2017-07-25 via https://api.energy-charts.info/public_power?country=es&start=2017-07-25&end=2017-07-29
ES,50,2017-07-27T02:00:00Z,23142.0,energy_charts_residual_load_minus_wind_solar (real 2017; Load−WindOnshore−WindOffshore−Solar; 60min→1h resample) [absent treated as 0 MW: ['Wind offshore']],Energy-Charts / ENTSO-E es 2017-07-25 via https://api.energy-charts.info/public_power?country=es&start=2017-07-25&end=2017-07-29
ES,51,2017-07-27T03:00:00Z,23283.0,energy_charts_residual_load_minus_wind_solar (real 2017; Load−WindOnshore−WindOffshore−Solar; 60min→1h resample) [absent treated as 0 MW: ['Wind offshore']],Energy-Charts / ENTSO-E es 2017-07-25 via https://api.energy-charts.info/public_power?country=es&start=2017-07-25&end=2017-07-29
ES,52,2017-07-27T04:00:00Z,25060.0,energy_charts_residual_load_minus_wind_solar (real 2017; Load−WindOnshore−WindOffshore−Solar; 60min→1h resample) [absent treated as 0 MW: ['Wind offshore']],Energy-Charts / ENTSO-E es 2017-07-25 via https://api.energy-charts.info/public_power?country=es&start=2017-07-25&end=2017-07-29
ES,53,2017-07-27T05:00:00Z,26822.0,energy_charts_residual_load_minus_wind_solar (real 2017; Load−WindOnshore−WindOffshore−Solar; 60min→1h resample) [absent treated as 0 MW: ['Wind offshore']],Energy-Charts / ENTSO-E es 2017-07-25 via https://api.energy-charts.info/public_power?country=es&start=2017-07-25&end=2017-07-29
ES,54,2017-07-27T06:00:00Z,28502.0,energy_charts_residual_load_minus_wind_solar (real 2017; Load−WindOnshore−WindOffshore−Solar; 60min→1h resample) [absent treated as 0 MW: ['Wind offshore']],Energy-Charts / ENTSO-E es 2017-07-25 via https://api.energy-charts.info/public_power?country=es&start=2017-07-25&end=2017-07-29
ES,55,2017-07-27T07:00:00Z,29924.0,energy_charts_residual_load_minus_wind_solar (real 2017; Load−WindOnshore−WindOffshore−Solar; 60min→1h resample) [absent treated as 0 MW: ['Wind offshore']],Energy-Charts / ENTSO-E es 2017-07-25 via https://api.energy-charts.info/public_power?country=es&start=2017-07-25&end=2017-07-29
ES,56,2017-07-27T08:00:00Z,30081.0,energy_charts_residual_load_minus_wind_solar (real 2017; Load−WindOnshore−WindOffshore−Solar; 60min→1h resample) [absent treated as 0 MW: ['Wind offshore']],Energy-Charts / ENTSO-E es 2017-07-25 via https://api.energy-charts.info/public_power?country=es&start=2017-07-25&end=2017-07-29
ES,57,2017-07-27T09:00:00Z,30150.0,energy_charts_residual_load_minus_wind_solar (real 2017; Load−WindOnshore−WindOffshore−Solar; 60min→1h resample) [absent treated as 0 MW: ['Wind offshore']],Energy-Charts / ENTSO-E es 2017-07-25 via https://api.energy-charts.info/public_power?country=es&start=2017-07-25&end=2017-07-29
ES,58,2017-07-27T10:00:00Z,30605.0,energy_charts_residual_load_minus_wind_solar (real 2017; Load−WindOnshore−WindOffshore−Solar; 60min→1h resample) [absent treated as 0 MW: ['Wind offshore']],Energy-Charts / ENTSO-E es 2017-07-25 via https://api.energy-charts.info/public_power?country=es&start=2017-07-25&end=2017-07-29
ES,59,2017-07-27T11:00:00Z,30818.0,energy_charts_residual_load_minus_wind_solar (real 2017; Load−WindOnshore−WindOffshore−Solar; 60min→1h resample) [absent treated as 0 MW: ['Wind offshore']],Energy-Charts / ENTSO-E es 2017-07-25 via https://api.energy-charts.info/public_power?country=es&start=2017-07-25&end=2017-07-29
ES,60,2017-07-27T12:00:00Z,30013.0,energy_charts_residual_load_minus_wind_solar (real 2017; Load−WindOnshore−WindOffshore−Solar; 60min→1h resample) [absent treated as 0 MW: ['Wind offshore']],Energy-Charts / ENTSO-E es 2017-07-25 via https://api.energy-charts.info/public_power?country=es&start=2017-07-25&end=2017-07-29
ES,61,2017-07-27T13:00:00Z,29148.0,energy_charts_residual_load_minus_wind_solar (real 2017; Load−WindOnshore−WindOffshore−Solar; 60min→1h resample) [absent treated as 0 MW: ['Wind offshore']],Energy-Charts / ENTSO-E es 2017-07-25 via https://api.energy-charts.info/public_power?country=es&start=2017-07-25&end=2017-07-29
ES,62,2017-07-27T14:00:00Z,28817.0,energy_charts_residual_load_minus_wind_solar (real 2017; Load−WindOnshore−WindOffshore−Solar; 60min→1h resample) [absent treated as 0 MW: ['Wind offshore']],Energy-Charts / ENTSO-E es 2017-07-25 via https://api.energy-charts.info/public_power?country=es&start=2017-07-25&end=2017-07-29
ES,63,2017-07-27T15:00:00Z,28598.0,energy_charts_residual_load_minus_wind_solar (real 2017; Load−WindOnshore−WindOffshore−Solar; 60min→1h resample) [absent treated as 0 MW: ['Wind offshore']],Energy-Charts / ENTSO-E es 2017-07-25 via https://api.energy-charts.info/public_power?country=es&start=2017-07-25&end=2017-07-29
ES,64,2017-07-27T16:00:00Z,28454.0,energy_charts_residual_load_minus_wind_solar (real 2017; Load−WindOnshore−WindOffshore−Solar; 60min→1h resample) [absent treated as 0 MW: ['Wind offshore']],Energy-Charts / ENTSO-E es 2017-07-25 via https://api.energy-charts.info/public_power?country=es&start=2017-07-25&end=2017-07-29
ES,65,2017-07-27T17:00:00Z,28900.0,energy_charts_residual_load_minus_wind_solar (real 2017; Load−WindOnshore−WindOffshore−Solar; 60min→1h resample) [absent treated as 0 MW: ['Wind offshore']],Energy-Charts / ENTSO-E es 2017-07-25 via https://api.energy-charts.info/public_power?country=es&start=2017-07-25&end=2017-07-29
ES,66,2017-07-27T18:00:00Z,29547.0,energy_charts_residual_load_minus_wind_solar (real 2017; Load−WindOnshore−WindOffshore−Solar; 60min→1h resample) [absent treated as 0 MW: ['Wind offshore']],Energy-Charts / ENTSO-E es 2017-07-25 via https://api.energy-charts.info/public_power?country=es&start=2017-07-25&end=2017-07-29
ES,67,2017-07-27T19:00:00Z,29882.0,energy_charts_residual_load_minus_wind_solar (real 2017; Load−WindOnshore−WindOffshore−Solar; 60min→1h resample) [absent treated as 0 MW: ['Wind offshore']],Energy-Charts / ENTSO-E es 2017-07-25 via https://api.energy-charts.info/public_power?country=es&start=2017-07-25&end=2017-07-29
ES,68,2017-07-27T20:00:00Z,28986.0,energy_charts_residual_load_minus_wind_solar (real 2017; Load−WindOnshore−WindOffshore−Solar; 60min→1h resample) [absent treated as 0 MW: ['Wind offshore']],Energy-Charts / ENTSO-E es 2017-07-25 via https://api.energy-charts.info/public_power?country=es&start=2017-07-25&end=2017-07-29
ES,69,2017-07-27T21:00:00Z,26918.0,energy_charts_residual_load_minus_wind_solar (real 2017; Load−WindOnshore−WindOffshore−Solar; 60min→1h resample) [absent treated as 0 MW: ['Wind offshore']],Energy-Charts / ENTSO-E es 2017-07-25 via https://api.energy-charts.info/public_power?country=es&start=2017-07-25&end=2017-07-29
ES,70,2017-07-27T22:00:00Z,25858.0,energy_charts_residual_load_minus_wind_solar (real 2017; Load−WindOnshore−WindOffshore−Solar; 60min→1h resample) [absent treated as 0 MW: ['Wind offshore']],Energy-Charts / ENTSO-E es 2017-07-25 via https://api.energy-charts.info/public_power?country=es&start=2017-07-25&end=2017-07-29
ES,71,2017-07-27T23:00:00Z,24216.0,energy_charts_residual_load_minus_wind_solar (real 2017; Load−WindOnshore−WindOffshore−Solar; 60min→1h resample) [absent treated as 0 MW: ['Wind offshore']],Energy-Charts / ENTSO-E es 2017-07-25 via https://api.energy-charts.info/public_power?country=es&start=2017-07-25&end=2017-07-29
ES,72,2017-07-28T00:00:00Z,23056.0,energy_charts_residual_load_minus_wind_solar (real 2017; Load−WindOnshore−WindOffshore−Solar; 60min→1h resample) [absent treated as 0 MW: ['Wind offshore']],Energy-Charts / ENTSO-E es 2017-07-25 via https://api.energy-charts.info/public_power?country=es&start=2017-07-25&end=2017-07-29
ES,73,2017-07-28T01:00:00Z,22606.0,energy_charts_residual_load_minus_wind_solar (real 2017; Load−WindOnshore−WindOffshore−Solar; 60min→1h resample) [absent treated as 0 MW: ['Wind offshore']],Energy-Charts / ENTSO-E es 2017-07-25 via https://api.energy-charts.info/public_power?country=es&start=2017-07-25&end=2017-07-29
ES,74,2017-07-28T02:00:00Z,22589.0,energy_charts_residual_load_minus_wind_solar (real 2017; Load−WindOnshore−WindOffshore−Solar; 60min→1h resample) [absent treated as 0 MW: ['Wind offshore']],Energy-Charts / ENTSO-E es 2017-07-25 via https://api.energy-charts.info/public_power?country=es&start=2017-07-25&end=2017-07-29
ES,75,2017-07-28T03:00:00Z,23125.0,energy_charts_residual_load_minus_wind_solar (real 2017; Load−WindOnshore−WindOffshore−Solar; 60min→1h resample) [absent treated as 0 MW: ['Wind offshore']],Energy-Charts / ENTSO-E es 2017-07-25 via https://api.energy-charts.info/public_power?country=es&start=2017-07-25&end=2017-07-29
ES,76,2017-07-28T04:00:00Z,24929.0,energy_charts_residual_load_minus_wind_solar (real 2017; Load−WindOnshore−WindOffshore−Solar; 60min→1h resample) [absent treated as 0 MW: ['Wind offshore']],Energy-Charts / ENTSO-E es 2017-07-25 via https://api.energy-charts.info/public_power?country=es&start=2017-07-25&end=2017-07-29
ES,77,2017-07-28T05:00:00Z,27081.0,energy_charts_residual_load_minus_wind_solar (real 2017; Load−WindOnshore−WindOffshore−Solar; 60min→1h resample) [absent treated as 0 MW: ['Wind offshore']],Energy-Charts / ENTSO-E es 2017-07-25 via https://api.energy-charts.info/public_power?country=es&start=2017-07-25&end=2017-07-29
ES,78,2017-07-28T06:00:00Z,28836.0,energy_charts_residual_load_minus_wind_solar (real 2017; Load−WindOnshore−WindOffshore−Solar; 60min→1h resample) [absent treated as 0 MW: ['Wind offshore']],Energy-Charts / ENTSO-E es 2017-07-25 via https://api.energy-charts.info/public_power?country=es&start=2017-07-25&end=2017-07-29
ES,79,2017-07-28T07:00:00Z,30222.0,energy_charts_residual_load_minus_wind_solar (real 2017; Load−WindOnshore−WindOffshore−Solar; 60min→1h resample) [absent treated as 0 MW: ['Wind offshore']],Energy-Charts / ENTSO-E es 2017-07-25 via https://api.energy-charts.info/public_power?country=es&start=2017-07-25&end=2017-07-29
ES,80,2017-07-28T08:00:00Z,30372.0,energy_charts_residual_load_minus_wind_solar (real 2017; Load−WindOnshore−WindOffshore−Solar; 60min→1h resample) [absent treated as 0 MW: ['Wind offshore']],Energy-Charts / ENTSO-E es 2017-07-25 via https://api.energy-charts.info/public_power?country=es&start=2017-07-25&end=2017-07-29
ES,81,2017-07-28T09:00:00Z,30940.0,energy_charts_residual_load_minus_wind_solar (real 2017; Load−WindOnshore−WindOffshore−Solar; 60min→1h resample) [absent treated as 0 MW: ['Wind offshore']],Energy-Charts / ENTSO-E es 2017-07-25 via https://api.energy-charts.info/public_power?country=es&start=2017-07-25&end=2017-07-29
ES,82,2017-07-28T10:00:00Z,31710.0,energy_charts_residual_load_minus_wind_solar (real 2017; Load−WindOnshore−WindOffshore−Solar; 60min→1h resample) [absent treated as 0 MW: ['Wind offshore']],Energy-Charts / ENTSO-E es 2017-07-25 via https://api.energy-charts.info/public_power?country=es&start=2017-07-25&end=2017-07-29
ES,83,2017-07-28T11:00:00Z,31840.0,energy_charts_residual_load_minus_wind_solar (real 2017; Load−WindOnshore−WindOffshore−Solar; 60min→1h resample) [absent treated as 0 MW: ['Wind offshore']],Energy-Charts / ENTSO-E es 2017-07-25 via https://api.energy-charts.info/public_power?country=es&start=2017-07-25&end=2017-07-29
ES,84,2017-07-28T12:00:00Z,30707.0,energy_charts_residual_load_minus_wind_solar (real 2017; Load−WindOnshore−WindOffshore−Solar; 60min→1h resample) [absent treated as 0 MW: ['Wind offshore']],Energy-Charts / ENTSO-E es 2017-07-25 via https://api.energy-charts.info/public_power?country=es&start=2017-07-25&end=2017-07-29
ES,85,2017-07-28T13:00:00Z,29488.0,energy_charts_residual_load_minus_wind_solar (real 2017; Load−WindOnshore−WindOffshore−Solar; 60min→1h resample) [absent treated as 0 MW: ['Wind offshore']],Energy-Charts / ENTSO-E es 2017-07-25 via https://api.energy-charts.info/public_power?country=es&start=2017-07-25&end=2017-07-29
ES,86,2017-07-28T14:00:00Z,29127.0,energy_charts_residual_load_minus_wind_solar (real 2017; Load−WindOnshore−WindOffshore−Solar; 60min→1h resample) [absent treated as 0 MW: ['Wind offshore']],Energy-Charts / ENTSO-E es 2017-07-25 via https://api.energy-charts.info/public_power?country=es&start=2017-07-25&end=2017-07-29
ES,87,2017-07-28T15:00:00Z,28713.0,energy_charts_residual_load_minus_wind_solar (real 2017; Load−WindOnshore−WindOffshore−Solar; 60min→1h resample) [absent treated as 0 MW: ['Wind offshore']],Energy-Charts / ENTSO-E es 2017-07-25 via https://api.energy-charts.info/public_power?country=es&start=2017-07-25&end=2017-07-29
ES,88,2017-07-28T16:00:00Z,28048.0,energy_charts_residual_load_minus_wind_solar (real 2017; Load−WindOnshore−WindOffshore−Solar; 60min→1h resample) [absent treated as 0 MW: ['Wind offshore']],Energy-Charts / ENTSO-E es 2017-07-25 via https://api.energy-charts.info/public_power?country=es&start=2017-07-25&end=2017-07-29
ES,89,2017-07-28T17:00:00Z,27997.0,energy_charts_residual_load_minus_wind_solar (real 2017; Load−WindOnshore−WindOffshore−Solar; 60min→1h resample) [absent treated as 0 MW: ['Wind offshore']],Energy-Charts / ENTSO-E es 2017-07-25 via https://api.energy-charts.info/public_power?country=es&start=2017-07-25&end=2017-07-29
ES,90,2017-07-28T18:00:00Z,28479.0,energy_charts_residual_load_minus_wind_solar (real 2017; Load−WindOnshore−WindOffshore−Solar; 60min→1h resample) [absent treated as 0 MW: ['Wind offshore']],Energy-Charts / ENTSO-E es 2017-07-25 via https://api.energy-charts.info/public_power?country=es&start=2017-07-25&end=2017-07-29
ES,91,2017-07-28T19:00:00Z,28963.0,energy_charts_residual_load_minus_wind_solar (real 2017; Load−WindOnshore−WindOffshore−Solar; 60min→1h resample) [absent treated as 0 MW: ['Wind offshore']],Energy-Charts / ENTSO-E es 2017-07-25 via https://api.energy-charts.info/public_power?country=es&start=2017-07-25&end=2017-07-29
ES,92,2017-07-28T20:00:00Z,27875.0,energy_charts_residual_load_minus_wind_solar (real 2017; Load−WindOnshore−WindOffshore−Solar; 60min→1h resample) [absent treated as 0 MW: ['Wind offshore']],Energy-Charts / ENTSO-E es 2017-07-25 via https://api.energy-charts.info/public_power?country=es&start=2017-07-25&end=2017-07-29
ES,93,2017-07-28T21:00:00Z,25597.0,energy_charts_residual_load_minus_wind_solar (real 2017; Load−WindOnshore−WindOffshore−Solar; 60min→1h resample) [absent treated as 0 MW: ['Wind offshore']],Energy-Charts / ENTSO-E es 2017-07-25 via https://api.energy-charts.info/public_power?country=es&start=2017-07-25&end=2017-07-29
ES,94,2017-07-28T22:00:00Z,24670.0,energy_charts_residual_load_minus_wind_solar (real 2017; Load−WindOnshore−WindOffshore−Solar; 60min→1h resample) [absent treated as 0 MW: ['Wind offshore']],Energy-Charts / ENTSO-E es 2017-07-25 via https://api.energy-charts.info/public_power?country=es&start=2017-07-25&end=2017-07-29
ES,95,2017-07-28T23:00:00Z,23239.0,energy_charts_residual_load_minus_wind_solar (real 2017; Load−WindOnshore−WindOffshore−Solar; 60min→1h resample) [absent treated as 0 MW: ['Wind offshore']],Energy-Charts / ENTSO-E es 2017-07-25 via https://api.energy-charts.info/public_power?country=es&start=2017-07-25&end=2017-07-29
IT-NO,0,2017-07-25T00:00:00Z,24420.0,energy_charts_residual_load_minus_wind_solar (real 2017; Load−WindOnshore−WindOffshore−Solar; 60min→1h resample) [absent treated as 0 MW: ['Wind offshore']],Energy-Charts / ENTSO-E it 2017-07-25 via https://api.energy-charts.info/public_power?country=it&start=2017-07-25&end=2017-07-29
IT-NO,1,2017-07-25T01:00:00Z,24252.0,energy_charts_residual_load_minus_wind_solar (real 2017; Load−WindOnshore−WindOffshore−Solar; 60min→1h resample) [absent treated as 0 MW: ['Wind offshore']],Energy-Charts / ENTSO-E it 2017-07-25 via https://api.energy-charts.info/public_power?country=it&start=2017-07-25&end=2017-07-29
IT-NO,2,2017-07-25T02:00:00Z,24531.0,energy_charts_residual_load_minus_wind_solar (real 2017; Load−WindOnshore−WindOffshore−Solar; 60min→1h resample) [absent treated as 0 MW: ['Wind offshore']],Energy-Charts / ENTSO-E it 2017-07-25 via https://api.energy-charts.info/public_power?country=it&start=2017-07-25&end=2017-07-29
IT-NO,3,2017-07-25T03:00:00Z,25427.0,energy_charts_residual_load_minus_wind_solar (real 2017; Load−WindOnshore−WindOffshore−Solar; 60min→1h resample) [absent treated as 0 MW: ['Wind offshore']],Energy-Charts / ENTSO-E it 2017-07-25 via https://api.energy-charts.info/public_power?country=it&start=2017-07-25&end=2017-07-29
IT-NO,4,2017-07-25T04:00:00Z,27980.0,energy_charts_residual_load_minus_wind_solar (real 2017; Load−WindOnshore−WindOffshore−Solar; 60min→1h resample) [absent treated as 0 MW: ['Wind offshore']],Energy-Charts / ENTSO-E it 2017-07-25 via https://api.energy-charts.info/public_power?country=it&start=2017-07-25&end=2017-07-29
IT-NO,5,2017-07-25T05:00:00Z,32180.0,energy_charts_residual_load_minus_wind_solar (real 2017; Load−WindOnshore−WindOffshore−Solar; 60min→1h resample) [absent treated as 0 MW: ['Wind offshore']],Energy-Charts / ENTSO-E it 2017-07-25 via https://api.energy-charts.info/public_power?country=it&start=2017-07-25&end=2017-07-29
IT-NO,6,2017-07-25T06:00:00Z,34965.0,energy_charts_residual_load_minus_wind_solar (real 2017; Load−WindOnshore−WindOffshore−Solar; 60min→1h resample) [absent treated as 0 MW: ['Wind offshore']],Energy-Charts / ENTSO-E it 2017-07-25 via https://api.energy-charts.info/public_power?country=it&start=2017-07-25&end=2017-07-29
IT-NO,7,2017-07-25T07:00:00Z,35411.0,energy_charts_residual_load_minus_wind_solar (real 2017; Load−WindOnshore−WindOffshore−Solar; 60min→1h resample) [absent treated as 0 MW: ['Wind offshore']],Energy-Charts / ENTSO-E it 2017-07-25 via https://api.energy-charts.info/public_power?country=it&start=2017-07-25&end=2017-07-29
IT-NO,8,2017-07-25T08:00:00Z,34475.0,energy_charts_residual_load_minus_wind_solar (real 2017; Load−WindOnshore−WindOffshore−Solar; 60min→1h resample) [absent treated as 0 MW: ['Wind offshore']],Energy-Charts / ENTSO-E it 2017-07-25 via https://api.energy-charts.info/public_power?country=it&start=2017-07-25&end=2017-07-29
IT-NO,9,2017-07-25T09:00:00Z,33475.0,energy_charts_residual_load_minus_wind_solar (real 2017; Load−WindOnshore−WindOffshore−Solar; 60min→1h resample) [absent treated as 0 MW: ['Wind offshore']],Energy-Charts / ENTSO-E it 2017-07-25 via https://api.energy-charts.info/public_power?country=it&start=2017-07-25&end=2017-07-29
IT-NO,10,2017-07-25T10:00:00Z,31316.0,energy_charts_residual_load_minus_wind_solar (real 2017; Load−WindOnshore−WindOffshore−Solar; 60min→1h resample) [absent treated as 0 MW: ['Wind offshore']],Energy-Charts / ENTSO-E it 2017-07-25 via https://api.energy-charts.info/public_power?country=it&start=2017-07-25&end=2017-07-29
IT-NO,11,2017-07-25T11:00:00Z,30555.0,energy_charts_residual_load_minus_wind_solar (real 2017; Load−WindOnshore−WindOffshore−Solar; 60min→1h resample) [absent treated as 0 MW: ['Wind offshore']],Energy-Charts / ENTSO-E it 2017-07-25 via https://api.energy-charts.info/public_power?country=it&start=2017-07-25&end=2017-07-29
IT-NO,12,2017-07-25T12:00:00Z,31974.0,energy_charts_residual_load_minus_wind_solar (real 2017; Load−WindOnshore−WindOffshore−Solar; 60min→1h resample) [absent treated as 0 MW: ['Wind offshore']],Energy-Charts / ENTSO-E it 2017-07-25 via https://api.energy-charts.info/public_power?country=it&start=2017-07-25&end=2017-07-29
IT-NO,13,2017-07-25T13:00:00Z,33214.0,energy_charts_residual_load_minus_wind_solar (real 2017; Load−WindOnshore−WindOffshore−Solar; 60min→1h resample) [absent treated as 0 MW: ['Wind offshore']],Energy-Charts / ENTSO-E it 2017-07-25 via https://api.energy-charts.info/public_power?country=it&start=2017-07-25&end=2017-07-29
IT-NO,14,2017-07-25T14:00:00Z,34509.0,energy_charts_residual_load_minus_wind_solar (real 2017; Load−WindOnshore−WindOffshore−Solar; 60min→1h resample) [absent treated as 0 MW: ['Wind offshore']],Energy-Charts / ENTSO-E it 2017-07-25 via https://api.energy-charts.info/public_power?country=it&start=2017-07-25&end=2017-07-29
IT-NO,15,2017-07-25T15:00:00Z,35215.0,energy_charts_residual_load_minus_wind_solar (real 2017; Load−WindOnshore−WindOffshore−Solar; 60min→1h resample) [absent treated as 0 MW: ['Wind offshore']],Energy-Charts / ENTSO-E it 2017-07-25 via https://api.energy-charts.info/public_power?country=it&start=2017-07-25&end=2017-07-29
IT-NO,16,2017-07-25T16:00:00Z,35864.0,energy_charts_residual_load_minus_wind_solar (real 2017; Load−WindOnshore−WindOffshore−Solar; 60min→1h resample) [absent treated as 0 MW: ['Wind offshore']],Energy-Charts / ENTSO-E it 2017-07-25 via https://api.energy-charts.info/public_power?country=it&start=2017-07-25&end=2017-07-29
IT-NO,17,2017-07-25T17:00:00Z,37334.0,energy_charts_residual_load_minus_wind_solar (real 2017; Load−WindOnshore−WindOffshore−Solar; 60min→1h resample) [absent treated as 0 MW: ['Wind offshore']],Energy-Charts / ENTSO-E it 2017-07-25 via https://api.energy-charts.info/public_power?country=it&start=2017-07-25&end=2017-07-29
IT-NO,18,2017-07-25T18:00:00Z,38047.0,energy_charts_residual_load_minus_wind_solar (real 2017; Load−WindOnshore−WindOffshore−Solar; 60min→1h resample) [absent treated as 0 MW: ['Wind offshore']],Energy-Charts / ENTSO-E it 2017-07-25 via https://api.energy-charts.info/public_power?country=it&start=2017-07-25&end=2017-07-29
IT-NO,19,2017-07-25T19:00:00Z,37845.0,energy_charts_residual_load_minus_wind_solar (real 2017; Load−WindOnshore−WindOffshore−Solar; 60min→1h resample) [absent treated as 0 MW: ['Wind offshore']],Energy-Charts / ENTSO-E it 2017-07-25 via https://api.energy-charts.info/public_power?country=it&start=2017-07-25&end=2017-07-29
IT-NO,20,2017-07-25T20:00:00Z,34438.0,energy_charts_residual_load_minus_wind_solar (real 2017; Load−WindOnshore−WindOffshore−Solar; 60min→1h resample) [absent treated as 0 MW: ['Wind offshore']],Energy-Charts / ENTSO-E it 2017-07-25 via https://api.energy-charts.info/public_power?country=it&start=2017-07-25&end=2017-07-29
IT-NO,21,2017-07-25T21:00:00Z,31478.0,energy_charts_residual_load_minus_wind_solar (real 2017; Load−WindOnshore−WindOffshore−Solar; 60min→1h resample) [absent treated as 0 MW: ['Wind offshore']],Energy-Charts / ENTSO-E it 2017-07-25 via https://api.energy-charts.info/public_power?country=it&start=2017-07-25&end=2017-07-29
IT-NO,22,2017-07-25T22:00:00Z,28738.0,energy_charts_residual_load_minus_wind_solar (real 2017; Load−WindOnshore−WindOffshore−Solar; 60min→1h resample) [absent treated as 0 MW: ['Wind offshore']],Energy-Charts / ENTSO-E it 2017-07-25 via https://api.energy-charts.info/public_power?country=it&start=2017-07-25&end=2017-07-29
IT-NO,23,2017-07-25T23:00:00Z,26708.0,energy_charts_residual_load_minus_wind_solar (real 2017; Load−WindOnshore−WindOffshore−Solar; 60min→1h resample) [absent treated as 0 MW: ['Wind offshore']],Energy-Charts / ENTSO-E it 2017-07-25 via https://api.energy-charts.info/public_power?country=it&start=2017-07-25&end=2017-07-29
IT-NO,24,2017-07-26T00:00:00Z,25974.0,energy_charts_residual_load_minus_wind_solar (real 2017; Load−WindOnshore−WindOffshore−Solar; 60min→1h resample) [absent treated as 0 MW: ['Wind offshore']],Energy-Charts / ENTSO-E it 2017-07-25 via https://api.energy-charts.info/public_power?country=it&start=2017-07-25&end=2017-07-29
IT-NO,25,2017-07-26T01:00:00Z,25755.0,energy_charts_residual_load_minus_wind_solar (real 2017; Load−WindOnshore−WindOffshore−Solar; 60min→1h resample) [absent treated as 0 MW: ['Wind offshore']],Energy-Charts / ENTSO-E it 2017-07-25 via https://api.energy-charts.info/public_power?country=it&start=2017-07-25&end=2017-07-29
IT-NO,26,2017-07-26T02:00:00Z,26143.0,energy_charts_residual_load_minus_wind_solar (real 2017; Load−WindOnshore−WindOffshore−Solar; 60min→1h resample) [absent treated as 0 MW: ['Wind offshore']],Energy-Charts / ENTSO-E it 2017-07-25 via https://api.energy-charts.info/public_power?country=it&start=2017-07-25&end=2017-07-29
IT-NO,27,2017-07-26T03:00:00Z,27461.0,energy_charts_residual_load_minus_wind_solar (real 2017; Load−WindOnshore−WindOffshore−Solar; 60min→1h resample) [absent treated as 0 MW: ['Wind offshore']],Energy-Charts / ENTSO-E it 2017-07-25 via https://api.energy-charts.info/public_power?country=it&start=2017-07-25&end=2017-07-29
IT-NO,28,2017-07-26T04:00:00Z,30190.0,energy_charts_residual_load_minus_wind_solar (real 2017; Load−WindOnshore−WindOffshore−Solar; 60min→1h resample) [absent treated as 0 MW: ['Wind offshore']],Energy-Charts / ENTSO-E it 2017-07-25 via https://api.energy-charts.info/public_power?country=it&start=2017-07-25&end=2017-07-29
IT-NO,29,2017-07-26T05:00:00Z,33849.0,energy_charts_residual_load_minus_wind_solar (real 2017; Load−WindOnshore−WindOffshore−Solar; 60min→1h resample) [absent treated as 0 MW: ['Wind offshore']],Energy-Charts / ENTSO-E it 2017-07-25 via https://api.energy-charts.info/public_power?country=it&start=2017-07-25&end=2017-07-29
IT-NO,30,2017-07-26T06:00:00Z,36266.0,energy_charts_residual_load_minus_wind_solar (real 2017; Load−WindOnshore−WindOffshore−Solar; 60min→1h resample) [absent treated as 0 MW: ['Wind offshore']],Energy-Charts / ENTSO-E it 2017-07-25 via https://api.energy-charts.info/public_power?country=it&start=2017-07-25&end=2017-07-29
IT-NO,31,2017-07-26T07:00:00Z,36100.0,energy_charts_residual_load_minus_wind_solar (real 2017; Load−WindOnshore−WindOffshore−Solar; 60min→1h resample) [absent treated as 0 MW: ['Wind offshore']],Energy-Charts / ENTSO-E it 2017-07-25 via https://api.energy-charts.info/public_power?country=it&start=2017-07-25&end=2017-07-29
IT-NO,32,2017-07-26T08:00:00Z,34525.0,energy_charts_residual_load_minus_wind_solar (real 2017; Load−WindOnshore−WindOffshore−Solar; 60min→1h resample) [absent treated as 0 MW: ['Wind offshore']],Energy-Charts / ENTSO-E it 2017-07-25 via https://api.energy-charts.info/public_power?country=it&start=2017-07-25&end=2017-07-29
IT-NO,33,2017-07-26T09:00:00Z,33602.0,energy_charts_residual_load_minus_wind_solar (real 2017; Load−WindOnshore−WindOffshore−Solar; 60min→1h resample) [absent treated as 0 MW: ['Wind offshore']],Energy-Charts / ENTSO-E it 2017-07-25 via https://api.energy-charts.info/public_power?country=it&start=2017-07-25&end=2017-07-29
IT-NO,34,2017-07-26T10:00:00Z,31761.0,energy_charts_residual_load_minus_wind_solar (real 2017; Load−WindOnshore−WindOffshore−Solar; 60min→1h resample) [absent treated as 0 MW: ['Wind offshore']],Energy-Charts / ENTSO-E it 2017-07-25 via https://api.energy-charts.info/public_power?country=it&start=2017-07-25&end=2017-07-29
IT-NO,35,2017-07-26T11:00:00Z,32224.0,energy_charts_residual_load_minus_wind_solar (real 2017; Load−WindOnshore−WindOffshore−Solar; 60min→1h resample) [absent treated as 0 MW: ['Wind offshore']],Energy-Charts / ENTSO-E it 2017-07-25 via https://api.energy-charts.info/public_power?country=it&start=2017-07-25&end=2017-07-29
IT-NO,36,2017-07-26T12:00:00Z,34046.0,energy_charts_residual_load_minus_wind_solar (real 2017; Load−WindOnshore−WindOffshore−Solar; 60min→1h resample) [absent treated as 0 MW: ['Wind offshore']],Energy-Charts / ENTSO-E it 2017-07-25 via https://api.energy-charts.info/public_power?country=it&start=2017-07-25&end=2017-07-29
IT-NO,37,2017-07-26T13:00:00Z,35030.0,energy_charts_residual_load_minus_wind_solar (real 2017; Load−WindOnshore−WindOffshore−Solar; 60min→1h resample) [absent treated as 0 MW: ['Wind offshore']],Energy-Charts / ENTSO-E it 2017-07-25 via https://api.energy-charts.info/public_power?country=it&start=2017-07-25&end=2017-07-29
IT-NO,38,2017-07-26T14:00:00Z,36116.0,energy_charts_residual_load_minus_wind_solar (real 2017; Load−WindOnshore−WindOffshore−Solar; 60min→1h resample) [absent treated as 0 MW: ['Wind offshore']],Energy-Charts / ENTSO-E it 2017-07-25 via https://api.energy-charts.info/public_power?country=it&start=2017-07-25&end=2017-07-29
IT-NO,39,2017-07-26T15:00:00Z,36465.0,energy_charts_residual_load_minus_wind_solar (real 2017; Load−WindOnshore−WindOffshore−Solar; 60min→1h resample) [absent treated as 0 MW: ['Wind offshore']],Energy-Charts / ENTSO-E it 2017-07-25 via https://api.energy-charts.info/public_power?country=it&start=2017-07-25&end=2017-07-29
IT-NO,40,2017-07-26T16:00:00Z,36707.0,energy_charts_residual_load_minus_wind_solar (real 2017; Load−WindOnshore−WindOffshore−Solar; 60min→1h resample) [absent treated as 0 MW: ['Wind offshore']],Energy-Charts / ENTSO-E it 2017-07-25 via https://api.energy-charts.info/public_power?country=it&start=2017-07-25&end=2017-07-29
IT-NO,41,2017-07-26T17:00:00Z,37395.0,energy_charts_residual_load_minus_wind_solar (real 2017; Load−WindOnshore−WindOffshore−Solar; 60min→1h resample) [absent treated as 0 MW: ['Wind offshore']],Energy-Charts / ENTSO-E it 2017-07-25 via https://api.energy-charts.info/public_power?country=it&start=2017-07-25&end=2017-07-29
IT-NO,42,2017-07-26T18:00:00Z,37880.0,energy_charts_residual_load_minus_wind_solar (real 2017; Load−WindOnshore−WindOffshore−Solar; 60min→1h resample) [absent treated as 0 MW: ['Wind offshore']],Energy-Charts / ENTSO-E it 2017-07-25 via https://api.energy-charts.info/public_power?country=it&start=2017-07-25&end=2017-07-29
IT-NO,43,2017-07-26T19:00:00Z,38012.0,energy_charts_residual_load_minus_wind_solar (real 2017; Load−WindOnshore−WindOffshore−Solar; 60min→1h resample) [absent treated as 0 MW: ['Wind offshore']],Energy-Charts / ENTSO-E it 2017-07-25 via https://api.energy-charts.info/public_power?country=it&start=2017-07-25&end=2017-07-29
IT-NO,44,2017-07-26T20:00:00Z,35298.0,energy_charts_residual_load_minus_wind_solar (real 2017; Load−WindOnshore−WindOffshore−Solar; 60min→1h resample) [absent treated as 0 MW: ['Wind offshore']],Energy-Charts / ENTSO-E it 2017-07-25 via https://api.energy-charts.info/public_power?country=it&start=2017-07-25&end=2017-07-29
IT-NO,45,2017-07-26T21:00:00Z,32482.0,energy_charts_residual_load_minus_wind_solar (real 2017; Load−WindOnshore−WindOffshore−Solar; 60min→1h resample) [absent treated as 0 MW: ['Wind offshore']],Energy-Charts / ENTSO-E it 2017-07-25 via https://api.energy-charts.info/public_power?country=it&start=2017-07-25&end=2017-07-29
IT-NO,46,2017-07-26T22:00:00Z,29510.0,energy_charts_residual_load_minus_wind_solar (real 2017; Load−WindOnshore−WindOffshore−Solar; 60min→1h resample) [absent treated as 0 MW: ['Wind offshore']],Energy-Charts / ENTSO-E it 2017-07-25 via https://api.energy-charts.info/public_power?country=it&start=2017-07-25&end=2017-07-29
IT-NO,47,2017-07-26T23:00:00Z,27310.0,energy_charts_residual_load_minus_wind_solar (real 2017; Load−WindOnshore−WindOffshore−Solar; 60min→1h resample) [absent treated as 0 MW: ['Wind offshore']],Energy-Charts / ENTSO-E it 2017-07-25 via https://api.energy-charts.info/public_power?country=it&start=2017-07-25&end=2017-07-29
IT-NO,48,2017-07-27T00:00:00Z,26255.0,energy_charts_residual_load_minus_wind_solar (real 2017; Load−WindOnshore−WindOffshore−Solar; 60min→1h resample) [absent treated as 0 MW: ['Wind offshore']],Energy-Charts / ENTSO-E it 2017-07-25 via https://api.energy-charts.info/public_power?country=it&start=2017-07-25&end=2017-07-29
IT-NO,49,2017-07-27T01:00:00Z,25756.0,energy_charts_residual_load_minus_wind_solar (real 2017; Load−WindOnshore−WindOffshore−Solar; 60min→1h resample) [absent treated as 0 MW: ['Wind offshore']],Energy-Charts / ENTSO-E it 2017-07-25 via https://api.energy-charts.info/public_power?country=it&start=2017-07-25&end=2017-07-29
IT-NO,50,2017-07-27T02:00:00Z,26037.0,energy_charts_residual_load_minus_wind_solar (real 2017; Load−WindOnshore−WindOffshore−Solar; 60min→1h resample) [absent treated as 0 MW: ['Wind offshore']],Energy-Charts / ENTSO-E it 2017-07-25 via https://api.energy-charts.info/public_power?country=it&start=2017-07-25&end=2017-07-29
IT-NO,51,2017-07-27T03:00:00Z,27380.0,energy_charts_residual_load_minus_wind_solar (real 2017; Load−WindOnshore−WindOffshore−Solar; 60min→1h resample) [absent treated as 0 MW: ['Wind offshore']],Energy-Charts / ENTSO-E it 2017-07-25 via https://api.energy-charts.info/public_power?country=it&start=2017-07-25&end=2017-07-29
IT-NO,52,2017-07-27T04:00:00Z,29898.0,energy_charts_residual_load_minus_wind_solar (real 2017; Load−WindOnshore−WindOffshore−Solar; 60min→1h resample) [absent treated as 0 MW: ['Wind offshore']],Energy-Charts / ENTSO-E it 2017-07-25 via https://api.energy-charts.info/public_power?country=it&start=2017-07-25&end=2017-07-29
IT-NO,53,2017-07-27T05:00:00Z,33754.0,energy_charts_residual_load_minus_wind_solar (real 2017; Load−WindOnshore−WindOffshore−Solar; 60min→1h resample) [absent treated as 0 MW: ['Wind offshore']],Energy-Charts / ENTSO-E it 2017-07-25 via https://api.energy-charts.info/public_power?country=it&start=2017-07-25&end=2017-07-29
IT-NO,54,2017-07-27T06:00:00Z,36050.0,energy_charts_residual_load_minus_wind_solar (real 2017; Load−WindOnshore−WindOffshore−Solar; 60min→1h resample) [absent treated as 0 MW: ['Wind offshore']],Energy-Charts / ENTSO-E it 2017-07-25 via https://api.energy-charts.info/public_power?country=it&start=2017-07-25&end=2017-07-29
IT-NO,55,2017-07-27T07:00:00Z,35757.0,energy_charts_residual_load_minus_wind_solar (real 2017; Load−WindOnshore−WindOffshore−Solar; 60min→1h resample) [absent treated as 0 MW: ['Wind offshore']],Energy-Charts / ENTSO-E it 2017-07-25 via https://api.energy-charts.info/public_power?country=it&start=2017-07-25&end=2017-07-29
IT-NO,56,2017-07-27T08:00:00Z,34746.0,energy_charts_residual_load_minus_wind_solar (real 2017; Load−WindOnshore−WindOffshore−Solar; 60min→1h resample) [absent treated as 0 MW: ['Wind offshore']],Energy-Charts / ENTSO-E it 2017-07-25 via https://api.energy-charts.info/public_power?country=it&start=2017-07-25&end=2017-07-29
IT-NO,57,2017-07-27T09:00:00Z,33505.0,energy_charts_residual_load_minus_wind_solar (real 2017; Load−WindOnshore−WindOffshore−Solar; 60min→1h resample) [absent treated as 0 MW: ['Wind offshore']],Energy-Charts / ENTSO-E it 2017-07-25 via https://api.energy-charts.info/public_power?country=it&start=2017-07-25&end=2017-07-29
IT-NO,58,2017-07-27T10:00:00Z,30899.0,energy_charts_residual_load_minus_wind_solar (real 2017; Load−WindOnshore−WindOffshore−Solar; 60min→1h resample) [absent treated as 0 MW: ['Wind offshore']],Energy-Charts / ENTSO-E it 2017-07-25 via https://api.energy-charts.info/public_power?country=it&start=2017-07-25&end=2017-07-29
IT-NO,59,2017-07-27T11:00:00Z,30805.0,energy_charts_residual_load_minus_wind_solar (real 2017; Load−WindOnshore−WindOffshore−Solar; 60min→1h resample) [absent treated as 0 MW: ['Wind offshore']],Energy-Charts / ENTSO-E it 2017-07-25 via https://api.energy-charts.info/public_power?country=it&start=2017-07-25&end=2017-07-29
IT-NO,60,2017-07-27T12:00:00Z,32518.0,energy_charts_residual_load_minus_wind_solar (real 2017; Load−WindOnshore−WindOffshore−Solar; 60min→1h resample) [absent treated as 0 MW: ['Wind offshore']],Energy-Charts / ENTSO-E it 2017-07-25 via https://api.energy-charts.info/public_power?country=it&start=2017-07-25&end=2017-07-29
IT-NO,61,2017-07-27T13:00:00Z,33631.0,energy_charts_residual_load_minus_wind_solar (real 2017; Load−WindOnshore−WindOffshore−Solar; 60min→1h resample) [absent treated as 0 MW: ['Wind offshore']],Energy-Charts / ENTSO-E it 2017-07-25 via https://api.energy-charts.info/public_power?country=it&start=2017-07-25&end=2017-07-29
IT-NO,62,2017-07-27T14:00:00Z,35215.0,energy_charts_residual_load_minus_wind_solar (real 2017; Load−WindOnshore−WindOffshore−Solar; 60min→1h resample) [absent treated as 0 MW: ['Wind offshore']],Energy-Charts / ENTSO-E it 2017-07-25 via https://api.energy-charts.info/public_power?country=it&start=2017-07-25&end=2017-07-29
IT-NO,63,2017-07-27T15:00:00Z,36276.0,energy_charts_residual_load_minus_wind_solar (real 2017; Load−WindOnshore−WindOffshore−Solar; 60min→1h resample) [absent treated as 0 MW: ['Wind offshore']],Energy-Charts / ENTSO-E it 2017-07-25 via https://api.energy-charts.info/public_power?country=it&start=2017-07-25&end=2017-07-29
IT-NO,64,2017-07-27T16:00:00Z,37314.0,energy_charts_residual_load_minus_wind_solar (real 2017; Load−WindOnshore−WindOffshore−Solar; 60min→1h resample) [absent treated as 0 MW: ['Wind offshore']],Energy-Charts / ENTSO-E it 2017-07-25 via https://api.energy-charts.info/public_power?country=it&start=2017-07-25&end=2017-07-29
IT-NO,65,2017-07-27T17:00:00Z,38870.0,energy_charts_residual_load_minus_wind_solar (real 2017; Load−WindOnshore−WindOffshore−Solar; 60min→1h resample) [absent treated as 0 MW: ['Wind offshore']],Energy-Charts / ENTSO-E it 2017-07-25 via https://api.energy-charts.info/public_power?country=it&start=2017-07-25&end=2017-07-29
IT-NO,66,2017-07-27T18:00:00Z,39221.0,energy_charts_residual_load_minus_wind_solar (real 2017; Load−WindOnshore−WindOffshore−Solar; 60min→1h resample) [absent treated as 0 MW: ['Wind offshore']],Energy-Charts / ENTSO-E it 2017-07-25 via https://api.energy-charts.info/public_power?country=it&start=2017-07-25&end=2017-07-29
IT-NO,67,2017-07-27T19:00:00Z,39174.0,energy_charts_residual_load_minus_wind_solar (real 2017; Load−WindOnshore−WindOffshore−Solar; 60min→1h resample) [absent treated as 0 MW: ['Wind offshore']],Energy-Charts / ENTSO-E it 2017-07-25 via https://api.energy-charts.info/public_power?country=it&start=2017-07-25&end=2017-07-29
IT-NO,68,2017-07-27T20:00:00Z,36150.0,energy_charts_residual_load_minus_wind_solar (real 2017; Load−WindOnshore−WindOffshore−Solar; 60min→1h resample) [absent treated as 0 MW: ['Wind offshore']],Energy-Charts / ENTSO-E it 2017-07-25 via https://api.energy-charts.info/public_power?country=it&start=2017-07-25&end=2017-07-29
IT-NO,69,2017-07-27T21:00:00Z,33370.0,energy_charts_residual_load_minus_wind_solar (real 2017; Load−WindOnshore−WindOffshore−Solar; 60min→1h resample) [absent treated as 0 MW: ['Wind offshore']],Energy-Charts / ENTSO-E it 2017-07-25 via https://api.energy-charts.info/public_power?country=it&start=2017-07-25&end=2017-07-29
IT-NO,70,2017-07-27T22:00:00Z,30564.0,energy_charts_residual_load_minus_wind_solar (real 2017; Load−WindOnshore−WindOffshore−Solar; 60min→1h resample) [absent treated as 0 MW: ['Wind offshore']],Energy-Charts / ENTSO-E it 2017-07-25 via https://api.energy-charts.info/public_power?country=it&start=2017-07-25&end=2017-07-29
IT-NO,71,2017-07-27T23:00:00Z,28509.0,energy_charts_residual_load_minus_wind_solar (real 2017; Load−WindOnshore−WindOffshore−Solar; 60min→1h resample) [absent treated as 0 MW: ['Wind offshore']],Energy-Charts / ENTSO-E it 2017-07-25 via https://api.energy-charts.info/public_power?country=it&start=2017-07-25&end=2017-07-29
IT-NO,72,2017-07-28T00:00:00Z,27054.0,energy_charts_residual_load_minus_wind_solar (real 2017; Load−WindOnshore−WindOffshore−Solar; 60min→1h resample) [absent treated as 0 MW: ['Wind offshore']],Energy-Charts / ENTSO-E it 2017-07-25 via https://api.energy-charts.info/public_power?country=it&start=2017-07-25&end=2017-07-29
IT-NO,73,2017-07-28T01:00:00Z,26337.0,energy_charts_residual_load_minus_wind_solar (real 2017; Load−WindOnshore−WindOffshore−Solar; 60min→1h resample) [absent treated as 0 MW: ['Wind offshore']],Energy-Charts / ENTSO-E it 2017-07-25 via https://api.energy-charts.info/public_power?country=it&start=2017-07-25&end=2017-07-29
IT-NO,74,2017-07-28T02:00:00Z,26395.0,energy_charts_residual_load_minus_wind_solar (real 2017; Load−WindOnshore−WindOffshore−Solar; 60min→1h resample) [absent treated as 0 MW: ['Wind offshore']],Energy-Charts / ENTSO-E it 2017-07-25 via https://api.energy-charts.info/public_power?country=it&start=2017-07-25&end=2017-07-29
IT-NO,75,2017-07-28T03:00:00Z,27282.0,energy_charts_residual_load_minus_wind_solar (real 2017; Load−WindOnshore−WindOffshore−Solar; 60min→1h resample) [absent treated as 0 MW: ['Wind offshore']],Energy-Charts / ENTSO-E it 2017-07-25 via https://api.energy-charts.info/public_power?country=it&start=2017-07-25&end=2017-07-29
IT-NO,76,2017-07-28T04:00:00Z,29715.0,energy_charts_residual_load_minus_wind_solar (real 2017; Load−WindOnshore−WindOffshore−Solar; 60min→1h resample) [absent treated as 0 MW: ['Wind offshore']],Energy-Charts / ENTSO-E it 2017-07-25 via https://api.energy-charts.info/public_power?country=it&start=2017-07-25&end=2017-07-29
IT-NO,77,2017-07-28T05:00:00Z,33626.0,energy_charts_residual_load_minus_wind_solar (real 2017; Load−WindOnshore−WindOffshore−Solar; 60min→1h resample) [absent treated as 0 MW: ['Wind offshore']],Energy-Charts / ENTSO-E it 2017-07-25 via https://api.energy-charts.info/public_power?country=it&start=2017-07-25&end=2017-07-29
IT-NO,78,2017-07-28T06:00:00Z,36094.0,energy_charts_residual_load_minus_wind_solar (real 2017; Load−WindOnshore−WindOffshore−Solar; 60min→1h resample) [absent treated as 0 MW: ['Wind offshore']],Energy-Charts / ENTSO-E it 2017-07-25 via https://api.energy-charts.info/public_power?country=it&start=2017-07-25&end=2017-07-29
IT-NO,79,2017-07-28T07:00:00Z,36305.0,energy_charts_residual_load_minus_wind_solar (real 2017; Load−WindOnshore−WindOffshore−Solar; 60min→1h resample) [absent treated as 0 MW: ['Wind offshore']],Energy-Charts / ENTSO-E it 2017-07-25 via https://api.energy-charts.info/public_power?country=it&start=2017-07-25&end=2017-07-29
IT-NO,80,2017-07-28T08:00:00Z,35254.0,energy_charts_residual_load_minus_wind_solar (real 2017; Load−WindOnshore−WindOffshore−Solar; 60min→1h resample) [absent treated as 0 MW: ['Wind offshore']],Energy-Charts / ENTSO-E it 2017-07-25 via https://api.energy-charts.info/public_power?country=it&start=2017-07-25&end=2017-07-29
IT-NO,81,2017-07-28T09:00:00Z,34055.0,energy_charts_residual_load_minus_wind_solar (real 2017; Load−WindOnshore−WindOffshore−Solar; 60min→1h resample) [absent treated as 0 MW: ['Wind offshore']],Energy-Charts / ENTSO-E it 2017-07-25 via https://api.energy-charts.info/public_power?country=it&start=2017-07-25&end=2017-07-29
IT-NO,82,2017-07-28T10:00:00Z,31502.0,energy_charts_residual_load_minus_wind_solar (real 2017; Load−WindOnshore−WindOffshore−Solar; 60min→1h resample) [absent treated as 0 MW: ['Wind offshore']],Energy-Charts / ENTSO-E it 2017-07-25 via https://api.energy-charts.info/public_power?country=it&start=2017-07-25&end=2017-07-29
IT-NO,83,2017-07-28T11:00:00Z,30697.0,energy_charts_residual_load_minus_wind_solar (real 2017; Load−WindOnshore−WindOffshore−Solar; 60min→1h resample) [absent treated as 0 MW: ['Wind offshore']],Energy-Charts / ENTSO-E it 2017-07-25 via https://api.energy-charts.info/public_power?country=it&start=2017-07-25&end=2017-07-29
IT-NO,84,2017-07-28T12:00:00Z,31737.0,energy_charts_residual_load_minus_wind_solar (real 2017; Load−WindOnshore−WindOffshore−Solar; 60min→1h resample) [absent treated as 0 MW: ['Wind offshore']],Energy-Charts / ENTSO-E it 2017-07-25 via https://api.energy-charts.info/public_power?country=it&start=2017-07-25&end=2017-07-29
IT-NO,85,2017-07-28T13:00:00Z,32442.0,energy_charts_residual_load_minus_wind_solar (real 2017; Load−WindOnshore−WindOffshore−Solar; 60min→1h resample) [absent treated as 0 MW: ['Wind offshore']],Energy-Charts / ENTSO-E it 2017-07-25 via https://api.energy-charts.info/public_power?country=it&start=2017-07-25&end=2017-07-29
IT-NO,86,2017-07-28T14:00:00Z,33948.0,energy_charts_residual_load_minus_wind_solar (real 2017; Load−WindOnshore−WindOffshore−Solar; 60min→1h resample) [absent treated as 0 MW: ['Wind offshore']],Energy-Charts / ENTSO-E it 2017-07-25 via https://api.energy-charts.info/public_power?country=it&start=2017-07-25&end=2017-07-29
IT-NO,87,2017-07-28T15:00:00Z,35294.0,energy_charts_residual_load_minus_wind_solar (real 2017; Load−WindOnshore−WindOffshore−Solar; 60min→1h resample) [absent treated as 0 MW: ['Wind offshore']],Energy-Charts / ENTSO-E it 2017-07-25 via https://api.energy-charts.info/public_power?country=it&start=2017-07-25&end=2017-07-29
IT-NO,88,2017-07-28T16:00:00Z,36972.0,energy_charts_residual_load_minus_wind_solar (real 2017; Load−WindOnshore−WindOffshore−Solar; 60min→1h resample) [absent treated as 0 MW: ['Wind offshore']],Energy-Charts / ENTSO-E it 2017-07-25 via https://api.energy-charts.info/public_power?country=it&start=2017-07-25&end=2017-07-29
IT-NO,89,2017-07-28T17:00:00Z,38593.0,energy_charts_residual_load_minus_wind_solar (real 2017; Load−WindOnshore−WindOffshore−Solar; 60min→1h resample) [absent treated as 0 MW: ['Wind offshore']],Energy-Charts / ENTSO-E it 2017-07-25 via https://api.energy-charts.info/public_power?country=it&start=2017-07-25&end=2017-07-29
IT-NO,90,2017-07-28T18:00:00Z,38570.0,energy_charts_residual_load_minus_wind_solar (real 2017; Load−WindOnshore−WindOffshore−Solar; 60min→1h resample) [absent treated as 0 MW: ['Wind offshore']],Energy-Charts / ENTSO-E it 2017-07-25 via https://api.energy-charts.info/public_power?country=it&start=2017-07-25&end=2017-07-29
IT-NO,91,2017-07-28T19:00:00Z,38302.0,energy_charts_residual_load_minus_wind_solar (real 2017; Load−WindOnshore−WindOffshore−Solar; 60min→1h resample) [absent treated as 0 MW: ['Wind offshore']],Energy-Charts / ENTSO-E it 2017-07-25 via https://api.energy-charts.info/public_power?country=it&start=2017-07-25&end=2017-07-29
IT-NO,92,2017-07-28T20:00:00Z,35628.0,energy_charts_residual_load_minus_wind_solar (real 2017; Load−WindOnshore−WindOffshore−Solar; 60min→1h resample) [absent treated as 0 MW: ['Wind offshore']],Energy-Charts / ENTSO-E it 2017-07-25 via https://api.energy-charts.info/public_power?country=it&start=2017-07-25&end=2017-07-29
IT-NO,93,2017-07-28T21:00:00Z,33219.0,energy_charts_residual_load_minus_wind_solar (real 2017; Load−WindOnshore−WindOffshore−Solar; 60min→1h resample) [absent treated as 0 MW: ['Wind offshore']],Energy-Charts / ENTSO-E it 2017-07-25 via https://api.energy-charts.info/public_power?country=it&start=2017-07-25&end=2017-07-29
IT-NO,94,2017-07-28T22:00:00Z,31251.0,energy_charts_residual_load_minus_wind_solar (real 2017; Load−WindOnshore−WindOffshore−Solar; 60min→1h resample) [absent treated as 0 MW: ['Wind offshore']],Energy-Charts / ENTSO-E it 2017-07-25 via https://api.energy-charts.info/public_power?country=it&start=2017-07-25&end=2017-07-29
IT-NO,95,2017-07-28T23:00:00Z,29506.0,energy_charts_residual_load_minus_wind_solar (real 2017; Load−WindOnshore−WindOffshore−Solar; 60min→1h resample) [absent treated as 0 MW: ['Wind offshore']],Energy-Charts / ENTSO-E it 2017-07-25 via https://api.energy-charts.info/public_power?country=it&start=2017-07-25&end=2017-07-29
SE,0,2017-07-25T00:00:00Z,8044.0,"energy_charts_residual_load_minus_wind_solar (real 2017; Load−WindOnshore−WindOffshore−Solar; 60min→1h resample) [absent treated as 0 MW: ['Wind offshore', 'Solar']]",Energy-Charts / ENTSO-E se 2017-07-25 via https://api.energy-charts.info/public_power?country=se&start=2017-07-25&end=2017-07-29
SE,1,2017-07-25T01:00:00Z,8035.0,"energy_charts_residual_load_minus_wind_solar (real 2017; Load−WindOnshore−WindOffshore−Solar; 60min→1h resample) [absent treated as 0 MW: ['Wind offshore', 'Solar']]",Energy-Charts / ENTSO-E se 2017-07-25 via https://api.energy-charts.info/public_power?country=se&start=2017-07-25&end=2017-07-29
SE,2,2017-07-25T02:00:00Z,7993.0,"energy_charts_residual_load_minus_wind_solar (real 2017; Load−WindOnshore−WindOffshore−Solar; 60min→1h resample) [absent treated as 0 MW: ['Wind offshore', 'Solar']]",Energy-Charts / ENTSO-E se 2017-07-25 via https://api.energy-charts.info/public_power?country=se&start=2017-07-25&end=2017-07-29
SE,3,2017-07-25T03:00:00Z,8028.0,"energy_charts_residual_load_minus_wind_solar (real 2017; Load−WindOnshore−WindOffshore−Solar; 60min→1h resample) [absent treated as 0 MW: ['Wind offshore', 'Solar']]",Energy-Charts / ENTSO-E se 2017-07-25 via https://api.energy-charts.info/public_power?country=se&start=2017-07-25&end=2017-07-29
SE,4,2017-07-25T04:00:00Z,8891.0,"energy_charts_residual_load_minus_wind_solar (real 2017; Load−WindOnshore−WindOffshore−Solar; 60min→1h resample) [absent treated as 0 MW: ['Wind offshore', 'Solar']]",Energy-Charts / ENTSO-E se 2017-07-25 via https://api.energy-charts.info/public_power?country=se&start=2017-07-25&end=2017-07-29
SE,5,2017-07-25T05:00:00Z,10063.0,"energy_charts_residual_load_minus_wind_solar (real 2017; Load−WindOnshore−WindOffshore−Solar; 60min→1h resample) [absent treated as 0 MW: ['Wind offshore', 'Solar']]",Energy-Charts / ENTSO-E se 2017-07-25 via https://api.energy-charts.info/public_power?country=se&start=2017-07-25&end=2017-07-29
SE,6,2017-07-25T06:00:00Z,11176.0,"energy_charts_residual_load_minus_wind_solar (real 2017; Load−WindOnshore−WindOffshore−Solar; 60min→1h resample) [absent treated as 0 MW: ['Wind offshore', 'Solar']]",Energy-Charts / ENTSO-E se 2017-07-25 via https://api.energy-charts.info/public_power?country=se&start=2017-07-25&end=2017-07-29
SE,7,2017-07-25T07:00:00Z,11665.0,"energy_charts_residual_load_minus_wind_solar (real 2017; Load−WindOnshore−WindOffshore−Solar; 60min→1h resample) [absent treated as 0 MW: ['Wind offshore', 'Solar']]",Energy-Charts / ENTSO-E se 2017-07-25 via https://api.energy-charts.info/public_power?country=se&start=2017-07-25&end=2017-07-29
SE,8,2017-07-25T08:00:00Z,11878.0,"energy_charts_residual_load_minus_wind_solar (real 2017; Load−WindOnshore−WindOffshore−Solar; 60min→1h resample) [absent treated as 0 MW: ['Wind offshore', 'Solar']]",Energy-Charts / ENTSO-E se 2017-07-25 via https://api.energy-charts.info/public_power?country=se&start=2017-07-25&end=2017-07-29
SE,9,2017-07-25T09:00:00Z,11929.0,"energy_charts_residual_load_minus_wind_solar (real 2017; Load−WindOnshore−WindOffshore−Solar; 60min→1h resample) [absent treated as 0 MW: ['Wind offshore', 'Solar']]",Energy-Charts / ENTSO-E se 2017-07-25 via https://api.energy-charts.info/public_power?country=se&start=2017-07-25&end=2017-07-29
SE,10,2017-07-25T10:00:00Z,12043.0,"energy_charts_residual_load_minus_wind_solar (real 2017; Load−WindOnshore−WindOffshore−Solar; 60min→1h resample) [absent treated as 0 MW: ['Wind offshore', 'Solar']]",Energy-Charts / ENTSO-E se 2017-07-25 via https://api.energy-charts.info/public_power?country=se&start=2017-07-25&end=2017-07-29
SE,11,2017-07-25T11:00:00Z,12137.0,"energy_charts_residual_load_minus_wind_solar (real 2017; Load−WindOnshore−WindOffshore−Solar; 60min→1h resample) [absent treated as 0 MW: ['Wind offshore', 'Solar']]",Energy-Charts / ENTSO-E se 2017-07-25 via https://api.energy-charts.info/public_power?country=se&start=2017-07-25&end=2017-07-29
SE,12,2017-07-25T12:00:00Z,12114.0,"energy_charts_residual_load_minus_wind_solar (real 2017; Load−WindOnshore−WindOffshore−Solar; 60min→1h resample) [absent treated as 0 MW: ['Wind offshore', 'Solar']]",Energy-Charts / ENTSO-E se 2017-07-25 via https://api.energy-charts.info/public_power?country=se&start=2017-07-25&end=2017-07-29
SE,13,2017-07-25T13:00:00Z,12033.0,"energy_charts_residual_load_minus_wind_solar (real 2017; Load−WindOnshore−WindOffshore−Solar; 60min→1h resample) [absent treated as 0 MW: ['Wind offshore', 'Solar']]",Energy-Charts / ENTSO-E se 2017-07-25 via https://api.energy-charts.info/public_power?country=se&start=2017-07-25&end=2017-07-29
SE,14,2017-07-25T14:00:00Z,11979.0,"energy_charts_residual_load_minus_wind_solar (real 2017; Load−WindOnshore−WindOffshore−Solar; 60min→1h resample) [absent treated as 0 MW: ['Wind offshore', 'Solar']]",Energy-Charts / ENTSO-E se 2017-07-25 via https://api.energy-charts.info/public_power?country=se&start=2017-07-25&end=2017-07-29
SE,15,2017-07-25T15:00:00Z,12100.0,"energy_charts_residual_load_minus_wind_solar (real 2017; Load−WindOnshore−WindOffshore−Solar; 60min→1h resample) [absent treated as 0 MW: ['Wind offshore', 'Solar']]",Energy-Charts / ENTSO-E se 2017-07-25 via https://api.energy-charts.info/public_power?country=se&start=2017-07-25&end=2017-07-29
SE,16,2017-07-25T16:00:00Z,11965.0,"energy_charts_residual_load_minus_wind_solar (real 2017; Load−WindOnshore−WindOffshore−Solar; 60min→1h resample) [absent treated as 0 MW: ['Wind offshore', 'Solar']]",Energy-Charts / ENTSO-E se 2017-07-25 via https://api.energy-charts.info/public_power?country=se&start=2017-07-25&end=2017-07-29
SE,17,2017-07-25T17:00:00Z,11784.0,"energy_charts_residual_load_minus_wind_solar (real 2017; Load−WindOnshore−WindOffshore−Solar; 60min→1h resample) [absent treated as 0 MW: ['Wind offshore', 'Solar']]",Energy-Charts / ENTSO-E se 2017-07-25 via https://api.energy-charts.info/public_power?country=se&start=2017-07-25&end=2017-07-29
SE,18,2017-07-25T18:00:00Z,11397.0,"energy_charts_residual_load_minus_wind_solar (real 2017; Load−WindOnshore−WindOffshore−Solar; 60min→1h resample) [absent treated as 0 MW: ['Wind offshore', 'Solar']]",Energy-Charts / ENTSO-E se 2017-07-25 via https://api.energy-charts.info/public_power?country=se&start=2017-07-25&end=2017-07-29
SE,19,2017-07-25T19:00:00Z,10897.0,"energy_charts_residual_load_minus_wind_solar (real 2017; Load−WindOnshore−WindOffshore−Solar; 60min→1h resample) [absent treated as 0 MW: ['Wind offshore', 'Solar']]",Energy-Charts / ENTSO-E se 2017-07-25 via https://api.energy-charts.info/public_power?country=se&start=2017-07-25&end=2017-07-29
SE,20,2017-07-25T20:00:00Z,10485.0,"energy_charts_residual_load_minus_wind_solar (real 2017; Load−WindOnshore−WindOffshore−Solar; 60min→1h resample) [absent treated as 0 MW: ['Wind offshore', 'Solar']]",Energy-Charts / ENTSO-E se 2017-07-25 via https://api.energy-charts.info/public_power?country=se&start=2017-07-25&end=2017-07-29
SE,21,2017-07-25T21:00:00Z,9668.0,"energy_charts_residual_load_minus_wind_solar (real 2017; Load−WindOnshore−WindOffshore−Solar; 60min→1h resample) [absent treated as 0 MW: ['Wind offshore', 'Solar']]",Energy-Charts / ENTSO-E se 2017-07-25 via https://api.energy-charts.info/public_power?country=se&start=2017-07-25&end=2017-07-29
SE,22,2017-07-25T22:00:00Z,9048.0,"energy_charts_residual_load_minus_wind_solar (real 2017; Load−WindOnshore−WindOffshore−Solar; 60min→1h resample) [absent treated as 0 MW: ['Wind offshore', 'Solar']]",Energy-Charts / ENTSO-E se 2017-07-25 via https://api.energy-charts.info/public_power?country=se&start=2017-07-25&end=2017-07-29
SE,23,2017-07-25T23:00:00Z,8649.0,"energy_charts_residual_load_minus_wind_solar (real 2017; Load−WindOnshore−WindOffshore−Solar; 60min→1h resample) [absent treated as 0 MW: ['Wind offshore', 'Solar']]",Energy-Charts / ENTSO-E se 2017-07-25 via https://api.energy-charts.info/public_power?country=se&start=2017-07-25&end=2017-07-29
SE,24,2017-07-26T00:00:00Z,8357.0,"energy_charts_residual_load_minus_wind_solar (real 2017; Load−WindOnshore−WindOffshore−Solar; 60min→1h resample) [absent treated as 0 MW: ['Wind offshore', 'Solar']]",Energy-Charts / ENTSO-E se 2017-07-25 via https://api.energy-charts.info/public_power?country=se&start=2017-07-25&end=2017-07-29
SE,25,2017-07-26T01:00:00Z,8411.0,"energy_charts_residual_load_minus_wind_solar (real 2017; Load−WindOnshore−WindOffshore−Solar; 60min→1h resample) [absent treated as 0 MW: ['Wind offshore', 'Solar']]",Energy-Charts / ENTSO-E se 2017-07-25 via https://api.energy-charts.info/public_power?country=se&start=2017-07-25&end=2017-07-29
SE,26,2017-07-26T02:00:00Z,8455.0,"energy_charts_residual_load_minus_wind_solar (real 2017; Load−WindOnshore−WindOffshore−Solar; 60min→1h resample) [absent treated as 0 MW: ['Wind offshore', 'Solar']]",Energy-Charts / ENTSO-E se 2017-07-25 via https://api.energy-charts.info/public_power?country=se&start=2017-07-25&end=2017-07-29
SE,27,2017-07-26T03:00:00Z,8511.0,"energy_charts_residual_load_minus_wind_solar (real 2017; Load−WindOnshore−WindOffshore−Solar; 60min→1h resample) [absent treated as 0 MW: ['Wind offshore', 'Solar']]",Energy-Charts / ENTSO-E se 2017-07-25 via https://api.energy-charts.info/public_power?country=se&start=2017-07-25&end=2017-07-29
SE,28,2017-07-26T04:00:00Z,9422.0,"energy_charts_residual_load_minus_wind_solar (real 2017; Load−WindOnshore−WindOffshore−Solar; 60min→1h resample) [absent treated as 0 MW: ['Wind offshore', 'Solar']]",Energy-Charts / ENTSO-E se 2017-07-25 via https://api.energy-charts.info/public_power?country=se&start=2017-07-25&end=2017-07-29
SE,29,2017-07-26T05:00:00Z,10811.0,"energy_charts_residual_load_minus_wind_solar (real 2017; Load−WindOnshore−WindOffshore−Solar; 60min→1h resample) [absent treated as 0 MW: ['Wind offshore', 'Solar']]",Energy-Charts / ENTSO-E se 2017-07-25 via https://api.energy-charts.info/public_power?country=se&start=2017-07-25&end=2017-07-29
SE,30,2017-07-26T06:00:00Z,11772.0,"energy_charts_residual_load_minus_wind_solar (real 2017; Load−WindOnshore−WindOffshore−Solar; 60min→1h resample) [absent treated as 0 MW: ['Wind offshore', 'Solar']]",Energy-Charts / ENTSO-E se 2017-07-25 via https://api.energy-charts.info/public_power?country=se&start=2017-07-25&end=2017-07-29
SE,31,2017-07-26T07:00:00Z,12305.0,"energy_charts_residual_load_minus_wind_solar (real 2017; Load−WindOnshore−WindOffshore−Solar; 60min→1h resample) [absent treated as 0 MW: ['Wind offshore', 'Solar']]",Energy-Charts / ENTSO-E se 2017-07-25 via https://api.energy-charts.info/public_power?country=se&start=2017-07-25&end=2017-07-29
SE,32,2017-07-26T08:00:00Z,12531.0,"energy_charts_residual_load_minus_wind_solar (real 2017; Load−WindOnshore−WindOffshore−Solar; 60min→1h resample) [absent treated as 0 MW: ['Wind offshore', 'Solar']]",Energy-Charts / ENTSO-E se 2017-07-25 via https://api.energy-charts.info/public_power?country=se&start=2017-07-25&end=2017-07-29
SE,33,2017-07-26T09:00:00Z,12779.0,"energy_charts_residual_load_minus_wind_solar (real 2017; Load−WindOnshore−WindOffshore−Solar; 60min→1h resample) [absent treated as 0 MW: ['Wind offshore', 'Solar']]",Energy-Charts / ENTSO-E se 2017-07-25 via https://api.energy-charts.info/public_power?country=se&start=2017-07-25&end=2017-07-29
SE,34,2017-07-26T10:00:00Z,12907.0,"energy_charts_residual_load_minus_wind_solar (real 2017; Load−WindOnshore−WindOffshore−Solar; 60min→1h resample) [absent treated as 0 MW: ['Wind offshore', 'Solar']]",Energy-Charts / ENTSO-E se 2017-07-25 via https://api.energy-charts.info/public_power?country=se&start=2017-07-25&end=2017-07-29
SE,35,2017-07-26T11:00:00Z,12943.0,"energy_charts_residual_load_minus_wind_solar (real 2017; Load−WindOnshore−WindOffshore−Solar; 60min→1h resample) [absent treated as 0 MW: ['Wind offshore', 'Solar']]",Energy-Charts / ENTSO-E se 2017-07-25 via https://api.energy-charts.info/public_power?country=se&start=2017-07-25&end=2017-07-29
SE,36,2017-07-26T12:00:00Z,12861.0,"energy_charts_residual_load_minus_wind_solar (real 2017; Load−WindOnshore−WindOffshore−Solar; 60min→1h resample) [absent treated as 0 MW: ['Wind offshore', 'Solar']]",Energy-Charts / ENTSO-E se 2017-07-25 via https://api.energy-charts.info/public_power?country=se&start=2017-07-25&end=2017-07-29
SE,37,2017-07-26T13:00:00Z,12580.0,"energy_charts_residual_load_minus_wind_solar (real 2017; Load−WindOnshore−WindOffshore−Solar; 60min→1h resample) [absent treated as 0 MW: ['Wind offshore', 'Solar']]",Energy-Charts / ENTSO-E se 2017-07-25 via https://api.energy-charts.info/public_power?country=se&start=2017-07-25&end=2017-07-29
SE,38,2017-07-26T14:00:00Z,12577.0,"energy_charts_residual_load_minus_wind_solar (real 2017; Load−WindOnshore−WindOffshore−Solar; 60min→1h resample) [absent treated as 0 MW: ['Wind offshore', 'Solar']]",Energy-Charts / ENTSO-E se 2017-07-25 via https://api.energy-charts.info/public_power?country=se&start=2017-07-25&end=2017-07-29
SE,39,2017-07-26T15:00:00Z,12621.0,"energy_charts_residual_load_minus_wind_solar (real 2017; Load−WindOnshore−WindOffshore−Solar; 60min→1h resample) [absent treated as 0 MW: ['Wind offshore', 'Solar']]",Energy-Charts / ENTSO-E se 2017-07-25 via https://api.energy-charts.info/public_power?country=se&start=2017-07-25&end=2017-07-29
SE,40,2017-07-26T16:00:00Z,12339.0,"energy_charts_residual_load_minus_wind_solar (real 2017; Load−WindOnshore−WindOffshore−Solar; 60min→1h resample) [absent treated as 0 MW: ['Wind offshore', 'Solar']]",Energy-Charts / ENTSO-E se 2017-07-25 via https://api.energy-charts.info/public_power?country=se&start=2017-07-25&end=2017-07-29
SE,41,2017-07-26T17:00:00Z,12265.0,"energy_charts_residual_load_minus_wind_solar (real 2017; Load−WindOnshore−WindOffshore−Solar; 60min→1h resample) [absent treated as 0 MW: ['Wind offshore', 'Solar']]",Energy-Charts / ENTSO-E se 2017-07-25 via https://api.energy-charts.info/public_power?country=se&start=2017-07-25&end=2017-07-29
SE,42,2017-07-26T18:00:00Z,12043.0,"energy_charts_residual_load_minus_wind_solar (real 2017; Load−WindOnshore−WindOffshore−Solar; 60min→1h resample) [absent treated as 0 MW: ['Wind offshore', 'Solar']]",Energy-Charts / ENTSO-E se 2017-07-25 via https://api.energy-charts.info/public_power?country=se&start=2017-07-25&end=2017-07-29
SE,43,2017-07-26T19:00:00Z,11633.0,"energy_charts_residual_load_minus_wind_solar (real 2017; Load−WindOnshore−WindOffshore−Solar; 60min→1h resample) [absent treated as 0 MW: ['Wind offshore', 'Solar']]",Energy-Charts / ENTSO-E se 2017-07-25 via https://api.energy-charts.info/public_power?country=se&start=2017-07-25&end=2017-07-29
SE,44,2017-07-26T20:00:00Z,11357.0,"energy_charts_residual_load_minus_wind_solar (real 2017; Load−WindOnshore−WindOffshore−Solar; 60min→1h resample) [absent treated as 0 MW: ['Wind offshore', 'Solar']]",Energy-Charts / ENTSO-E se 2017-07-25 via https://api.energy-charts.info/public_power?country=se&start=2017-07-25&end=2017-07-29
SE,45,2017-07-26T21:00:00Z,10644.0,"energy_charts_residual_load_minus_wind_solar (real 2017; Load−WindOnshore−WindOffshore−Solar; 60min→1h resample) [absent treated as 0 MW: ['Wind offshore', 'Solar']]",Energy-Charts / ENTSO-E se 2017-07-25 via https://api.energy-charts.info/public_power?country=se&start=2017-07-25&end=2017-07-29
SE,46,2017-07-26T22:00:00Z,9840.0,"energy_charts_residual_load_minus_wind_solar (real 2017; Load−WindOnshore−WindOffshore−Solar; 60min→1h resample) [absent treated as 0 MW: ['Wind offshore', 'Solar']]",Energy-Charts / ENTSO-E se 2017-07-25 via https://api.energy-charts.info/public_power?country=se&start=2017-07-25&end=2017-07-29
SE,47,2017-07-26T23:00:00Z,9268.0,"energy_charts_residual_load_minus_wind_solar (real 2017; Load−WindOnshore−WindOffshore−Solar; 60min→1h resample) [absent treated as 0 MW: ['Wind offshore', 'Solar']]",Energy-Charts / ENTSO-E se 2017-07-25 via https://api.energy-charts.info/public_power?country=se&start=2017-07-25&end=2017-07-29
SE,48,2017-07-27T00:00:00Z,9075.0,"energy_charts_residual_load_minus_wind_solar (real 2017; Load−WindOnshore−WindOffshore−Solar; 60min→1h resample) [absent treated as 0 MW: ['Wind offshore', 'Solar']]",Energy-Charts / ENTSO-E se 2017-07-25 via https://api.energy-charts.info/public_power?country=se&start=2017-07-25&end=2017-07-29
SE,49,2017-07-27T01:00:00Z,9165.0,"energy_charts_residual_load_minus_wind_solar (real 2017; Load−WindOnshore−WindOffshore−Solar; 60min→1h resample) [absent treated as 0 MW: ['Wind offshore', 'Solar']]",Energy-Charts / ENTSO-E se 2017-07-25 via https://api.energy-charts.info/public_power?country=se&start=2017-07-25&end=2017-07-29
SE,50,2017-07-27T02:00:00Z,9139.0,"energy_charts_residual_load_minus_wind_solar (real 2017; Load−WindOnshore−WindOffshore−Solar; 60min→1h resample) [absent treated as 0 MW: ['Wind offshore', 'Solar']]",Energy-Charts / ENTSO-E se 2017-07-25 via https://api.energy-charts.info/public_power?country=se&start=2017-07-25&end=2017-07-29
SE,51,2017-07-27T03:00:00Z,9097.0,"energy_charts_residual_load_minus_wind_solar (real 2017; Load−WindOnshore−WindOffshore−Solar; 60min→1h resample) [absent treated as 0 MW: ['Wind offshore', 'Solar']]",Energy-Charts / ENTSO-E se 2017-07-25 via https://api.energy-charts.info/public_power?country=se&start=2017-07-25&end=2017-07-29
SE,52,2017-07-27T04:00:00Z,9801.0,"energy_charts_residual_load_minus_wind_solar (real 2017; Load−WindOnshore−WindOffshore−Solar; 60min→1h resample) [absent treated as 0 MW: ['Wind offshore', 'Solar']]",Energy-Charts / ENTSO-E se 2017-07-25 via https://api.energy-charts.info/public_power?country=se&start=2017-07-25&end=2017-07-29
SE,53,2017-07-27T05:00:00Z,11157.0,"energy_charts_residual_load_minus_wind_solar (real 2017; Load−WindOnshore−WindOffshore−Solar; 60min→1h resample) [absent treated as 0 MW: ['Wind offshore', 'Solar']]",Energy-Charts / ENTSO-E se 2017-07-25 via https://api.energy-charts.info/public_power?country=se&start=2017-07-25&end=2017-07-29
SE,54,2017-07-27T06:00:00Z,12188.0,"energy_charts_residual_load_minus_wind_solar (real 2017; Load−WindOnshore−WindOffshore−Solar; 60min→1h resample) [absent treated as 0 MW: ['Wind offshore', 'Solar']]",Energy-Charts / ENTSO-E se 2017-07-25 via https://api.energy-charts.info/public_power?country=se&start=2017-07-25&end=2017-07-29
SE,55,2017-07-27T07:00:00Z,12717.0,"energy_charts_residual_load_minus_wind_solar (real 2017; Load−WindOnshore−WindOffshore−Solar; 60min→1h resample) [absent treated as 0 MW: ['Wind offshore', 'Solar']]",Energy-Charts / ENTSO-E se 2017-07-25 via https://api.energy-charts.info/public_power?country=se&start=2017-07-25&end=2017-07-29
SE,56,2017-07-27T08:00:00Z,12960.0,"energy_charts_residual_load_minus_wind_solar (real 2017; Load−WindOnshore−WindOffshore−Solar; 60min→1h resample) [absent treated as 0 MW: ['Wind offshore', 'Solar']]",Energy-Charts / ENTSO-E se 2017-07-25 via https://api.energy-charts.info/public_power?country=se&start=2017-07-25&end=2017-07-29
SE,57,2017-07-27T09:00:00Z,12956.0,"energy_charts_residual_load_minus_wind_solar (real 2017; Load−WindOnshore−WindOffshore−Solar; 60min→1h resample) [absent treated as 0 MW: ['Wind offshore', 'Solar']]",Energy-Charts / ENTSO-E se 2017-07-25 via https://api.energy-charts.info/public_power?country=se&start=2017-07-25&end=2017-07-29
SE,58,2017-07-27T10:00:00Z,12886.0,"energy_charts_residual_load_minus_wind_solar (real 2017; Load−WindOnshore−WindOffshore−Solar; 60min→1h resample) [absent treated as 0 MW: ['Wind offshore', 'Solar']]",Energy-Charts / ENTSO-E se 2017-07-25 via https://api.energy-charts.info/public_power?country=se&start=2017-07-25&end=2017-07-29
SE,59,2017-07-27T11:00:00Z,12680.0,"energy_charts_residual_load_minus_wind_solar (real 2017; Load−WindOnshore−WindOffshore−Solar; 60min→1h resample) [absent treated as 0 MW: ['Wind offshore', 'Solar']]",Energy-Charts / ENTSO-E se 2017-07-25 via https://api.energy-charts.info/public_power?country=se&start=2017-07-25&end=2017-07-29
SE,60,2017-07-27T12:00:00Z,12478.0,"energy_charts_residual_load_minus_wind_solar (real 2017; Load−WindOnshore−WindOffshore−Solar; 60min→1h resample) [absent treated as 0 MW: ['Wind offshore', 'Solar']]",Energy-Charts / ENTSO-E se 2017-07-25 via https://api.energy-charts.info/public_power?country=se&start=2017-07-25&end=2017-07-29
SE,61,2017-07-27T13:00:00Z,12218.0,"energy_charts_residual_load_minus_wind_solar (real 2017; Load−WindOnshore−WindOffshore−Solar; 60min→1h resample) [absent treated as 0 MW: ['Wind offshore', 'Solar']]",Energy-Charts / ENTSO-E se 2017-07-25 via https://api.energy-charts.info/public_power?country=se&start=2017-07-25&end=2017-07-29
SE,62,2017-07-27T14:00:00Z,12127.0,"energy_charts_residual_load_minus_wind_solar (real 2017; Load−WindOnshore−WindOffshore−Solar; 60min→1h resample) [absent treated as 0 MW: ['Wind offshore', 'Solar']]",Energy-Charts / ENTSO-E se 2017-07-25 via https://api.energy-charts.info/public_power?country=se&start=2017-07-25&end=2017-07-29
SE,63,2017-07-27T15:00:00Z,12149.0,"energy_charts_residual_load_minus_wind_solar (real 2017; Load−WindOnshore−WindOffshore−Solar; 60min→1h resample) [absent treated as 0 MW: ['Wind offshore', 'Solar']]",Energy-Charts / ENTSO-E se 2017-07-25 via https://api.energy-charts.info/public_power?country=se&start=2017-07-25&end=2017-07-29
SE,64,2017-07-27T16:00:00Z,12123.0,"energy_charts_residual_load_minus_wind_solar (real 2017; Load−WindOnshore−WindOffshore−Solar; 60min→1h resample) [absent treated as 0 MW: ['Wind offshore', 'Solar']]",Energy-Charts / ENTSO-E se 2017-07-25 via https://api.energy-charts.info/public_power?country=se&start=2017-07-25&end=2017-07-29
SE,65,2017-07-27T17:00:00Z,11935.0,"energy_charts_residual_load_minus_wind_solar (real 2017; Load−WindOnshore−WindOffshore−Solar; 60min→1h resample) [absent treated as 0 MW: ['Wind offshore', 'Solar']]",Energy-Charts / ENTSO-E se 2017-07-25 via https://api.energy-charts.info/public_power?country=se&start=2017-07-25&end=2017-07-29
SE,66,2017-07-27T18:00:00Z,11393.0,"energy_charts_residual_load_minus_wind_solar (real 2017; Load−WindOnshore−WindOffshore−Solar; 60min→1h resample) [absent treated as 0 MW: ['Wind offshore', 'Solar']]",Energy-Charts / ENTSO-E se 2017-07-25 via https://api.energy-charts.info/public_power?country=se&start=2017-07-25&end=2017-07-29
SE,67,2017-07-27T19:00:00Z,11262.0,"energy_charts_residual_load_minus_wind_solar (real 2017; Load−WindOnshore−WindOffshore−Solar; 60min→1h resample) [absent treated as 0 MW: ['Wind offshore', 'Solar']]",Energy-Charts / ENTSO-E se 2017-07-25 via https://api.energy-charts.info/public_power?country=se&start=2017-07-25&end=2017-07-29
SE,68,2017-07-27T20:00:00Z,10714.0,"energy_charts_residual_load_minus_wind_solar (real 2017; Load−WindOnshore−WindOffshore−Solar; 60min→1h resample) [absent treated as 0 MW: ['Wind offshore', 'Solar']]",Energy-Charts / ENTSO-E se 2017-07-25 via https://api.energy-charts.info/public_power?country=se&start=2017-07-25&end=2017-07-29
SE,69,2017-07-27T21:00:00Z,9889.0,"energy_charts_residual_load_minus_wind_solar (real 2017; Load−WindOnshore−WindOffshore−Solar; 60min→1h resample) [absent treated as 0 MW: ['Wind offshore', 'Solar']]",Energy-Charts / ENTSO-E se 2017-07-25 via https://api.energy-charts.info/public_power?country=se&start=2017-07-25&end=2017-07-29
SE,70,2017-07-27T22:00:00Z,9323.0,"energy_charts_residual_load_minus_wind_solar (real 2017; Load−WindOnshore−WindOffshore−Solar; 60min→1h resample) [absent treated as 0 MW: ['Wind offshore', 'Solar']]",Energy-Charts / ENTSO-E se 2017-07-25 via https://api.energy-charts.info/public_power?country=se&start=2017-07-25&end=2017-07-29
SE,71,2017-07-27T23:00:00Z,9082.0,"energy_charts_residual_load_minus_wind_solar (real 2017; Load−WindOnshore−WindOffshore−Solar; 60min→1h resample) [absent treated as 0 MW: ['Wind offshore', 'Solar']]",Energy-Charts / ENTSO-E se 2017-07-25 via https://api.energy-charts.info/public_power?country=se&start=2017-07-25&end=2017-07-29
SE,72,2017-07-28T00:00:00Z,9092.0,"energy_charts_residual_load_minus_wind_solar (real 2017; Load−WindOnshore−WindOffshore−Solar; 60min→1h resample) [absent treated as 0 MW: ['Wind offshore', 'Solar']]",Energy-Charts / ENTSO-E se 2017-07-25 via https://api.energy-charts.info/public_power?country=se&start=2017-07-25&end=2017-07-29
SE,73,2017-07-28T01:00:00Z,8997.0,"energy_charts_residual_load_minus_wind_solar (real 2017; Load−WindOnshore−WindOffshore−Solar; 60min→1h resample) [absent treated as 0 MW: ['Wind offshore', 'Solar']]",Energy-Charts / ENTSO-E se 2017-07-25 via https://api.energy-charts.info/public_power?country=se&start=2017-07-25&end=2017-07-29
SE,74,2017-07-28T02:00:00Z,8853.0,"energy_charts_residual_load_minus_wind_solar (real 2017; Load−WindOnshore−WindOffshore−Solar; 60min→1h resample) [absent treated as 0 MW: ['Wind offshore', 'Solar']]",Energy-Charts / ENTSO-E se 2017-07-25 via https://api.energy-charts.info/public_power?country=se&start=2017-07-25&end=2017-07-29
SE,75,2017-07-28T03:00:00Z,9125.0,"energy_charts_residual_load_minus_wind_solar (real 2017; Load−WindOnshore−WindOffshore−Solar; 60min→1h resample) [absent treated as 0 MW: ['Wind offshore', 'Solar']]",Energy-Charts / ENTSO-E se 2017-07-25 via https://api.energy-charts.info/public_power?country=se&start=2017-07-25&end=2017-07-29
SE,76,2017-07-28T04:00:00Z,9926.0,"energy_charts_residual_load_minus_wind_solar (real 2017; Load−WindOnshore−WindOffshore−Solar; 60min→1h resample) [absent treated as 0 MW: ['Wind offshore', 'Solar']]",Energy-Charts / ENTSO-E se 2017-07-25 via https://api.energy-charts.info/public_power?country=se&start=2017-07-25&end=2017-07-29
SE,77,2017-07-28T05:00:00Z,11122.0,"energy_charts_residual_load_minus_wind_solar (real 2017; Load−WindOnshore−WindOffshore−Solar; 60min→1h resample) [absent treated as 0 MW: ['Wind offshore', 'Solar']]",Energy-Charts / ENTSO-E se 2017-07-25 via https://api.energy-charts.info/public_power?country=se&start=2017-07-25&end=2017-07-29
SE,78,2017-07-28T06:00:00Z,12100.0,"energy_charts_residual_load_minus_wind_solar (real 2017; Load−WindOnshore−WindOffshore−Solar; 60min→1h resample) [absent treated as 0 MW: ['Wind offshore', 'Solar']]",Energy-Charts / ENTSO-E se 2017-07-25 via https://api.energy-charts.info/public_power?country=se&start=2017-07-25&end=2017-07-29
SE,79,2017-07-28T07:00:00Z,12546.0,"energy_charts_residual_load_minus_wind_solar (real 2017; Load−WindOnshore−WindOffshore−Solar; 60min→1h resample) [absent treated as 0 MW: ['Wind offshore', 'Solar']]",Energy-Charts / ENTSO-E se 2017-07-25 via https://api.energy-charts.info/public_power?country=se&start=2017-07-25&end=2017-07-29
SE,80,2017-07-28T08:00:00Z,12662.0,"energy_charts_residual_load_minus_wind_solar (real 2017; Load−WindOnshore−WindOffshore−Solar; 60min→1h resample) [absent treated as 0 MW: ['Wind offshore', 'Solar']]",Energy-Charts / ENTSO-E se 2017-07-25 via https://api.energy-charts.info/public_power?country=se&start=2017-07-25&end=2017-07-29
SE,81,2017-07-28T09:00:00Z,12575.0,"energy_charts_residual_load_minus_wind_solar (real 2017; Load−WindOnshore−WindOffshore−Solar; 60min→1h resample) [absent treated as 0 MW: ['Wind offshore', 'Solar']]",Energy-Charts / ENTSO-E se 2017-07-25 via https://api.energy-charts.info/public_power?country=se&start=2017-07-25&end=2017-07-29
SE,82,2017-07-28T10:00:00Z,12465.0,"energy_charts_residual_load_minus_wind_solar (real 2017; Load−WindOnshore−WindOffshore−Solar; 60min→1h resample) [absent treated as 0 MW: ['Wind offshore', 'Solar']]",Energy-Charts / ENTSO-E se 2017-07-25 via https://api.energy-charts.info/public_power?country=se&start=2017-07-25&end=2017-07-29
SE,83,2017-07-28T11:00:00Z,12289.0,"energy_charts_residual_load_minus_wind_solar (real 2017; Load−WindOnshore−WindOffshore−Solar; 60min→1h resample) [absent treated as 0 MW: ['Wind offshore', 'Solar']]",Energy-Charts / ENTSO-E se 2017-07-25 via https://api.energy-charts.info/public_power?country=se&start=2017-07-25&end=2017-07-29
SE,84,2017-07-28T12:00:00Z,12141.0,"energy_charts_residual_load_minus_wind_solar (real 2017; Load−WindOnshore−WindOffshore−Solar; 60min→1h resample) [absent treated as 0 MW: ['Wind offshore', 'Solar']]",Energy-Charts / ENTSO-E se 2017-07-25 via https://api.energy-charts.info/public_power?country=se&start=2017-07-25&end=2017-07-29
SE,85,2017-07-28T13:00:00Z,11877.0,"energy_charts_residual_load_minus_wind_solar (real 2017; Load−WindOnshore−WindOffshore−Solar; 60min→1h resample) [absent treated as 0 MW: ['Wind offshore', 'Solar']]",Energy-Charts / ENTSO-E se 2017-07-25 via https://api.energy-charts.info/public_power?country=se&start=2017-07-25&end=2017-07-29
SE,86,2017-07-28T14:00:00Z,11871.0,"energy_charts_residual_load_minus_wind_solar (real 2017; Load−WindOnshore−WindOffshore−Solar; 60min→1h resample) [absent treated as 0 MW: ['Wind offshore', 'Solar']]",Energy-Charts / ENTSO-E se 2017-07-25 via https://api.energy-charts.info/public_power?country=se&start=2017-07-25&end=2017-07-29
SE,87,2017-07-28T15:00:00Z,11566.0,"energy_charts_residual_load_minus_wind_solar (real 2017; Load−WindOnshore−WindOffshore−Solar; 60min→1h resample) [absent treated as 0 MW: ['Wind offshore', 'Solar']]",Energy-Charts / ENTSO-E se 2017-07-25 via https://api.energy-charts.info/public_power?country=se&start=2017-07-25&end=2017-07-29
SE,88,2017-07-28T16:00:00Z,11429.0,"energy_charts_residual_load_minus_wind_solar (real 2017; Load−WindOnshore−WindOffshore−Solar; 60min→1h resample) [absent treated as 0 MW: ['Wind offshore', 'Solar']]",Energy-Charts / ENTSO-E se 2017-07-25 via https://api.energy-charts.info/public_power?country=se&start=2017-07-25&end=2017-07-29
SE,89,2017-07-28T17:00:00Z,11380.0,"energy_charts_residual_load_minus_wind_solar (real 2017; Load−WindOnshore−WindOffshore−Solar; 60min→1h resample) [absent treated as 0 MW: ['Wind offshore', 'Solar']]",Energy-Charts / ENTSO-E se 2017-07-25 via https://api.energy-charts.info/public_power?country=se&start=2017-07-25&end=2017-07-29
SE,90,2017-07-28T18:00:00Z,11202.0,"energy_charts_residual_load_minus_wind_solar (real 2017; Load−WindOnshore−WindOffshore−Solar; 60min→1h resample) [absent treated as 0 MW: ['Wind offshore', 'Solar']]",Energy-Charts / ENTSO-E se 2017-07-25 via https://api.energy-charts.info/public_power?country=se&start=2017-07-25&end=2017-07-29
SE,91,2017-07-28T19:00:00Z,10923.0,"energy_charts_residual_load_minus_wind_solar (real 2017; Load−WindOnshore−WindOffshore−Solar; 60min→1h resample) [absent treated as 0 MW: ['Wind offshore', 'Solar']]",Energy-Charts / ENTSO-E se 2017-07-25 via https://api.energy-charts.info/public_power?country=se&start=2017-07-25&end=2017-07-29
SE,92,2017-07-28T20:00:00Z,10632.0,"energy_charts_residual_load_minus_wind_solar (real 2017; Load−WindOnshore−WindOffshore−Solar; 60min→1h resample) [absent treated as 0 MW: ['Wind offshore', 'Solar']]",Energy-Charts / ENTSO-E se 2017-07-25 via https://api.energy-charts.info/public_power?country=se&start=2017-07-25&end=2017-07-29
SE,93,2017-07-28T21:00:00Z,9963.0,"energy_charts_residual_load_minus_wind_solar (real 2017; Load−WindOnshore−WindOffshore−Solar; 60min→1h resample) [absent treated as 0 MW: ['Wind offshore', 'Solar']]",Energy-Charts / ENTSO-E se 2017-07-25 via https://api.energy-charts.info/public_power?country=se&start=2017-07-25&end=2017-07-29
SE,94,2017-07-28T22:00:00Z,9044.0,"energy_charts_residual_load_minus_wind_solar (real 2017; Load−WindOnshore−WindOffshore−Solar; 60min→1h resample) [absent treated as 0 MW: ['Wind offshore', 'Solar']]",Energy-Charts / ENTSO-E se 2017-07-25 via https://api.energy-charts.info/public_power?country=se&start=2017-07-25&end=2017-07-29
SE,95,2017-07-28T23:00:00Z,8801.0,"energy_charts_residual_load_minus_wind_solar (real 2017; Load−WindOnshore−WindOffshore−Solar; 60min→1h resample) [absent treated as 0 MW: ['Wind offshore', 'Solar']]",Energy-Charts / ENTSO-E se 2017-07-25 via https://api.energy-charts.info/public_power?country=se&start=2017-07-25&end=2017-07-29
PL,0,2017-07-25T00:00:00Z,14045.2,"energy_charts_residual_load_minus_wind_solar (real 2017; Load−WindOnshore−WindOffshore−Solar; 60min→1h resample) [absent treated as 0 MW: ['Wind offshore', 'Solar']]",Energy-Charts / ENTSO-E pl 2017-07-25 via https://api.energy-charts.info/public_power?country=pl&start=2017-07-25&end=2017-07-29
PL,1,2017-07-25T01:00:00Z,14048.5,"energy_charts_residual_load_minus_wind_solar (real 2017; Load−WindOnshore−WindOffshore−Solar; 60min→1h resample) [absent treated as 0 MW: ['Wind offshore', 'Solar']]",Energy-Charts / ENTSO-E pl 2017-07-25 via https://api.energy-charts.info/public_power?country=pl&start=2017-07-25&end=2017-07-29
PL,2,2017-07-25T02:00:00Z,13903.4,"energy_charts_residual_load_minus_wind_solar (real 2017; Load−WindOnshore−WindOffshore−Solar; 60min→1h resample) [absent treated as 0 MW: ['Wind offshore', 'Solar']]",Energy-Charts / ENTSO-E pl 2017-07-25 via https://api.energy-charts.info/public_power?country=pl&start=2017-07-25&end=2017-07-29
PL,3,2017-07-25T03:00:00Z,13913.4,"energy_charts_residual_load_minus_wind_solar (real 2017; Load−WindOnshore−WindOffshore−Solar; 60min→1h resample) [absent treated as 0 MW: ['Wind offshore', 'Solar']]",Energy-Charts / ENTSO-E pl 2017-07-25 via https://api.energy-charts.info/public_power?country=pl&start=2017-07-25&end=2017-07-29
PL,4,2017-07-25T04:00:00Z,16053.1,"energy_charts_residual_load_minus_wind_solar (real 2017; Load−WindOnshore−WindOffshore−Solar; 60min→1h resample) [absent treated as 0 MW: ['Wind offshore', 'Solar']]",Energy-Charts / ENTSO-E pl 2017-07-25 via https://api.energy-charts.info/public_power?country=pl&start=2017-07-25&end=2017-07-29
PL,5,2017-07-25T05:00:00Z,18094.7,"energy_charts_residual_load_minus_wind_solar (real 2017; Load−WindOnshore−WindOffshore−Solar; 60min→1h resample) [absent treated as 0 MW: ['Wind offshore', 'Solar']]",Energy-Charts / ENTSO-E pl 2017-07-25 via https://api.energy-charts.info/public_power?country=pl&start=2017-07-25&end=2017-07-29
PL,6,2017-07-25T06:00:00Z,19316.7,"energy_charts_residual_load_minus_wind_solar (real 2017; Load−WindOnshore−WindOffshore−Solar; 60min→1h resample) [absent treated as 0 MW: ['Wind offshore', 'Solar']]",Energy-Charts / ENTSO-E pl 2017-07-25 via https://api.energy-charts.info/public_power?country=pl&start=2017-07-25&end=2017-07-29
PL,7,2017-07-25T07:00:00Z,19864.2,"energy_charts_residual_load_minus_wind_solar (real 2017; Load−WindOnshore−WindOffshore−Solar; 60min→1h resample) [absent treated as 0 MW: ['Wind offshore', 'Solar']]",Energy-Charts / ENTSO-E pl 2017-07-25 via https://api.energy-charts.info/public_power?country=pl&start=2017-07-25&end=2017-07-29
PL,8,2017-07-25T08:00:00Z,20037.5,"energy_charts_residual_load_minus_wind_solar (real 2017; Load−WindOnshore−WindOffshore−Solar; 60min→1h resample) [absent treated as 0 MW: ['Wind offshore', 'Solar']]",Energy-Charts / ENTSO-E pl 2017-07-25 via https://api.energy-charts.info/public_power?country=pl&start=2017-07-25&end=2017-07-29
PL,9,2017-07-25T09:00:00Z,20355.2,"energy_charts_residual_load_minus_wind_solar (real 2017; Load−WindOnshore−WindOffshore−Solar; 60min→1h resample) [absent treated as 0 MW: ['Wind offshore', 'Solar']]",Energy-Charts / ENTSO-E pl 2017-07-25 via https://api.energy-charts.info/public_power?country=pl&start=2017-07-25&end=2017-07-29
PL,10,2017-07-25T10:00:00Z,20243.8,"energy_charts_residual_load_minus_wind_solar (real 2017; Load−WindOnshore−WindOffshore−Solar; 60min→1h resample) [absent treated as 0 MW: ['Wind offshore', 'Solar']]",Energy-Charts / ENTSO-E pl 2017-07-25 via https://api.energy-charts.info/public_power?country=pl&start=2017-07-25&end=2017-07-29
PL,11,2017-07-25T11:00:00Z,19977.9,"energy_charts_residual_load_minus_wind_solar (real 2017; Load−WindOnshore−WindOffshore−Solar; 60min→1h resample) [absent treated as 0 MW: ['Wind offshore', 'Solar']]",Energy-Charts / ENTSO-E pl 2017-07-25 via https://api.energy-charts.info/public_power?country=pl&start=2017-07-25&end=2017-07-29
PL,12,2017-07-25T12:00:00Z,19468.4,"energy_charts_residual_load_minus_wind_solar (real 2017; Load−WindOnshore−WindOffshore−Solar; 60min→1h resample) [absent treated as 0 MW: ['Wind offshore', 'Solar']]",Energy-Charts / ENTSO-E pl 2017-07-25 via https://api.energy-charts.info/public_power?country=pl&start=2017-07-25&end=2017-07-29
PL,13,2017-07-25T13:00:00Z,19088.0,"energy_charts_residual_load_minus_wind_solar (real 2017; Load−WindOnshore−WindOffshore−Solar; 60min→1h resample) [absent treated as 0 MW: ['Wind offshore', 'Solar']]",Energy-Charts / ENTSO-E pl 2017-07-25 via https://api.energy-charts.info/public_power?country=pl&start=2017-07-25&end=2017-07-29
PL,14,2017-07-25T14:00:00Z,18632.5,"energy_charts_residual_load_minus_wind_solar (real 2017; Load−WindOnshore−WindOffshore−Solar; 60min→1h resample) [absent treated as 0 MW: ['Wind offshore', 'Solar']]",Energy-Charts / ENTSO-E pl 2017-07-25 via https://api.energy-charts.info/public_power?country=pl&start=2017-07-25&end=2017-07-29
PL,15,2017-07-25T15:00:00Z,18331.9,"energy_charts_residual_load_minus_wind_solar (real 2017; Load−WindOnshore−WindOffshore−Solar; 60min→1h resample) [absent treated as 0 MW: ['Wind offshore', 'Solar']]",Energy-Charts / ENTSO-E pl 2017-07-25 via https://api.energy-charts.info/public_power?country=pl&start=2017-07-25&end=2017-07-29
PL,16,2017-07-25T16:00:00Z,18352.1,"energy_charts_residual_load_minus_wind_solar (real 2017; Load−WindOnshore−WindOffshore−Solar; 60min→1h resample) [absent treated as 0 MW: ['Wind offshore', 'Solar']]",Energy-Charts / ENTSO-E pl 2017-07-25 via https://api.energy-charts.info/public_power?country=pl&start=2017-07-25&end=2017-07-29
PL,17,2017-07-25T17:00:00Z,18575.7,"energy_charts_residual_load_minus_wind_solar (real 2017; Load−WindOnshore−WindOffshore−Solar; 60min→1h resample) [absent treated as 0 MW: ['Wind offshore', 'Solar']]",Energy-Charts / ENTSO-E pl 2017-07-25 via https://api.energy-charts.info/public_power?country=pl&start=2017-07-25&end=2017-07-29
PL,18,2017-07-25T18:00:00Z,18877.1,"energy_charts_residual_load_minus_wind_solar (real 2017; Load−WindOnshore−WindOffshore−Solar; 60min→1h resample) [absent treated as 0 MW: ['Wind offshore', 'Solar']]",Energy-Charts / ENTSO-E pl 2017-07-25 via https://api.energy-charts.info/public_power?country=pl&start=2017-07-25&end=2017-07-29
PL,19,2017-07-25T19:00:00Z,18724.4,"energy_charts_residual_load_minus_wind_solar (real 2017; Load−WindOnshore−WindOffshore−Solar; 60min→1h resample) [absent treated as 0 MW: ['Wind offshore', 'Solar']]",Energy-Charts / ENTSO-E pl 2017-07-25 via https://api.energy-charts.info/public_power?country=pl&start=2017-07-25&end=2017-07-29
PL,20,2017-07-25T20:00:00Z,17372.6,"energy_charts_residual_load_minus_wind_solar (real 2017; Load−WindOnshore−WindOffshore−Solar; 60min→1h resample) [absent treated as 0 MW: ['Wind offshore', 'Solar']]",Energy-Charts / ENTSO-E pl 2017-07-25 via https://api.energy-charts.info/public_power?country=pl&start=2017-07-25&end=2017-07-29
PL,21,2017-07-25T21:00:00Z,15904.7,"energy_charts_residual_load_minus_wind_solar (real 2017; Load−WindOnshore−WindOffshore−Solar; 60min→1h resample) [absent treated as 0 MW: ['Wind offshore', 'Solar']]",Energy-Charts / ENTSO-E pl 2017-07-25 via https://api.energy-charts.info/public_power?country=pl&start=2017-07-25&end=2017-07-29
PL,22,2017-07-25T22:00:00Z,14686.5,"energy_charts_residual_load_minus_wind_solar (real 2017; Load−WindOnshore−WindOffshore−Solar; 60min→1h resample) [absent treated as 0 MW: ['Wind offshore', 'Solar']]",Energy-Charts / ENTSO-E pl 2017-07-25 via https://api.energy-charts.info/public_power?country=pl&start=2017-07-25&end=2017-07-29
PL,23,2017-07-25T23:00:00Z,14083.2,"energy_charts_residual_load_minus_wind_solar (real 2017; Load−WindOnshore−WindOffshore−Solar; 60min→1h resample) [absent treated as 0 MW: ['Wind offshore', 'Solar']]",Energy-Charts / ENTSO-E pl 2017-07-25 via https://api.energy-charts.info/public_power?country=pl&start=2017-07-25&end=2017-07-29
PL,24,2017-07-26T00:00:00Z,13578.4,"energy_charts_residual_load_minus_wind_solar (real 2017; Load−WindOnshore−WindOffshore−Solar; 60min→1h resample) [absent treated as 0 MW: ['Wind offshore', 'Solar']]",Energy-Charts / ENTSO-E pl 2017-07-25 via https://api.energy-charts.info/public_power?country=pl&start=2017-07-25&end=2017-07-29
PL,25,2017-07-26T01:00:00Z,13553.3,"energy_charts_residual_load_minus_wind_solar (real 2017; Load−WindOnshore−WindOffshore−Solar; 60min→1h resample) [absent treated as 0 MW: ['Wind offshore', 'Solar']]",Energy-Charts / ENTSO-E pl 2017-07-25 via https://api.energy-charts.info/public_power?country=pl&start=2017-07-25&end=2017-07-29
PL,26,2017-07-26T02:00:00Z,13537.1,"energy_charts_residual_load_minus_wind_solar (real 2017; Load−WindOnshore−WindOffshore−Solar; 60min→1h resample) [absent treated as 0 MW: ['Wind offshore', 'Solar']]",Energy-Charts / ENTSO-E pl 2017-07-25 via https://api.energy-charts.info/public_power?country=pl&start=2017-07-25&end=2017-07-29
PL,27,2017-07-26T03:00:00Z,13604.7,"energy_charts_residual_load_minus_wind_solar (real 2017; Load−WindOnshore−WindOffshore−Solar; 60min→1h resample) [absent treated as 0 MW: ['Wind offshore', 'Solar']]",Energy-Charts / ENTSO-E pl 2017-07-25 via https://api.energy-charts.info/public_power?country=pl&start=2017-07-25&end=2017-07-29
PL,28,2017-07-26T04:00:00Z,15702.7,"energy_charts_residual_load_minus_wind_solar (real 2017; Load−WindOnshore−WindOffshore−Solar; 60min→1h resample) [absent treated as 0 MW: ['Wind offshore', 'Solar']]",Energy-Charts / ENTSO-E pl 2017-07-25 via https://api.energy-charts.info/public_power?country=pl&start=2017-07-25&end=2017-07-29
PL,29,2017-07-26T05:00:00Z,17871.3,"energy_charts_residual_load_minus_wind_solar (real 2017; Load−WindOnshore−WindOffshore−Solar; 60min→1h resample) [absent treated as 0 MW: ['Wind offshore', 'Solar']]",Energy-Charts / ENTSO-E pl 2017-07-25 via https://api.energy-charts.info/public_power?country=pl&start=2017-07-25&end=2017-07-29
PL,30,2017-07-26T06:00:00Z,19132.7,"energy_charts_residual_load_minus_wind_solar (real 2017; Load−WindOnshore−WindOffshore−Solar; 60min→1h resample) [absent treated as 0 MW: ['Wind offshore', 'Solar']]",Energy-Charts / ENTSO-E pl 2017-07-25 via https://api.energy-charts.info/public_power?country=pl&start=2017-07-25&end=2017-07-29
PL,31,2017-07-26T07:00:00Z,19636.5,"energy_charts_residual_load_minus_wind_solar (real 2017; Load−WindOnshore−WindOffshore−Solar; 60min→1h resample) [absent treated as 0 MW: ['Wind offshore', 'Solar']]",Energy-Charts / ENTSO-E pl 2017-07-25 via https://api.energy-charts.info/public_power?country=pl&start=2017-07-25&end=2017-07-29
PL,32,2017-07-26T08:00:00Z,19664.7,"energy_charts_residual_load_minus_wind_solar (real 2017; Load−WindOnshore−WindOffshore−Solar; 60min→1h resample) [absent treated as 0 MW: ['Wind offshore', 'Solar']]",Energy-Charts / ENTSO-E pl 2017-07-25 via https://api.energy-charts.info/public_power?country=pl&start=2017-07-25&end=2017-07-29
PL,33,2017-07-26T09:00:00Z,19945.4,"energy_charts_residual_load_minus_wind_solar (real 2017; Load−WindOnshore−WindOffshore−Solar; 60min→1h resample) [absent treated as 0 MW: ['Wind offshore', 'Solar']]",Energy-Charts / ENTSO-E pl 2017-07-25 via https://api.energy-charts.info/public_power?country=pl&start=2017-07-25&end=2017-07-29
PL,34,2017-07-26T10:00:00Z,20048.2,"energy_charts_residual_load_minus_wind_solar (real 2017; Load−WindOnshore−WindOffshore−Solar; 60min→1h resample) [absent treated as 0 MW: ['Wind offshore', 'Solar']]",Energy-Charts / ENTSO-E pl 2017-07-25 via https://api.energy-charts.info/public_power?country=pl&start=2017-07-25&end=2017-07-29
PL,35,2017-07-26T11:00:00Z,19971.0,"energy_charts_residual_load_minus_wind_solar (real 2017; Load−WindOnshore−WindOffshore−Solar; 60min→1h resample) [absent treated as 0 MW: ['Wind offshore', 'Solar']]",Energy-Charts / ENTSO-E pl 2017-07-25 via https://api.energy-charts.info/public_power?country=pl&start=2017-07-25&end=2017-07-29
PL,36,2017-07-26T12:00:00Z,19594.1,"energy_charts_residual_load_minus_wind_solar (real 2017; Load−WindOnshore−WindOffshore−Solar; 60min→1h resample) [absent treated as 0 MW: ['Wind offshore', 'Solar']]",Energy-Charts / ENTSO-E pl 2017-07-25 via https://api.energy-charts.info/public_power?country=pl&start=2017-07-25&end=2017-07-29
PL,37,2017-07-26T13:00:00Z,19384.1,"energy_charts_residual_load_minus_wind_solar (real 2017; Load−WindOnshore−WindOffshore−Solar; 60min→1h resample) [absent treated as 0 MW: ['Wind offshore', 'Solar']]",Energy-Charts / ENTSO-E pl 2017-07-25 via https://api.energy-charts.info/public_power?country=pl&start=2017-07-25&end=2017-07-29
PL,38,2017-07-26T14:00:00Z,19115.4,"energy_charts_residual_load_minus_wind_solar (real 2017; Load−WindOnshore−WindOffshore−Solar; 60min→1h resample) [absent treated as 0 MW: ['Wind offshore', 'Solar']]",Energy-Charts / ENTSO-E pl 2017-07-25 via https://api.energy-charts.info/public_power?country=pl&start=2017-07-25&end=2017-07-29
PL,39,2017-07-26T15:00:00Z,18713.0,"energy_charts_residual_load_minus_wind_solar (real 2017; Load−WindOnshore−WindOffshore−Solar; 60min→1h resample) [absent treated as 0 MW: ['Wind offshore', 'Solar']]",Energy-Charts / ENTSO-E pl 2017-07-25 via https://api.energy-charts.info/public_power?country=pl&start=2017-07-25&end=2017-07-29
PL,40,2017-07-26T16:00:00Z,18500.7,"energy_charts_residual_load_minus_wind_solar (real 2017; Load−WindOnshore−WindOffshore−Solar; 60min→1h resample) [absent treated as 0 MW: ['Wind offshore', 'Solar']]",Energy-Charts / ENTSO-E pl 2017-07-25 via https://api.energy-charts.info/public_power?country=pl&start=2017-07-25&end=2017-07-29
PL,41,2017-07-26T17:00:00Z,18520.8,"energy_charts_residual_load_minus_wind_solar (real 2017; Load−WindOnshore−WindOffshore−Solar; 60min→1h resample) [absent treated as 0 MW: ['Wind offshore', 'Solar']]",Energy-Charts / ENTSO-E pl 2017-07-25 via https://api.energy-charts.info/public_power?country=pl&start=2017-07-25&end=2017-07-29
PL,42,2017-07-26T18:00:00Z,18796.6,"energy_charts_residual_load_minus_wind_solar (real 2017; Load−WindOnshore−WindOffshore−Solar; 60min→1h resample) [absent treated as 0 MW: ['Wind offshore', 'Solar']]",Energy-Charts / ENTSO-E pl 2017-07-25 via https://api.energy-charts.info/public_power?country=pl&start=2017-07-25&end=2017-07-29
PL,43,2017-07-26T19:00:00Z,18641.1,"energy_charts_residual_load_minus_wind_solar (real 2017; Load−WindOnshore−WindOffshore−Solar; 60min→1h resample) [absent treated as 0 MW: ['Wind offshore', 'Solar']]",Energy-Charts / ENTSO-E pl 2017-07-25 via https://api.energy-charts.info/public_power?country=pl&start=2017-07-25&end=2017-07-29
PL,44,2017-07-26T20:00:00Z,17367.7,"energy_charts_residual_load_minus_wind_solar (real 2017; Load−WindOnshore−WindOffshore−Solar; 60min→1h resample) [absent treated as 0 MW: ['Wind offshore', 'Solar']]",Energy-Charts / ENTSO-E pl 2017-07-25 via https://api.energy-charts.info/public_power?country=pl&start=2017-07-25&end=2017-07-29
PL,45,2017-07-26T21:00:00Z,15714.4,"energy_charts_residual_load_minus_wind_solar (real 2017; Load−WindOnshore−WindOffshore−Solar; 60min→1h resample) [absent treated as 0 MW: ['Wind offshore', 'Solar']]",Energy-Charts / ENTSO-E pl 2017-07-25 via https://api.energy-charts.info/public_power?country=pl&start=2017-07-25&end=2017-07-29
PL,46,2017-07-26T22:00:00Z,14482.6,"energy_charts_residual_load_minus_wind_solar (real 2017; Load−WindOnshore−WindOffshore−Solar; 60min→1h resample) [absent treated as 0 MW: ['Wind offshore', 'Solar']]",Energy-Charts / ENTSO-E pl 2017-07-25 via https://api.energy-charts.info/public_power?country=pl&start=2017-07-25&end=2017-07-29
PL,47,2017-07-26T23:00:00Z,13867.3,"energy_charts_residual_load_minus_wind_solar (real 2017; Load−WindOnshore−WindOffshore−Solar; 60min→1h resample) [absent treated as 0 MW: ['Wind offshore', 'Solar']]",Energy-Charts / ENTSO-E pl 2017-07-25 via https://api.energy-charts.info/public_power?country=pl&start=2017-07-25&end=2017-07-29
PL,48,2017-07-27T00:00:00Z,13628.1,"energy_charts_residual_load_minus_wind_solar (real 2017; Load−WindOnshore−WindOffshore−Solar; 60min→1h resample) [absent treated as 0 MW: ['Wind offshore', 'Solar']]",Energy-Charts / ENTSO-E pl 2017-07-25 via https://api.energy-charts.info/public_power?country=pl&start=2017-07-25&end=2017-07-29
PL,49,2017-07-27T01:00:00Z,13619.6,"energy_charts_residual_load_minus_wind_solar (real 2017; Load−WindOnshore−WindOffshore−Solar; 60min→1h resample) [absent treated as 0 MW: ['Wind offshore', 'Solar']]",Energy-Charts / ENTSO-E pl 2017-07-25 via https://api.energy-charts.info/public_power?country=pl&start=2017-07-25&end=2017-07-29
PL,50,2017-07-27T02:00:00Z,13555.8,"energy_charts_residual_load_minus_wind_solar (real 2017; Load−WindOnshore−WindOffshore−Solar; 60min→1h resample) [absent treated as 0 MW: ['Wind offshore', 'Solar']]",Energy-Charts / ENTSO-E pl 2017-07-25 via https://api.energy-charts.info/public_power?country=pl&start=2017-07-25&end=2017-07-29
PL,51,2017-07-27T03:00:00Z,13670.9,"energy_charts_residual_load_minus_wind_solar (real 2017; Load−WindOnshore−WindOffshore−Solar; 60min→1h resample) [absent treated as 0 MW: ['Wind offshore', 'Solar']]",Energy-Charts / ENTSO-E pl 2017-07-25 via https://api.energy-charts.info/public_power?country=pl&start=2017-07-25&end=2017-07-29
PL,52,2017-07-27T04:00:00Z,15955.1,"energy_charts_residual_load_minus_wind_solar (real 2017; Load−WindOnshore−WindOffshore−Solar; 60min→1h resample) [absent treated as 0 MW: ['Wind offshore', 'Solar']]",Energy-Charts / ENTSO-E pl 2017-07-25 via https://api.energy-charts.info/public_power?country=pl&start=2017-07-25&end=2017-07-29
PL,53,2017-07-27T05:00:00Z,18366.7,"energy_charts_residual_load_minus_wind_solar (real 2017; Load−WindOnshore−WindOffshore−Solar; 60min→1h resample) [absent treated as 0 MW: ['Wind offshore', 'Solar']]",Energy-Charts / ENTSO-E pl 2017-07-25 via https://api.energy-charts.info/public_power?country=pl&start=2017-07-25&end=2017-07-29
PL,54,2017-07-27T06:00:00Z,19917.8,"energy_charts_residual_load_minus_wind_solar (real 2017; Load−WindOnshore−WindOffshore−Solar; 60min→1h resample) [absent treated as 0 MW: ['Wind offshore', 'Solar']]",Energy-Charts / ENTSO-E pl 2017-07-25 via https://api.energy-charts.info/public_power?country=pl&start=2017-07-25&end=2017-07-29
PL,55,2017-07-27T07:00:00Z,20448.8,"energy_charts_residual_load_minus_wind_solar (real 2017; Load−WindOnshore−WindOffshore−Solar; 60min→1h resample) [absent treated as 0 MW: ['Wind offshore', 'Solar']]",Energy-Charts / ENTSO-E pl 2017-07-25 via https://api.energy-charts.info/public_power?country=pl&start=2017-07-25&end=2017-07-29
PL,56,2017-07-27T08:00:00Z,20538.1,"energy_charts_residual_load_minus_wind_solar (real 2017; Load−WindOnshore−WindOffshore−Solar; 60min→1h resample) [absent treated as 0 MW: ['Wind offshore', 'Solar']]",Energy-Charts / ENTSO-E pl 2017-07-25 via https://api.energy-charts.info/public_power?country=pl&start=2017-07-25&end=2017-07-29
PL,57,2017-07-27T09:00:00Z,20606.8,"energy_charts_residual_load_minus_wind_solar (real 2017; Load−WindOnshore−WindOffshore−Solar; 60min→1h resample) [absent treated as 0 MW: ['Wind offshore', 'Solar']]",Energy-Charts / ENTSO-E pl 2017-07-25 via https://api.energy-charts.info/public_power?country=pl&start=2017-07-25&end=2017-07-29
PL,58,2017-07-27T10:00:00Z,20696.3,"energy_charts_residual_load_minus_wind_solar (real 2017; Load−WindOnshore−WindOffshore−Solar; 60min→1h resample) [absent treated as 0 MW: ['Wind offshore', 'Solar']]",Energy-Charts / ENTSO-E pl 2017-07-25 via https://api.energy-charts.info/public_power?country=pl&start=2017-07-25&end=2017-07-29
PL,59,2017-07-27T11:00:00Z,20709.4,"energy_charts_residual_load_minus_wind_solar (real 2017; Load−WindOnshore−WindOffshore−Solar; 60min→1h resample) [absent treated as 0 MW: ['Wind offshore', 'Solar']]",Energy-Charts / ENTSO-E pl 2017-07-25 via https://api.energy-charts.info/public_power?country=pl&start=2017-07-25&end=2017-07-29
PL,60,2017-07-27T12:00:00Z,20348.1,"energy_charts_residual_load_minus_wind_solar (real 2017; Load−WindOnshore−WindOffshore−Solar; 60min→1h resample) [absent treated as 0 MW: ['Wind offshore', 'Solar']]",Energy-Charts / ENTSO-E pl 2017-07-25 via https://api.energy-charts.info/public_power?country=pl&start=2017-07-25&end=2017-07-29
PL,61,2017-07-27T13:00:00Z,20145.2,"energy_charts_residual_load_minus_wind_solar (real 2017; Load−WindOnshore−WindOffshore−Solar; 60min→1h resample) [absent treated as 0 MW: ['Wind offshore', 'Solar']]",Energy-Charts / ENTSO-E pl 2017-07-25 via https://api.energy-charts.info/public_power?country=pl&start=2017-07-25&end=2017-07-29
PL,62,2017-07-27T14:00:00Z,19920.4,"energy_charts_residual_load_minus_wind_solar (real 2017; Load−WindOnshore−WindOffshore−Solar; 60min→1h resample) [absent treated as 0 MW: ['Wind offshore', 'Solar']]",Energy-Charts / ENTSO-E pl 2017-07-25 via https://api.energy-charts.info/public_power?country=pl&start=2017-07-25&end=2017-07-29
PL,63,2017-07-27T15:00:00Z,19655.2,"energy_charts_residual_load_minus_wind_solar (real 2017; Load−WindOnshore−WindOffshore−Solar; 60min→1h resample) [absent treated as 0 MW: ['Wind offshore', 'Solar']]",Energy-Charts / ENTSO-E pl 2017-07-25 via https://api.energy-charts.info/public_power?country=pl&start=2017-07-25&end=2017-07-29
PL,64,2017-07-27T16:00:00Z,19532.8,"energy_charts_residual_load_minus_wind_solar (real 2017; Load−WindOnshore−WindOffshore−Solar; 60min→1h resample) [absent treated as 0 MW: ['Wind offshore', 'Solar']]",Energy-Charts / ENTSO-E pl 2017-07-25 via https://api.energy-charts.info/public_power?country=pl&start=2017-07-25&end=2017-07-29
PL,65,2017-07-27T17:00:00Z,19789.2,"energy_charts_residual_load_minus_wind_solar (real 2017; Load−WindOnshore−WindOffshore−Solar; 60min→1h resample) [absent treated as 0 MW: ['Wind offshore', 'Solar']]",Energy-Charts / ENTSO-E pl 2017-07-25 via https://api.energy-charts.info/public_power?country=pl&start=2017-07-25&end=2017-07-29
PL,66,2017-07-27T18:00:00Z,19852.5,"energy_charts_residual_load_minus_wind_solar (real 2017; Load−WindOnshore−WindOffshore−Solar; 60min→1h resample) [absent treated as 0 MW: ['Wind offshore', 'Solar']]",Energy-Charts / ENTSO-E pl 2017-07-25 via https://api.energy-charts.info/public_power?country=pl&start=2017-07-25&end=2017-07-29
PL,67,2017-07-27T19:00:00Z,19526.6,"energy_charts_residual_load_minus_wind_solar (real 2017; Load−WindOnshore−WindOffshore−Solar; 60min→1h resample) [absent treated as 0 MW: ['Wind offshore', 'Solar']]",Energy-Charts / ENTSO-E pl 2017-07-25 via https://api.energy-charts.info/public_power?country=pl&start=2017-07-25&end=2017-07-29
PL,68,2017-07-27T20:00:00Z,17976.0,"energy_charts_residual_load_minus_wind_solar (real 2017; Load−WindOnshore−WindOffshore−Solar; 60min→1h resample) [absent treated as 0 MW: ['Wind offshore', 'Solar']]",Energy-Charts / ENTSO-E pl 2017-07-25 via https://api.energy-charts.info/public_power?country=pl&start=2017-07-25&end=2017-07-29
PL,69,2017-07-27T21:00:00Z,16550.1,"energy_charts_residual_load_minus_wind_solar (real 2017; Load−WindOnshore−WindOffshore−Solar; 60min→1h resample) [absent treated as 0 MW: ['Wind offshore', 'Solar']]",Energy-Charts / ENTSO-E pl 2017-07-25 via https://api.energy-charts.info/public_power?country=pl&start=2017-07-25&end=2017-07-29
PL,70,2017-07-27T22:00:00Z,15385.2,"energy_charts_residual_load_minus_wind_solar (real 2017; Load−WindOnshore−WindOffshore−Solar; 60min→1h resample) [absent treated as 0 MW: ['Wind offshore', 'Solar']]",Energy-Charts / ENTSO-E pl 2017-07-25 via https://api.energy-charts.info/public_power?country=pl&start=2017-07-25&end=2017-07-29
PL,71,2017-07-27T23:00:00Z,14853.6,"energy_charts_residual_load_minus_wind_solar (real 2017; Load−WindOnshore−WindOffshore−Solar; 60min→1h resample) [absent treated as 0 MW: ['Wind offshore', 'Solar']]",Energy-Charts / ENTSO-E pl 2017-07-25 via https://api.energy-charts.info/public_power?country=pl&start=2017-07-25&end=2017-07-29
PL,72,2017-07-28T00:00:00Z,14473.4,"energy_charts_residual_load_minus_wind_solar (real 2017; Load−WindOnshore−WindOffshore−Solar; 60min→1h resample) [absent treated as 0 MW: ['Wind offshore', 'Solar']]",Energy-Charts / ENTSO-E pl 2017-07-25 via https://api.energy-charts.info/public_power?country=pl&start=2017-07-25&end=2017-07-29
PL,73,2017-07-28T01:00:00Z,14506.2,"energy_charts_residual_load_minus_wind_solar (real 2017; Load−WindOnshore−WindOffshore−Solar; 60min→1h resample) [absent treated as 0 MW: ['Wind offshore', 'Solar']]",Energy-Charts / ENTSO-E pl 2017-07-25 via https://api.energy-charts.info/public_power?country=pl&start=2017-07-25&end=2017-07-29
PL,74,2017-07-28T02:00:00Z,14560.0,"energy_charts_residual_load_minus_wind_solar (real 2017; Load−WindOnshore−WindOffshore−Solar; 60min→1h resample) [absent treated as 0 MW: ['Wind offshore', 'Solar']]",Energy-Charts / ENTSO-E pl 2017-07-25 via https://api.energy-charts.info/public_power?country=pl&start=2017-07-25&end=2017-07-29
PL,75,2017-07-28T03:00:00Z,14543.6,"energy_charts_residual_load_minus_wind_solar (real 2017; Load−WindOnshore−WindOffshore−Solar; 60min→1h resample) [absent treated as 0 MW: ['Wind offshore', 'Solar']]",Energy-Charts / ENTSO-E pl 2017-07-25 via https://api.energy-charts.info/public_power?country=pl&start=2017-07-25&end=2017-07-29
PL,76,2017-07-28T04:00:00Z,16715.7,"energy_charts_residual_load_minus_wind_solar (real 2017; Load−WindOnshore−WindOffshore−Solar; 60min→1h resample) [absent treated as 0 MW: ['Wind offshore', 'Solar']]",Energy-Charts / ENTSO-E pl 2017-07-25 via https://api.energy-charts.info/public_power?country=pl&start=2017-07-25&end=2017-07-29
PL,77,2017-07-28T05:00:00Z,18787.8,"energy_charts_residual_load_minus_wind_solar (real 2017; Load−WindOnshore−WindOffshore−Solar; 60min→1h resample) [absent treated as 0 MW: ['Wind offshore', 'Solar']]",Energy-Charts / ENTSO-E pl 2017-07-25 via https://api.energy-charts.info/public_power?country=pl&start=2017-07-25&end=2017-07-29
PL,78,2017-07-28T06:00:00Z,20169.4,"energy_charts_residual_load_minus_wind_solar (real 2017; Load−WindOnshore−WindOffshore−Solar; 60min→1h resample) [absent treated as 0 MW: ['Wind offshore', 'Solar']]",Energy-Charts / ENTSO-E pl 2017-07-25 via https://api.energy-charts.info/public_power?country=pl&start=2017-07-25&end=2017-07-29
PL,79,2017-07-28T07:00:00Z,20775.3,"energy_charts_residual_load_minus_wind_solar (real 2017; Load−WindOnshore−WindOffshore−Solar; 60min→1h resample) [absent treated as 0 MW: ['Wind offshore', 'Solar']]",Energy-Charts / ENTSO-E pl 2017-07-25 via https://api.energy-charts.info/public_power?country=pl&start=2017-07-25&end=2017-07-29
PL,80,2017-07-28T08:00:00Z,20893.8,"energy_charts_residual_load_minus_wind_solar (real 2017; Load−WindOnshore−WindOffshore−Solar; 60min→1h resample) [absent treated as 0 MW: ['Wind offshore', 'Solar']]",Energy-Charts / ENTSO-E pl 2017-07-25 via https://api.energy-charts.info/public_power?country=pl&start=2017-07-25&end=2017-07-29
PL,81,2017-07-28T09:00:00Z,21133.1,"energy_charts_residual_load_minus_wind_solar (real 2017; Load−WindOnshore−WindOffshore−Solar; 60min→1h resample) [absent treated as 0 MW: ['Wind offshore', 'Solar']]",Energy-Charts / ENTSO-E pl 2017-07-25 via https://api.energy-charts.info/public_power?country=pl&start=2017-07-25&end=2017-07-29
PL,82,2017-07-28T10:00:00Z,21190.0,"energy_charts_residual_load_minus_wind_solar (real 2017; Load−WindOnshore−WindOffshore−Solar; 60min→1h resample) [absent treated as 0 MW: ['Wind offshore', 'Solar']]",Energy-Charts / ENTSO-E pl 2017-07-25 via https://api.energy-charts.info/public_power?country=pl&start=2017-07-25&end=2017-07-29
PL,83,2017-07-28T11:00:00Z,21027.2,"energy_charts_residual_load_minus_wind_solar (real 2017; Load−WindOnshore−WindOffshore−Solar; 60min→1h resample) [absent treated as 0 MW: ['Wind offshore', 'Solar']]",Energy-Charts / ENTSO-E pl 2017-07-25 via https://api.energy-charts.info/public_power?country=pl&start=2017-07-25&end=2017-07-29
PL,84,2017-07-28T12:00:00Z,20443.2,"energy_charts_residual_load_minus_wind_solar (real 2017; Load−WindOnshore−WindOffshore−Solar; 60min→1h resample) [absent treated as 0 MW: ['Wind offshore', 'Solar']]",Energy-Charts / ENTSO-E pl 2017-07-25 via https://api.energy-charts.info/public_power?country=pl&start=2017-07-25&end=2017-07-29
PL,85,2017-07-28T13:00:00Z,20073.5,"energy_charts_residual_load_minus_wind_solar (real 2017; Load−WindOnshore−WindOffshore−Solar; 60min→1h resample) [absent treated as 0 MW: ['Wind offshore', 'Solar']]",Energy-Charts / ENTSO-E pl 2017-07-25 via https://api.energy-charts.info/public_power?country=pl&start=2017-07-25&end=2017-07-29
PL,86,2017-07-28T14:00:00Z,19629.5,"energy_charts_residual_load_minus_wind_solar (real 2017; Load−WindOnshore−WindOffshore−Solar; 60min→1h resample) [absent treated as 0 MW: ['Wind offshore', 'Solar']]",Energy-Charts / ENTSO-E pl 2017-07-25 via https://api.energy-charts.info/public_power?country=pl&start=2017-07-25&end=2017-07-29
PL,87,2017-07-28T15:00:00Z,19245.3,"energy_charts_residual_load_minus_wind_solar (real 2017; Load−WindOnshore−WindOffshore−Solar; 60min→1h resample) [absent treated as 0 MW: ['Wind offshore', 'Solar']]",Energy-Charts / ENTSO-E pl 2017-07-25 via https://api.energy-charts.info/public_power?country=pl&start=2017-07-25&end=2017-07-29
PL,88,2017-07-28T16:00:00Z,19111.4,"energy_charts_residual_load_minus_wind_solar (real 2017; Load−WindOnshore−WindOffshore−Solar; 60min→1h resample) [absent treated as 0 MW: ['Wind offshore', 'Solar']]",Energy-Charts / ENTSO-E pl 2017-07-25 via https://api.energy-charts.info/public_power?country=pl&start=2017-07-25&end=2017-07-29
PL,89,2017-07-28T17:00:00Z,19190.6,"energy_charts_residual_load_minus_wind_solar (real 2017; Load−WindOnshore−WindOffshore−Solar; 60min→1h resample) [absent treated as 0 MW: ['Wind offshore', 'Solar']]",Energy-Charts / ENTSO-E pl 2017-07-25 via https://api.energy-charts.info/public_power?country=pl&start=2017-07-25&end=2017-07-29
PL,90,2017-07-28T18:00:00Z,19202.7,"energy_charts_residual_load_minus_wind_solar (real 2017; Load−WindOnshore−WindOffshore−Solar; 60min→1h resample) [absent treated as 0 MW: ['Wind offshore', 'Solar']]",Energy-Charts / ENTSO-E pl 2017-07-25 via https://api.energy-charts.info/public_power?country=pl&start=2017-07-25&end=2017-07-29
PL,91,2017-07-28T19:00:00Z,19124.1,"energy_charts_residual_load_minus_wind_solar (real 2017; Load−WindOnshore−WindOffshore−Solar; 60min→1h resample) [absent treated as 0 MW: ['Wind offshore', 'Solar']]",Energy-Charts / ENTSO-E pl 2017-07-25 via https://api.energy-charts.info/public_power?country=pl&start=2017-07-25&end=2017-07-29
PL,92,2017-07-28T20:00:00Z,17553.3,"energy_charts_residual_load_minus_wind_solar (real 2017; Load−WindOnshore−WindOffshore−Solar; 60min→1h resample) [absent treated as 0 MW: ['Wind offshore', 'Solar']]",Energy-Charts / ENTSO-E pl 2017-07-25 via https://api.energy-charts.info/public_power?country=pl&start=2017-07-25&end=2017-07-29
PL,93,2017-07-28T21:00:00Z,15976.2,"energy_charts_residual_load_minus_wind_solar (real 2017; Load−WindOnshore−WindOffshore−Solar; 60min→1h resample) [absent treated as 0 MW: ['Wind offshore', 'Solar']]",Energy-Charts / ENTSO-E pl 2017-07-25 via https://api.energy-charts.info/public_power?country=pl&start=2017-07-25&end=2017-07-29
PL,94,2017-07-28T22:00:00Z,14567.3,"energy_charts_residual_load_minus_wind_solar (real 2017; Load−WindOnshore−WindOffshore−Solar; 60min→1h resample) [absent treated as 0 MW: ['Wind offshore', 'Solar']]",Energy-Charts / ENTSO-E pl 2017-07-25 via https://api.energy-charts.info/public_power?country=pl&start=2017-07-25&end=2017-07-29
PL,95,2017-07-28T23:00:00Z,13879.6,"energy_charts_residual_load_minus_wind_solar (real 2017; Load−WindOnshore−WindOffshore−Solar; 60min→1h resample) [absent treated as 0 MW: ['Wind offshore', 'Solar']]",Energy-Charts / ENTSO-E pl 2017-07-25 via https://api.energy-charts.info/public_power?country=pl&start=2017-07-25&end=2017-07-29
