region,slot_index,weather_time_utc,wet_bulb_c,direct_wue_l_per_kwh,pue,cooling_kappa,evaporative_mode_active,evaporative_engagement,model
DE,0,2017-07-25T00:00:00Z,11.836,0.03,1.12,hybrid_economized,False,0.0,"open-meteo archive + climate-driven hybrid-economized cooling (region_cooling_profiles base), T-dependent PUE"
DE,1,2017-07-25T01:00:00Z,12.106,0.03,1.12,hybrid_economized,False,0.0,"open-meteo archive + climate-driven hybrid-economized cooling (region_cooling_profiles base), T-dependent PUE"
DE,2,2017-07-25T02:00:00Z,11.934,0.03,1.12,hybrid_economized,False,0.0,"open-meteo archive + climate-driven hybrid-economized cooling (region_cooling_profiles base), T-dependent PUE"
DE,3,2017-07-25T03:00:00Z,11.856,0.03,1.12,hybrid_economized,False,0.0,"open-meteo archive + climate-driven hybrid-economized cooling (region_cooling_profiles base), T-dependent PUE"
DE,4,2017-07-25T04:00:00Z,11.758,0.03,1.12,hybrid_economized,False,0.0,"open-meteo archive + climate-driven hybrid-economized cooling (region_cooling_profiles base), T-dependent PUE"
DE,5,2017-07-25T05:00:00Z,11.923,0.03,1.12,hybrid_economized,False,0.0,"open-meteo archive + climate-driven hybrid-economized cooling (region_cooling_profiles base), T-dependent PUE"
DE,6,2017-07-25T06:00:00Z,12.203,0.03,1.12,hybrid_economized,False,0.0,"open-meteo archive + climate-driven hybrid-economized cooling (region_cooling_profiles base), T-dependent PUE"
DE,7,2017-07-25T07:00:00Z,12.288,0.03,1.12,hybrid_economized,False,0.0,"open-meteo archive + climate-driven hybrid-economized cooling (region_cooling_profiles base), T-dependent PUE"
DE,8,2017-07-25T08:00:00Z,12.633,0.03,1.12,hybrid_economized,False,0.0,"open-meteo archive + climate-driven hybrid-economized cooling (region_cooling_profiles base), T-dependent PUE"
DE,9,2017-07-25T09:00:00Z,12.809,0.03,1.12,hybrid_economized,False,0.0,"open-meteo archive + climate-driven hybrid-economized cooling (region_cooling_profiles base), T-dependent PUE"
DE,10,2017-07-25T10:00:00Z,13.113,0.03,1.12,hybrid_economized,False,0.0,"open-meteo archive + climate-driven hybrid-economized cooling (region_cooling_profiles base), T-dependent PUE"
DE,11,2017-07-25T11:00:00Z,14.08,0.03,1.12,hybrid_economized,False,0.0,"open-meteo archive + climate-driven hybrid-economized cooling (region_cooling_profiles base), T-dependent PUE"
DE,12,2017-07-25T12:00:00Z,14.095,0.03,1.12,hybrid_economized,False,0.0,"open-meteo archive + climate-driven hybrid-economized cooling (region_cooling_profiles base), T-dependent PUE"
DE,13,2017-07-25T13:00:00Z,13.915,0.03,1.12,hybrid_economized,False,0.0,"open-meteo archive + climate-driven hybrid-economized cooling (region_cooling_profiles base), T-dependent PUE"
DE,14,2017-07-25T14:00:00Z,14.337,0.03,1.12,hybrid_economized,False,0.0,"open-meteo archive + climate-driven hybrid-economized cooling (region_cooling_profiles base), T-dependent PUE"
DE,15,2017-07-25T15:00:00Z,14.224,0.03,1.12,hybrid_economized,False,0.0,"open-meteo archive + climate-driven hybrid-economized cooling (region_cooling_profiles base), T-dependent PUE"
DE,16,2017-07-25T16:00:00Z,14.013,0.03,1.12,hybrid_economized,False,0.0,"open-meteo archive + climate-driven hybrid-economized cooling (region_cooling_profiles base), T-dependent PUE"
DE,17,2017-07-25T17:00:00Z,13.621,0.03,1.12,hybrid_economized,False,0.0,"open-meteo archive + climate-driven hybrid-economized cooling (region_cooling_profiles base), T-dependent PUE"
DE,18,2017-07-25T18:00:00Z,13.621,0.03,1.12,hybrid_economized,False,0.0,"open-meteo archive + climate-driven hybrid-economized cooling (region_cooling_profiles base), T-dependent PUE"
DE,19,2017-07-25T19:00:00Z,13.536,0.03,1.12,hybrid_economized,False,0.0,"open-meteo archive + climate-driven hybrid-economized cooling (region_cooling_profiles base), T-dependent PUE"
DE,20,2017-07-25T20:00:00Z,13.254,0.03,1.12,hybrid_economized,False,0.0,"open-meteo archive + climate-driven hybrid-economized cooling (region_cooling_profiles base), T-dependent PUE"
DE,21,2017-07-25T21:00:00Z,13.352,0.03,1.12,hybrid_economized,False,0.0,"open-meteo archive + climate-driven hybrid-economized cooling (region_cooling_profiles base), T-dependent PUE"
DE,22,2017-07-25T22:00:00Z,13.365,0.03,1.12,hybrid_economized,False,0.0,"open-meteo archive + climate-driven hybrid-economized cooling (region_cooling_profiles base), T-dependent PUE"
DE,23,2017-07-25T23:00:00Z,13.488,0.03,1.12,hybrid_economized,False,0.0,"open-meteo archive + climate-driven hybrid-economized cooling (region_cooling_profiles base), T-dependent PUE"
DE,24,2017-07-26T00:00:00Z,13.802,0.03,1.12,hybrid_economized,False,0.0,"open-meteo archive + climate-driven hybrid-economized cooling (region_cooling_profiles base), T-dependent PUE"
DE,25,2017-07-26T01:00:00Z,13.621,0.03,1.12,hybrid_economized,False,0.0,"open-meteo archive + climate-driven hybrid-economized cooling (region_cooling_profiles base), T-dependent PUE"
DE,26,2017-07-26T02:00:00Z,13.188,0.03,1.12,hybrid_economized,False,0.0,"open-meteo archive + climate-driven hybrid-economized cooling (region_cooling_profiles base), T-dependent PUE"
DE,27,2017-07-26T03:00:00Z,12.993,0.03,1.12,hybrid_economized,False,0.0,"open-meteo archive + climate-driven hybrid-economized cooling (region_cooling_profiles base), T-dependent PUE"
DE,28,2017-07-26T04:00:00Z,13.104,0.03,1.12,hybrid_economized,False,0.0,"open-meteo archive + climate-driven hybrid-economized cooling (region_cooling_profiles base), T-dependent PUE"
DE,29,2017-07-26T05:00:00Z,13.425,0.03,1.12,hybrid_economized,False,0.0,"open-meteo archive + climate-driven hybrid-economized cooling (region_cooling_profiles base), T-dependent PUE"
DE,30,2017-07-26T06:00:00Z,13.704,0.03,1.12,hybrid_economized,False,0.0,"open-meteo archive + climate-driven hybrid-economized cooling (region_cooling_profiles base), T-dependent PUE"
DE,31,2017-07-26T07:00:00Z,14.399,0.03,1.12,hybrid_economized,False,0.0,"open-meteo archive + climate-driven hybrid-economized cooling (region_cooling_profiles base), T-dependent PUE"
DE,32,2017-07-26T08:00:00Z,14.553,0.03,1.12,hybrid_economized,False,0.0,"open-meteo archive + climate-driven hybrid-economized cooling (region_cooling_profiles base), T-dependent PUE"
DE,33,2017-07-26T09:00:00Z,14.63,0.03,1.12,hybrid_economized,False,0.0,"open-meteo archive + climate-driven hybrid-economized cooling (region_cooling_profiles base), T-dependent PUE"
DE,34,2017-07-26T10:00:00Z,14.696,0.03,1.12,hybrid_economized,False,0.0,"open-meteo archive + climate-driven hybrid-economized cooling (region_cooling_profiles base), T-dependent PUE"
DE,35,2017-07-26T11:00:00Z,15.125,0.03,1.12,hybrid_economized,False,0.0,"open-meteo archive + climate-driven hybrid-economized cooling (region_cooling_profiles base), T-dependent PUE"
DE,36,2017-07-26T12:00:00Z,15.248,0.03,1.12,hybrid_economized,False,0.0,"open-meteo archive + climate-driven hybrid-economized cooling (region_cooling_profiles base), T-dependent PUE"
DE,37,2017-07-26T13:00:00Z,15.266,0.03,1.12,hybrid_economized,False,0.0,"open-meteo archive + climate-driven hybrid-economized cooling (region_cooling_profiles base), T-dependent PUE"
DE,38,2017-07-26T14:00:00Z,15.369,0.03,1.1272,hybrid_economized,False,0.0,"open-meteo archive + climate-driven hybrid-economized cooling (region_cooling_profiles base), T-dependent PUE"
DE,39,2017-07-26T15:00:00Z,15.376,0.03,1.138,hybrid_economized,False,0.0,"open-meteo archive + climate-driven hybrid-economized cooling (region_cooling_profiles base), T-dependent PUE"
DE,40,2017-07-26T16:00:00Z,15.232,0.03,1.1434,hybrid_economized,False,0.0,"open-meteo archive + climate-driven hybrid-economized cooling (region_cooling_profiles base), T-dependent PUE"
DE,41,2017-07-26T17:00:00Z,15.554,0.03,1.1362,hybrid_economized,False,0.0,"open-meteo archive + climate-driven hybrid-economized cooling (region_cooling_profiles base), T-dependent PUE"
DE,42,2017-07-26T18:00:00Z,16.28,0.03,1.12,hybrid_economized,False,0.0,"open-meteo archive + climate-driven hybrid-economized cooling (region_cooling_profiles base), T-dependent PUE"
DE,43,2017-07-26T19:00:00Z,14.817,0.03,1.12,hybrid_economized,False,0.0,"open-meteo archive + climate-driven hybrid-economized cooling (region_cooling_profiles base), T-dependent PUE"
DE,44,2017-07-26T20:00:00Z,14.015,0.03,1.12,hybrid_economized,False,0.0,"open-meteo archive + climate-driven hybrid-economized cooling (region_cooling_profiles base), T-dependent PUE"
DE,45,2017-07-26T21:00:00Z,13.53,0.03,1.12,hybrid_economized,False,0.0,"open-meteo archive + climate-driven hybrid-economized cooling (region_cooling_profiles base), T-dependent PUE"
DE,46,2017-07-26T22:00:00Z,13.209,0.03,1.12,hybrid_economized,False,0.0,"open-meteo archive + climate-driven hybrid-economized cooling (region_cooling_profiles base), T-dependent PUE"
DE,47,2017-07-26T23:00:00Z,12.482,0.03,1.12,hybrid_economized,False,0.0,"open-meteo archive + climate-driven hybrid-economized cooling (region_cooling_profiles base), T-dependent PUE"
DE,48,2017-07-27T00:00:00Z,13.091,0.03,1.12,hybrid_economized,False,0.0,"open-meteo archive + climate-driven hybrid-economized cooling (region_cooling_profiles base), T-dependent PUE"
DE,49,2017-07-27T01:00:00Z,13.434,0.03,1.12,hybrid_economized,False,0.0,"open-meteo archive + climate-driven hybrid-economized cooling (region_cooling_profiles base), T-dependent PUE"
DE,50,2017-07-27T02:00:00Z,13.634,0.03,1.12,hybrid_economized,False,0.0,"open-meteo archive + climate-driven hybrid-economized cooling (region_cooling_profiles base), T-dependent PUE"
DE,51,2017-07-27T03:00:00Z,14.054,0.03,1.12,hybrid_economized,False,0.0,"open-meteo archive + climate-driven hybrid-economized cooling (region_cooling_profiles base), T-dependent PUE"
DE,52,2017-07-27T04:00:00Z,14.399,0.03,1.12,hybrid_economized,False,0.0,"open-meteo archive + climate-driven hybrid-economized cooling (region_cooling_profiles base), T-dependent PUE"
DE,53,2017-07-27T05:00:00Z,14.647,0.03,1.12,hybrid_economized,False,0.0,"open-meteo archive + climate-driven hybrid-economized cooling (region_cooling_profiles base), T-dependent PUE"
DE,54,2017-07-27T06:00:00Z,15.25,0.03,1.12,hybrid_economized,False,0.0,"open-meteo archive + climate-driven hybrid-economized cooling (region_cooling_profiles base), T-dependent PUE"
DE,55,2017-07-27T07:00:00Z,16.301,0.03,1.12,hybrid_economized,False,0.0,"open-meteo archive + climate-driven hybrid-economized cooling (region_cooling_profiles base), T-dependent PUE"
DE,56,2017-07-27T08:00:00Z,16.953,0.0653,1.12,hybrid_economized,False,0.0616,"open-meteo archive + climate-driven hybrid-economized cooling (region_cooling_profiles base), T-dependent PUE"
DE,57,2017-07-27T09:00:00Z,17.418,0.1586,1.12,hybrid_economized,False,0.2236,"open-meteo archive + climate-driven hybrid-economized cooling (region_cooling_profiles base), T-dependent PUE"
DE,58,2017-07-27T10:00:00Z,18.231,0.3858,1.1349,hybrid_economized,True,0.6147,"open-meteo archive + climate-driven hybrid-economized cooling (region_cooling_profiles base), T-dependent PUE"
DE,59,2017-07-27T11:00:00Z,18.181,0.3715,1.1407,hybrid_economized,True,0.5903,"open-meteo archive + climate-driven hybrid-economized cooling (region_cooling_profiles base), T-dependent PUE"
DE,60,2017-07-27T12:00:00Z,17.692,0.2308,1.1241,hybrid_economized,False,0.3482,"open-meteo archive + climate-driven hybrid-economized cooling (region_cooling_profiles base), T-dependent PUE"
DE,61,2017-07-27T13:00:00Z,17.938,0.3008,1.1386,hybrid_economized,False,0.4688,"open-meteo archive + climate-driven hybrid-economized cooling (region_cooling_profiles base), T-dependent PUE"
DE,62,2017-07-27T14:00:00Z,17.251,0.12,1.1216,hybrid_economized,False,0.1567,"open-meteo archive + climate-driven hybrid-economized cooling (region_cooling_profiles base), T-dependent PUE"
DE,63,2017-07-27T15:00:00Z,17.725,0.2399,1.1336,hybrid_economized,False,0.364,"open-meteo archive + climate-driven hybrid-economized cooling (region_cooling_profiles base), T-dependent PUE"
DE,64,2017-07-27T16:00:00Z,16.936,0.0629,1.12,hybrid_economized,False,0.0573,"open-meteo archive + climate-driven hybrid-economized cooling (region_cooling_profiles base), T-dependent PUE"
DE,65,2017-07-27T17:00:00Z,16.803,0.0464,1.12,hybrid_economized,False,0.0286,"open-meteo archive + climate-driven hybrid-economized cooling (region_cooling_profiles base), T-dependent PUE"
DE,66,2017-07-27T18:00:00Z,16.883,0.0557,1.12,hybrid_economized,False,0.0448,"open-meteo archive + climate-driven hybrid-economized cooling (region_cooling_profiles base), T-dependent PUE"
DE,67,2017-07-27T19:00:00Z,16.659,0.0347,1.12,hybrid_economized,False,0.0082,"open-meteo archive + climate-driven hybrid-economized cooling (region_cooling_profiles base), T-dependent PUE"
DE,68,2017-07-27T20:00:00Z,16.376,0.03,1.12,hybrid_economized,False,0.0,"open-meteo archive + climate-driven hybrid-economized cooling (region_cooling_profiles base), T-dependent PUE"
DE,69,2017-07-27T21:00:00Z,16.01,0.03,1.12,hybrid_economized,False,0.0,"open-meteo archive + climate-driven hybrid-economized cooling (region_cooling_profiles base), T-dependent PUE"
DE,70,2017-07-27T22:00:00Z,15.796,0.03,1.12,hybrid_economized,False,0.0,"open-meteo archive + climate-driven hybrid-economized cooling (region_cooling_profiles base), T-dependent PUE"
DE,71,2017-07-27T23:00:00Z,15.833,0.03,1.12,hybrid_economized,False,0.0,"open-meteo archive + climate-driven hybrid-economized cooling (region_cooling_profiles base), T-dependent PUE"
DE,72,2017-07-28T00:00:00Z,15.786,0.03,1.12,hybrid_economized,False,0.0,"open-meteo archive + climate-driven hybrid-economized cooling (region_cooling_profiles base), T-dependent PUE"
DE,73,2017-07-28T01:00:00Z,15.273,0.03,1.12,hybrid_economized,False,0.0,"open-meteo archive + climate-driven hybrid-economized cooling (region_cooling_profiles base), T-dependent PUE"
DE,74,2017-07-28T02:00:00Z,14.307,0.03,1.12,hybrid_economized,False,0.0,"open-meteo archive + climate-driven hybrid-economized cooling (region_cooling_profiles base), T-dependent PUE"
DE,75,2017-07-28T03:00:00Z,13.465,0.03,1.12,hybrid_economized,False,0.0,"open-meteo archive + climate-driven hybrid-economized cooling (region_cooling_profiles base), T-dependent PUE"
DE,76,2017-07-28T04:00:00Z,12.648,0.03,1.12,hybrid_economized,False,0.0,"open-meteo archive + climate-driven hybrid-economized cooling (region_cooling_profiles base), T-dependent PUE"
DE,77,2017-07-28T05:00:00Z,12.441,0.03,1.12,hybrid_economized,False,0.0,"open-meteo archive + climate-driven hybrid-economized cooling (region_cooling_profiles base), T-dependent PUE"
DE,78,2017-07-28T06:00:00Z,13.366,0.03,1.12,hybrid_economized,False,0.0,"open-meteo archive + climate-driven hybrid-economized cooling (region_cooling_profiles base), T-dependent PUE"
DE,79,2017-07-28T07:00:00Z,14.234,0.03,1.12,hybrid_economized,False,0.0,"open-meteo archive + climate-driven hybrid-economized cooling (region_cooling_profiles base), T-dependent PUE"
DE,80,2017-07-28T08:00:00Z,14.581,0.03,1.12,hybrid_economized,False,0.0,"open-meteo archive + climate-driven hybrid-economized cooling (region_cooling_profiles base), T-dependent PUE"
DE,81,2017-07-28T09:00:00Z,14.533,0.03,1.12,hybrid_economized,False,0.0,"open-meteo archive + climate-driven hybrid-economized cooling (region_cooling_profiles base), T-dependent PUE"
DE,82,2017-07-28T10:00:00Z,14.524,0.03,1.1344,hybrid_economized,False,0.0,"open-meteo archive + climate-driven hybrid-economized cooling (region_cooling_profiles base), T-dependent PUE"
DE,83,2017-07-28T11:00:00Z,14.505,0.03,1.1488,hybrid_economized,False,0.0,"open-meteo archive + climate-driven hybrid-economized cooling (region_cooling_profiles base), T-dependent PUE"
DE,84,2017-07-28T12:00:00Z,15.129,0.03,1.147,hybrid_economized,False,0.0,"open-meteo archive + climate-driven hybrid-economized cooling (region_cooling_profiles base), T-dependent PUE"
DE,85,2017-07-28T13:00:00Z,15.388,0.03,1.1524,hybrid_economized,False,0.0,"open-meteo archive + climate-driven hybrid-economized cooling (region_cooling_profiles base), T-dependent PUE"
DE,86,2017-07-28T14:00:00Z,15.247,0.03,1.1524,hybrid_economized,False,0.0,"open-meteo archive + climate-driven hybrid-economized cooling (region_cooling_profiles base), T-dependent PUE"
DE,87,2017-07-28T15:00:00Z,15.247,0.03,1.1524,hybrid_economized,False,0.0,"open-meteo archive + climate-driven hybrid-economized cooling (region_cooling_profiles base), T-dependent PUE"
DE,88,2017-07-28T16:00:00Z,14.989,0.03,1.147,hybrid_economized,False,0.0,"open-meteo archive + climate-driven hybrid-economized cooling (region_cooling_profiles base), T-dependent PUE"
DE,89,2017-07-28T17:00:00Z,15.153,0.03,1.1362,hybrid_economized,False,0.0,"open-meteo archive + climate-driven hybrid-economized cooling (region_cooling_profiles base), T-dependent PUE"
DE,90,2017-07-28T18:00:00Z,14.702,0.03,1.12,hybrid_economized,False,0.0,"open-meteo archive + climate-driven hybrid-economized cooling (region_cooling_profiles base), T-dependent PUE"
DE,91,2017-07-28T19:00:00Z,14.733,0.03,1.12,hybrid_economized,False,0.0,"open-meteo archive + climate-driven hybrid-economized cooling (region_cooling_profiles base), T-dependent PUE"
DE,92,2017-07-28T20:00:00Z,14.009,0.03,1.12,hybrid_economized,False,0.0,"open-meteo archive + climate-driven hybrid-economized cooling (region_cooling_profiles base), T-dependent PUE"
DE,93,2017-07-28T21:00:00Z,14.587,0.03,1.12,hybrid_economized,False,0.0,"open-meteo archive + climate-driven hybrid-economized cooling (region_cooling_profiles base), T-dependent PUE"
DE,94,2017-07-28T22:00:00Z,14.374,0.03,1.12,hybrid_economized,False,0.0,"open-meteo archive + climate-driven hybrid-economized cooling (region_cooling_profiles base), T-dependent PUE"
DE,95,2017-07-28T23:00:00Z,14.305,0.03,1.12,hybrid_economized,False,0.0,"open-meteo archive + climate-driven hybrid-economized cooling (region_cooling_profiles base), T-dependent PUE"
FR,0,2017-07-25T00:00:00Z,13.982,0.03,1.12,hybrid_economized,False,0.0,"open-meteo archive + climate-driven hybrid-economized cooling (region_cooling_profiles base), T-dependent PUE"
FR,1,2017-07-25T01:00:00Z,13.915,0.03,1.12,hybrid_economized,False,0.0,"open-meteo archive + climate-driven hybrid-economized cooling (region_cooling_profiles base), T-dependent PUE"
FR,2,2017-07-25T02:00:00Z,13.831,0.03,1.12,hybrid_economized,False,0.0,"open-meteo archive + climate-driven hybrid-economized cooling (region_cooling_profiles base), T-dependent PUE"
FR,3,2017-07-25T03:00:00Z,13.634,0.03,1.12,hybrid_economized,False,0.0,"open-meteo archive + climate-driven hybrid-economized cooling (region_cooling_profiles base), T-dependent PUE"
FR,4,2017-07-25T04:00:00Z,13.451,0.03,1.12,hybrid_economized,False,0.0,"open-meteo archive + climate-driven hybrid-economized cooling (region_cooling_profiles base), T-dependent PUE"
FR,5,2017-07-25T05:00:00Z,13.831,0.03,1.12,hybrid_economized,False,0.0,"open-meteo archive + climate-driven hybrid-economized cooling (region_cooling_profiles base), T-dependent PUE"
FR,6,2017-07-25T06:00:00Z,14.111,0.03,1.12,hybrid_economized,False,0.0,"open-meteo archive + climate-driven hybrid-economized cooling (region_cooling_profiles base), T-dependent PUE"
FR,7,2017-07-25T07:00:00Z,14.188,0.03,1.12,hybrid_economized,False,0.0,"open-meteo archive + climate-driven hybrid-economized cooling (region_cooling_profiles base), T-dependent PUE"
FR,8,2017-07-25T08:00:00Z,14.305,0.03,1.12,hybrid_economized,False,0.0,"open-meteo archive + climate-driven hybrid-economized cooling (region_cooling_profiles base), T-dependent PUE"
FR,9,2017-07-25T09:00:00Z,14.458,0.03,1.12,hybrid_economized,False,0.0,"open-meteo archive + climate-driven hybrid-economized cooling (region_cooling_profiles base), T-dependent PUE"
FR,10,2017-07-25T10:00:00Z,14.663,0.03,1.12,hybrid_economized,False,0.0,"open-meteo archive + climate-driven hybrid-economized cooling (region_cooling_profiles base), T-dependent PUE"
FR,11,2017-07-25T11:00:00Z,14.883,0.03,1.1362,hybrid_economized,False,0.0,"open-meteo archive + climate-driven hybrid-economized cooling (region_cooling_profiles base), T-dependent PUE"
FR,12,2017-07-25T12:00:00Z,14.656,0.03,1.12,hybrid_economized,False,0.0,"open-meteo archive + climate-driven hybrid-economized cooling (region_cooling_profiles base), T-dependent PUE"
FR,13,2017-07-25T13:00:00Z,14.94,0.03,1.12,hybrid_economized,False,0.0,"open-meteo archive + climate-driven hybrid-economized cooling (region_cooling_profiles base), T-dependent PUE"
FR,14,2017-07-25T14:00:00Z,15.329,0.03,1.1398,hybrid_economized,False,0.0,"open-meteo archive + climate-driven hybrid-economized cooling (region_cooling_profiles base), T-dependent PUE"
FR,15,2017-07-25T15:00:00Z,15.153,0.03,1.1362,hybrid_economized,False,0.0,"open-meteo archive + climate-driven hybrid-economized cooling (region_cooling_profiles base), T-dependent PUE"
FR,16,2017-07-25T16:00:00Z,15.232,0.03,1.1434,hybrid_economized,False,0.0,"open-meteo archive + climate-driven hybrid-economized cooling (region_cooling_profiles base), T-dependent PUE"
FR,17,2017-07-25T17:00:00Z,14.888,0.03,1.1254,hybrid_economized,False,0.0,"open-meteo archive + climate-driven hybrid-economized cooling (region_cooling_profiles base), T-dependent PUE"
FR,18,2017-07-25T18:00:00Z,14.573,0.03,1.12,hybrid_economized,False,0.0,"open-meteo archive + climate-driven hybrid-economized cooling (region_cooling_profiles base), T-dependent PUE"
FR,19,2017-07-25T19:00:00Z,14.056,0.03,1.12,hybrid_economized,False,0.0,"open-meteo archive + climate-driven hybrid-economized cooling (region_cooling_profiles base), T-dependent PUE"
FR,20,2017-07-25T20:00:00Z,13.451,0.03,1.12,hybrid_economized,False,0.0,"open-meteo archive + climate-driven hybrid-economized cooling (region_cooling_profiles base), T-dependent PUE"
FR,21,2017-07-25T21:00:00Z,13.16,0.03,1.12,hybrid_economized,False,0.0,"open-meteo archive + climate-driven hybrid-economized cooling (region_cooling_profiles base), T-dependent PUE"
FR,22,2017-07-25T22:00:00Z,13.027,0.03,1.12,hybrid_economized,False,0.0,"open-meteo archive + climate-driven hybrid-economized cooling (region_cooling_profiles base), T-dependent PUE"
FR,23,2017-07-25T23:00:00Z,12.809,0.03,1.12,hybrid_economized,False,0.0,"open-meteo archive + climate-driven hybrid-economized cooling (region_cooling_profiles base), T-dependent PUE"
FR,24,2017-07-26T00:00:00Z,13.08,0.03,1.12,hybrid_economized,False,0.0,"open-meteo archive + climate-driven hybrid-economized cooling (region_cooling_profiles base), T-dependent PUE"
FR,25,2017-07-26T01:00:00Z,12.617,0.03,1.12,hybrid_economized,False,0.0,"open-meteo archive + climate-driven hybrid-economized cooling (region_cooling_profiles base), T-dependent PUE"
FR,26,2017-07-26T02:00:00Z,12.921,0.03,1.12,hybrid_economized,False,0.0,"open-meteo archive + climate-driven hybrid-economized cooling (region_cooling_profiles base), T-dependent PUE"
FR,27,2017-07-26T03:00:00Z,11.884,0.03,1.12,hybrid_economized,False,0.0,"open-meteo archive + climate-driven hybrid-economized cooling (region_cooling_profiles base), T-dependent PUE"
FR,28,2017-07-26T04:00:00Z,11.694,0.03,1.12,hybrid_economized,False,0.0,"open-meteo archive + climate-driven hybrid-economized cooling (region_cooling_profiles base), T-dependent PUE"
FR,29,2017-07-26T05:00:00Z,12.052,0.03,1.12,hybrid_economized,False,0.0,"open-meteo archive + climate-driven hybrid-economized cooling (region_cooling_profiles base), T-dependent PUE"
FR,30,2017-07-26T06:00:00Z,13.08,0.03,1.12,hybrid_economized,False,0.0,"open-meteo archive + climate-driven hybrid-economized cooling (region_cooling_profiles base), T-dependent PUE"
FR,31,2017-07-26T07:00:00Z,14.177,0.03,1.12,hybrid_economized,False,0.0,"open-meteo archive + climate-driven hybrid-economized cooling (region_cooling_profiles base), T-dependent PUE"
FR,32,2017-07-26T08:00:00Z,14.74,0.03,1.12,hybrid_economized,False,0.0,"open-meteo archive + climate-driven hybrid-economized cooling (region_cooling_profiles base), T-dependent PUE"
FR,33,2017-07-26T09:00:00Z,15.464,0.03,1.1398,hybrid_economized,False,0.0,"open-meteo archive + climate-driven hybrid-economized cooling (region_cooling_profiles base), T-dependent PUE"
FR,34,2017-07-26T10:00:00Z,16.049,0.03,1.1632,hybrid_economized,False,0.0,"open-meteo archive + climate-driven hybrid-economized cooling (region_cooling_profiles base), T-dependent PUE"
FR,35,2017-07-26T11:00:00Z,16.203,0.03,1.1884,hybrid_economized,False,0.0,"open-meteo archive + climate-driven hybrid-economized cooling (region_cooling_profiles base), T-dependent PUE"
FR,36,2017-07-26T12:00:00Z,16.858,0.0526,1.1726,hybrid_economized,False,0.0394,"open-meteo archive + climate-driven hybrid-economized cooling (region_cooling_profiles base), T-dependent PUE"
FR,37,2017-07-26T13:00:00Z,17.176,0.1043,1.1381,hybrid_economized,False,0.1293,"open-meteo archive + climate-driven hybrid-economized cooling (region_cooling_profiles base), T-dependent PUE"
FR,38,2017-07-26T14:00:00Z,16.841,0.0506,1.12,hybrid_economized,False,0.0359,"open-meteo archive + climate-driven hybrid-economized cooling (region_cooling_profiles base), T-dependent PUE"
FR,39,2017-07-26T15:00:00Z,16.448,0.03,1.12,hybrid_economized,False,0.0,"open-meteo archive + climate-driven hybrid-economized cooling (region_cooling_profiles base), T-dependent PUE"
FR,40,2017-07-26T16:00:00Z,17.185,0.1062,1.12,hybrid_economized,False,0.1326,"open-meteo archive + climate-driven hybrid-economized cooling (region_cooling_profiles base), T-dependent PUE"
FR,41,2017-07-26T17:00:00Z,17.696,0.2318,1.1297,hybrid_economized,False,0.3499,"open-meteo archive + climate-driven hybrid-economized cooling (region_cooling_profiles base), T-dependent PUE"
FR,42,2017-07-26T18:00:00Z,17.758,0.2492,1.1267,hybrid_economized,False,0.38,"open-meteo archive + climate-driven hybrid-economized cooling (region_cooling_profiles base), T-dependent PUE"
FR,43,2017-07-26T19:00:00Z,17.567,0.1967,1.1244,hybrid_economized,False,0.2895,"open-meteo archive + climate-driven hybrid-economized cooling (region_cooling_profiles base), T-dependent PUE"
FR,44,2017-07-26T20:00:00Z,17.376,0.1485,1.1216,hybrid_economized,False,0.206,"open-meteo archive + climate-driven hybrid-economized cooling (region_cooling_profiles base), T-dependent PUE"
FR,45,2017-07-26T21:00:00Z,17.049,0.0807,1.12,hybrid_economized,False,0.0883,"open-meteo archive + climate-driven hybrid-economized cooling (region_cooling_profiles base), T-dependent PUE"
FR,46,2017-07-26T22:00:00Z,16.135,0.03,1.12,hybrid_economized,False,0.0,"open-meteo archive + climate-driven hybrid-economized cooling (region_cooling_profiles base), T-dependent PUE"
FR,47,2017-07-26T23:00:00Z,15.632,0.03,1.12,hybrid_economized,False,0.0,"open-meteo archive + climate-driven hybrid-economized cooling (region_cooling_profiles base), T-dependent PUE"
FR,48,2017-07-27T00:00:00Z,16.137,0.03,1.12,hybrid_economized,False,0.0,"open-meteo archive + climate-driven hybrid-economized cooling (region_cooling_profiles base), T-dependent PUE"
FR,49,2017-07-27T01:00:00Z,16.137,0.03,1.12,hybrid_economized,False,0.0,"open-meteo archive + climate-driven hybrid-economized cooling (region_cooling_profiles base), T-dependent PUE"
FR,50,2017-07-27T02:00:00Z,16.182,0.03,1.12,hybrid_economized,False,0.0,"open-meteo archive + climate-driven hybrid-economized cooling (region_cooling_profiles base), T-dependent PUE"
FR,51,2017-07-27T03:00:00Z,16.01,0.03,1.12,hybrid_economized,False,0.0,"open-meteo archive + climate-driven hybrid-economized cooling (region_cooling_profiles base), T-dependent PUE"
FR,52,2017-07-27T04:00:00Z,16.031,0.03,1.12,hybrid_economized,False,0.0,"open-meteo archive + climate-driven hybrid-economized cooling (region_cooling_profiles base), T-dependent PUE"
FR,53,2017-07-27T05:00:00Z,16.169,0.03,1.12,hybrid_economized,False,0.0,"open-meteo archive + climate-driven hybrid-economized cooling (region_cooling_profiles base), T-dependent PUE"
FR,54,2017-07-27T06:00:00Z,16.406,0.03,1.12,hybrid_economized,False,0.0,"open-meteo archive + climate-driven hybrid-economized cooling (region_cooling_profiles base), T-dependent PUE"
FR,55,2017-07-27T07:00:00Z,16.504,0.03,1.12,hybrid_economized,False,0.0,"open-meteo archive + climate-driven hybrid-economized cooling (region_cooling_profiles base), T-dependent PUE"
FR,56,2017-07-27T08:00:00Z,16.504,0.03,1.12,hybrid_economized,False,0.0,"open-meteo archive + climate-driven hybrid-economized cooling (region_cooling_profiles base), T-dependent PUE"
FR,57,2017-07-27T09:00:00Z,15.847,0.03,1.12,hybrid_economized,False,0.0,"open-meteo archive + climate-driven hybrid-economized cooling (region_cooling_profiles base), T-dependent PUE"
FR,58,2017-07-27T10:00:00Z,16.082,0.03,1.12,hybrid_economized,False,0.0,"open-meteo archive + climate-driven hybrid-economized cooling (region_cooling_profiles base), T-dependent PUE"
FR,59,2017-07-27T11:00:00Z,16.437,0.03,1.12,hybrid_economized,False,0.0,"open-meteo archive + climate-driven hybrid-economized cooling (region_cooling_profiles base), T-dependent PUE"
FR,60,2017-07-27T12:00:00Z,16.498,0.03,1.12,hybrid_economized,False,0.0,"open-meteo archive + climate-driven hybrid-economized cooling (region_cooling_profiles base), T-dependent PUE"
FR,61,2017-07-27T13:00:00Z,16.564,0.0308,1.138,hybrid_economized,False,0.0014,"open-meteo archive + climate-driven hybrid-economized cooling (region_cooling_profiles base), T-dependent PUE"
FR,62,2017-07-27T14:00:00Z,16.311,0.03,1.1434,hybrid_economized,False,0.0,"open-meteo archive + climate-driven hybrid-economized cooling (region_cooling_profiles base), T-dependent PUE"
FR,63,2017-07-27T15:00:00Z,15.641,0.03,1.1434,hybrid_economized,False,0.0,"open-meteo archive + climate-driven hybrid-economized cooling (region_cooling_profiles base), T-dependent PUE"
FR,64,2017-07-27T16:00:00Z,14.747,0.03,1.1362,hybrid_economized,False,0.0,"open-meteo archive + climate-driven hybrid-economized cooling (region_cooling_profiles base), T-dependent PUE"
FR,65,2017-07-27T17:00:00Z,14.164,0.03,1.1326,hybrid_economized,False,0.0,"open-meteo archive + climate-driven hybrid-economized cooling (region_cooling_profiles base), T-dependent PUE"
FR,66,2017-07-27T18:00:00Z,13.871,0.03,1.1236,hybrid_economized,False,0.0,"open-meteo archive + climate-driven hybrid-economized cooling (region_cooling_profiles base), T-dependent PUE"
FR,67,2017-07-27T19:00:00Z,13.4,0.03,1.12,hybrid_economized,False,0.0,"open-meteo archive + climate-driven hybrid-economized cooling (region_cooling_profiles base), T-dependent PUE"
FR,68,2017-07-27T20:00:00Z,13.369,0.03,1.12,hybrid_economized,False,0.0,"open-meteo archive + climate-driven hybrid-economized cooling (region_cooling_profiles base), T-dependent PUE"
FR,69,2017-07-27T21:00:00Z,13.135,0.03,1.12,hybrid_economized,False,0.0,"open-meteo archive + climate-driven hybrid-economized cooling (region_cooling_profiles base), T-dependent PUE"
FR,70,2017-07-27T22:00:00Z,13.455,0.03,1.12,hybrid_economized,False,0.0,"open-meteo archive + climate-driven hybrid-economized cooling (region_cooling_profiles base), T-dependent PUE"
FR,71,2017-07-27T23:00:00Z,13.462,0.03,1.12,hybrid_economized,False,0.0,"open-meteo archive + climate-driven hybrid-economized cooling (region_cooling_profiles base), T-dependent PUE"
FR,72,2017-07-28T00:00:00Z,13.359,0.03,1.12,hybrid_economized,False,0.0,"open-meteo archive + climate-driven hybrid-economized cooling (region_cooling_profiles base), T-dependent PUE"
FR,73,2017-07-28T01:00:00Z,13.369,0.03,1.12,hybrid_economized,False,0.0,"open-meteo archive + climate-driven hybrid-economized cooling (region_cooling_profiles base), T-dependent PUE"
FR,74,2017-07-28T02:00:00Z,13.135,0.03,1.12,hybrid_economized,False,0.0,"open-meteo archive + climate-driven hybrid-economized cooling (region_cooling_profiles base), T-dependent PUE"
FR,75,2017-07-28T03:00:00Z,12.837,0.03,1.12,hybrid_economized,False,0.0,"open-meteo archive + climate-driven hybrid-economized cooling (region_cooling_profiles base), T-dependent PUE"
FR,76,2017-07-28T04:00:00Z,12.855,0.03,1.12,hybrid_economized,False,0.0,"open-meteo archive + climate-driven hybrid-economized cooling (region_cooling_profiles base), T-dependent PUE"
FR,77,2017-07-28T05:00:00Z,12.905,0.03,1.12,hybrid_economized,False,0.0,"open-meteo archive + climate-driven hybrid-economized cooling (region_cooling_profiles base), T-dependent PUE"
FR,78,2017-07-28T06:00:00Z,13.519,0.03,1.12,hybrid_economized,False,0.0,"open-meteo archive + climate-driven hybrid-economized cooling (region_cooling_profiles base), T-dependent PUE"
FR,79,2017-07-28T07:00:00Z,13.833,0.03,1.12,hybrid_economized,False,0.0,"open-meteo archive + climate-driven hybrid-economized cooling (region_cooling_profiles base), T-dependent PUE"
FR,80,2017-07-28T08:00:00Z,14.031,0.03,1.12,hybrid_economized,False,0.0,"open-meteo archive + climate-driven hybrid-economized cooling (region_cooling_profiles base), T-dependent PUE"
FR,81,2017-07-28T09:00:00Z,14.217,0.03,1.12,hybrid_economized,False,0.0,"open-meteo archive + climate-driven hybrid-economized cooling (region_cooling_profiles base), T-dependent PUE"
FR,82,2017-07-28T10:00:00Z,14.747,0.03,1.1362,hybrid_economized,False,0.0,"open-meteo archive + climate-driven hybrid-economized cooling (region_cooling_profiles base), T-dependent PUE"
FR,83,2017-07-28T11:00:00Z,14.818,0.03,1.1524,hybrid_economized,False,0.0,"open-meteo archive + climate-driven hybrid-economized cooling (region_cooling_profiles base), T-dependent PUE"
FR,84,2017-07-28T12:00:00Z,15.105,0.03,1.1524,hybrid_economized,False,0.0,"open-meteo archive + climate-driven hybrid-economized cooling (region_cooling_profiles base), T-dependent PUE"
FR,85,2017-07-28T13:00:00Z,14.988,0.03,1.156,hybrid_economized,False,0.0,"open-meteo archive + climate-driven hybrid-economized cooling (region_cooling_profiles base), T-dependent PUE"
FR,86,2017-07-28T14:00:00Z,14.947,0.03,1.1614,hybrid_economized,False,0.0,"open-meteo archive + climate-driven hybrid-economized cooling (region_cooling_profiles base), T-dependent PUE"
FR,87,2017-07-28T15:00:00Z,15.242,0.03,1.1614,hybrid_economized,False,0.0,"open-meteo archive + climate-driven hybrid-economized cooling (region_cooling_profiles base), T-dependent PUE"
FR,88,2017-07-28T16:00:00Z,15.618,0.03,1.1632,hybrid_economized,False,0.0,"open-meteo archive + climate-driven hybrid-economized cooling (region_cooling_profiles base), T-dependent PUE"
FR,89,2017-07-28T17:00:00Z,15.388,0.03,1.1524,hybrid_economized,False,0.0,"open-meteo archive + climate-driven hybrid-economized cooling (region_cooling_profiles base), T-dependent PUE"
FR,90,2017-07-28T18:00:00Z,15.442,0.03,1.1506,hybrid_economized,False,0.0,"open-meteo archive + climate-driven hybrid-economized cooling (region_cooling_profiles base), T-dependent PUE"
FR,91,2017-07-28T19:00:00Z,15.329,0.03,1.1398,hybrid_economized,False,0.0,"open-meteo archive + climate-driven hybrid-economized cooling (region_cooling_profiles base), T-dependent PUE"
FR,92,2017-07-28T20:00:00Z,15.239,0.03,1.1272,hybrid_economized,False,0.0,"open-meteo archive + climate-driven hybrid-economized cooling (region_cooling_profiles base), T-dependent PUE"
FR,93,2017-07-28T21:00:00Z,14.7,0.03,1.12,hybrid_economized,False,0.0,"open-meteo archive + climate-driven hybrid-economized cooling (region_cooling_profiles base), T-dependent PUE"
FR,94,2017-07-28T22:00:00Z,14.367,0.03,1.12,hybrid_economized,False,0.0,"open-meteo archive + climate-driven hybrid-economized cooling (region_cooling_profiles base), T-dependent PUE"
FR,95,2017-07-28T23:00:00Z,14.334,0.03,1.12,hybrid_economized,False,0.0,"open-meteo archive + climate-driven hybrid-economized cooling (region_cooling_profiles base), T-dependent PUE"
ES,0,2017-07-25T00:00:00Z,14.674,0.047,1.1522,hybrid_economized,False,0.0097,"open-meteo archive + climate-driven hybrid-economized cooling (region_cooling_profiles base), T-dependent PUE"
ES,1,2017-07-25T01:00:00Z,14.4,0.04,1.129,hybrid_economized,False,0.0,"open-meteo archive + climate-driven hybrid-economized cooling (region_cooling_profiles base), T-dependent PUE"
ES,2,2017-07-25T02:00:00Z,14.097,0.04,1.12,hybrid_economized,False,0.0,"open-meteo archive + climate-driven hybrid-economized cooling (region_cooling_profiles base), T-dependent PUE"
ES,3,2017-07-25T03:00:00Z,13.646,0.04,1.12,hybrid_economized,False,0.0,"open-meteo archive + climate-driven hybrid-economized cooling (region_cooling_profiles base), T-dependent PUE"
ES,4,2017-07-25T04:00:00Z,13.359,0.04,1.12,hybrid_economized,False,0.0,"open-meteo archive + climate-driven hybrid-economized cooling (region_cooling_profiles base), T-dependent PUE"
ES,5,2017-07-25T05:00:00Z,13.093,0.04,1.12,hybrid_economized,False,0.0,"open-meteo archive + climate-driven hybrid-economized cooling (region_cooling_profiles base), T-dependent PUE"
ES,6,2017-07-25T06:00:00Z,13.093,0.04,1.12,hybrid_economized,False,0.0,"open-meteo archive + climate-driven hybrid-economized cooling (region_cooling_profiles base), T-dependent PUE"
ES,7,2017-07-25T07:00:00Z,13.557,0.04,1.12,hybrid_economized,False,0.0,"open-meteo archive + climate-driven hybrid-economized cooling (region_cooling_profiles base), T-dependent PUE"
ES,8,2017-07-25T08:00:00Z,14.043,0.04,1.1272,hybrid_economized,False,0.0,"open-meteo archive + climate-driven hybrid-economized cooling (region_cooling_profiles base), T-dependent PUE"
ES,9,2017-07-25T09:00:00Z,14.261,0.04,1.1596,hybrid_economized,False,0.0,"open-meteo archive + climate-driven hybrid-economized cooling (region_cooling_profiles base), T-dependent PUE"
ES,10,2017-07-25T10:00:00Z,14.731,0.4014,1.168,hybrid_economized,False,0.5,"open-meteo archive + climate-driven hybrid-economized cooling (region_cooling_profiles base), T-dependent PUE"
ES,11,2017-07-25T11:00:00Z,15.073,0.7651,1.1554,hybrid_economized,True,1.0,"open-meteo archive + climate-driven hybrid-economized cooling (region_cooling_profiles base), T-dependent PUE"
ES,12,2017-07-25T12:00:00Z,15.523,0.7682,1.168,hybrid_economized,True,1.0,"open-meteo archive + climate-driven hybrid-economized cooling (region_cooling_profiles base), T-dependent PUE"
ES,13,2017-07-25T13:00:00Z,15.827,0.7702,1.177,hybrid_economized,True,1.0,"open-meteo archive + climate-driven hybrid-economized cooling (region_cooling_profiles base), T-dependent PUE"
ES,14,2017-07-25T14:00:00Z,15.669,0.7691,1.183,hybrid_economized,True,1.0,"open-meteo archive + climate-driven hybrid-economized cooling (region_cooling_profiles base), T-dependent PUE"
ES,15,2017-07-25T15:00:00Z,15.516,0.7681,1.1872,hybrid_economized,True,1.0,"open-meteo archive + climate-driven hybrid-economized cooling (region_cooling_profiles base), T-dependent PUE"
ES,16,2017-07-25T16:00:00Z,16.025,0.7714,1.189,hybrid_economized,True,1.0,"open-meteo archive + climate-driven hybrid-economized cooling (region_cooling_profiles base), T-dependent PUE"
ES,17,2017-07-25T17:00:00Z,16.351,0.7735,1.192,hybrid_economized,True,1.0,"open-meteo archive + climate-driven hybrid-economized cooling (region_cooling_profiles base), T-dependent PUE"
ES,18,2017-07-25T18:00:00Z,15.829,0.7702,1.1872,hybrid_economized,True,1.0,"open-meteo archive + climate-driven hybrid-economized cooling (region_cooling_profiles base), T-dependent PUE"
ES,19,2017-07-25T19:00:00Z,15.084,0.7652,1.1728,hybrid_economized,True,1.0,"open-meteo archive + climate-driven hybrid-economized cooling (region_cooling_profiles base), T-dependent PUE"
ES,20,2017-07-25T20:00:00Z,14.51,0.7611,1.1614,hybrid_economized,True,1.0,"open-meteo archive + climate-driven hybrid-economized cooling (region_cooling_profiles base), T-dependent PUE"
ES,21,2017-07-25T21:00:00Z,14.093,0.7557,1.1526,hybrid_economized,True,0.9967,"open-meteo archive + climate-driven hybrid-economized cooling (region_cooling_profiles base), T-dependent PUE"
ES,22,2017-07-25T22:00:00Z,13.951,0.5385,1.1625,hybrid_economized,True,0.6953,"open-meteo archive + climate-driven hybrid-economized cooling (region_cooling_profiles base), T-dependent PUE"
ES,23,2017-07-25T23:00:00Z,13.839,0.1656,1.1725,hybrid_economized,False,0.1754,"open-meteo archive + climate-driven hybrid-economized cooling (region_cooling_profiles base), T-dependent PUE"
ES,24,2017-07-26T00:00:00Z,13.478,0.04,1.1596,hybrid_economized,False,0.0,"open-meteo archive + climate-driven hybrid-economized cooling (region_cooling_profiles base), T-dependent PUE"
ES,25,2017-07-26T01:00:00Z,13.234,0.04,1.147,hybrid_economized,False,0.0,"open-meteo archive + climate-driven hybrid-economized cooling (region_cooling_profiles base), T-dependent PUE"
ES,26,2017-07-26T02:00:00Z,13.014,0.04,1.129,hybrid_economized,False,0.0,"open-meteo archive + climate-driven hybrid-economized cooling (region_cooling_profiles base), T-dependent PUE"
ES,27,2017-07-26T03:00:00Z,12.905,0.04,1.12,hybrid_economized,False,0.0,"open-meteo archive + climate-driven hybrid-economized cooling (region_cooling_profiles base), T-dependent PUE"
ES,28,2017-07-26T04:00:00Z,12.494,0.04,1.12,hybrid_economized,False,0.0,"open-meteo archive + climate-driven hybrid-economized cooling (region_cooling_profiles base), T-dependent PUE"
ES,29,2017-07-26T05:00:00Z,12.152,0.04,1.12,hybrid_economized,False,0.0,"open-meteo archive + climate-driven hybrid-economized cooling (region_cooling_profiles base), T-dependent PUE"
ES,30,2017-07-26T06:00:00Z,12.324,0.04,1.12,hybrid_economized,False,0.0,"open-meteo archive + climate-driven hybrid-economized cooling (region_cooling_profiles base), T-dependent PUE"
ES,31,2017-07-26T07:00:00Z,12.821,0.04,1.12,hybrid_economized,False,0.0,"open-meteo archive + climate-driven hybrid-economized cooling (region_cooling_profiles base), T-dependent PUE"
ES,32,2017-07-26T08:00:00Z,13.538,0.04,1.147,hybrid_economized,False,0.0,"open-meteo archive + climate-driven hybrid-economized cooling (region_cooling_profiles base), T-dependent PUE"
ES,33,2017-07-26T09:00:00Z,14.665,0.2942,1.171,hybrid_economized,False,0.352,"open-meteo archive + climate-driven hybrid-economized cooling (region_cooling_profiles base), T-dependent PUE"
ES,34,2017-07-26T10:00:00Z,15.423,0.7675,1.1566,hybrid_economized,True,1.0,"open-meteo archive + climate-driven hybrid-economized cooling (region_cooling_profiles base), T-dependent PUE"
ES,35,2017-07-26T11:00:00Z,16.13,0.7721,1.1692,hybrid_economized,True,1.0,"open-meteo archive + climate-driven hybrid-economized cooling (region_cooling_profiles base), T-dependent PUE"
ES,36,2017-07-26T12:00:00Z,16.909,0.7769,1.1776,hybrid_economized,True,1.0,"open-meteo archive + climate-driven hybrid-economized cooling (region_cooling_profiles base), T-dependent PUE"
ES,37,2017-07-26T13:00:00Z,17.413,0.7798,1.1884,hybrid_economized,True,1.0,"open-meteo archive + climate-driven hybrid-economized cooling (region_cooling_profiles base), T-dependent PUE"
ES,38,2017-07-26T14:00:00Z,17.756,0.7817,1.1938,hybrid_economized,True,1.0,"open-meteo archive + climate-driven hybrid-economized cooling (region_cooling_profiles base), T-dependent PUE"
ES,39,2017-07-26T15:00:00Z,18.01,0.783,1.1986,hybrid_economized,True,1.0,"open-meteo archive + climate-driven hybrid-economized cooling (region_cooling_profiles base), T-dependent PUE"
ES,40,2017-07-26T16:00:00Z,18.35,0.7848,1.2016,hybrid_economized,True,1.0,"open-meteo archive + climate-driven hybrid-economized cooling (region_cooling_profiles base), T-dependent PUE"
ES,41,2017-07-26T17:00:00Z,18.242,0.7842,1.2034,hybrid_economized,True,1.0,"open-meteo archive + climate-driven hybrid-economized cooling (region_cooling_profiles base), T-dependent PUE"
ES,42,2017-07-26T18:00:00Z,17.656,0.7811,1.201,hybrid_economized,True,1.0,"open-meteo archive + climate-driven hybrid-economized cooling (region_cooling_profiles base), T-dependent PUE"
ES,43,2017-07-26T19:00:00Z,16.481,0.7743,1.1962,hybrid_economized,True,1.0,"open-meteo archive + climate-driven hybrid-economized cooling (region_cooling_profiles base), T-dependent PUE"
ES,44,2017-07-26T20:00:00Z,16.294,0.7731,1.186,hybrid_economized,True,1.0,"open-meteo archive + climate-driven hybrid-economized cooling (region_cooling_profiles base), T-dependent PUE"
ES,45,2017-07-26T21:00:00Z,15.879,0.7705,1.1752,hybrid_economized,True,1.0,"open-meteo archive + climate-driven hybrid-economized cooling (region_cooling_profiles base), T-dependent PUE"
ES,46,2017-07-26T22:00:00Z,15.523,0.7682,1.168,hybrid_economized,True,1.0,"open-meteo archive + climate-driven hybrid-economized cooling (region_cooling_profiles base), T-dependent PUE"
ES,47,2017-07-26T23:00:00Z,15.033,0.7648,1.1584,hybrid_economized,True,1.0,"open-meteo archive + climate-driven hybrid-economized cooling (region_cooling_profiles base), T-dependent PUE"
ES,48,2017-07-27T00:00:00Z,14.97,0.7644,1.153,hybrid_economized,True,1.0,"open-meteo archive + climate-driven hybrid-economized cooling (region_cooling_profiles base), T-dependent PUE"
ES,49,2017-07-27T01:00:00Z,14.291,0.6041,1.1595,hybrid_economized,True,0.784,"open-meteo archive + climate-driven hybrid-economized cooling (region_cooling_profiles base), T-dependent PUE"
ES,50,2017-07-27T02:00:00Z,13.916,0.1948,1.1724,hybrid_economized,False,0.216,"open-meteo archive + climate-driven hybrid-economized cooling (region_cooling_profiles base), T-dependent PUE"
ES,51,2017-07-27T03:00:00Z,13.473,0.04,1.1632,hybrid_economized,False,0.0,"open-meteo archive + climate-driven hybrid-economized cooling (region_cooling_profiles base), T-dependent PUE"
ES,52,2017-07-27T04:00:00Z,13.387,0.04,1.147,hybrid_economized,False,0.0,"open-meteo archive + climate-driven hybrid-economized cooling (region_cooling_profiles base), T-dependent PUE"
ES,53,2017-07-27T05:00:00Z,13.405,0.04,1.1344,hybrid_economized,False,0.0,"open-meteo archive + climate-driven hybrid-economized cooling (region_cooling_profiles base), T-dependent PUE"
ES,54,2017-07-27T06:00:00Z,13.798,0.04,1.1398,hybrid_economized,False,0.0,"open-meteo archive + climate-driven hybrid-economized cooling (region_cooling_profiles base), T-dependent PUE"
ES,55,2017-07-27T07:00:00Z,14.922,0.1964,1.1724,hybrid_economized,False,0.216,"open-meteo archive + climate-driven hybrid-economized cooling (region_cooling_profiles base), T-dependent PUE"
ES,56,2017-07-27T08:00:00Z,16.006,0.7713,1.1566,hybrid_economized,True,1.0,"open-meteo archive + climate-driven hybrid-economized cooling (region_cooling_profiles base), T-dependent PUE"
ES,57,2017-07-27T09:00:00Z,16.948,0.7771,1.1722,hybrid_economized,True,1.0,"open-meteo archive + climate-driven hybrid-economized cooling (region_cooling_profiles base), T-dependent PUE"
ES,58,2017-07-27T10:00:00Z,17.612,0.7809,1.1878,hybrid_economized,True,1.0,"open-meteo archive + climate-driven hybrid-economized cooling (region_cooling_profiles base), T-dependent PUE"
ES,59,2017-07-27T11:00:00Z,17.973,0.7828,1.201,hybrid_economized,True,1.0,"open-meteo archive + climate-driven hybrid-economized cooling (region_cooling_profiles base), T-dependent PUE"
ES,60,2017-07-27T12:00:00Z,18.584,0.786,1.2094,hybrid_economized,True,1.0,"open-meteo archive + climate-driven hybrid-economized cooling (region_cooling_profiles base), T-dependent PUE"
ES,61,2017-07-27T13:00:00Z,18.669,0.7864,1.2166,hybrid_economized,True,1.0,"open-meteo archive + climate-driven hybrid-economized cooling (region_cooling_profiles base), T-dependent PUE"
ES,62,2017-07-27T14:00:00Z,18.679,0.7864,1.2202,hybrid_economized,True,1.0,"open-meteo archive + climate-driven hybrid-economized cooling (region_cooling_profiles base), T-dependent PUE"
ES,63,2017-07-27T15:00:00Z,18.805,0.787,1.2214,hybrid_economized,True,1.0,"open-meteo archive + climate-driven hybrid-economized cooling (region_cooling_profiles base), T-dependent PUE"
ES,64,2017-07-27T16:00:00Z,18.477,0.7854,1.222,hybrid_economized,True,1.0,"open-meteo archive + climate-driven hybrid-economized cooling (region_cooling_profiles base), T-dependent PUE"
ES,65,2017-07-27T17:00:00Z,18.679,0.7864,1.2202,hybrid_economized,True,1.0,"open-meteo archive + climate-driven hybrid-economized cooling (region_cooling_profiles base), T-dependent PUE"
ES,66,2017-07-27T18:00:00Z,18.476,0.7854,1.2148,hybrid_economized,True,1.0,"open-meteo archive + climate-driven hybrid-economized cooling (region_cooling_profiles base), T-dependent PUE"
ES,67,2017-07-27T19:00:00Z,17.575,0.7807,1.2064,hybrid_economized,True,1.0,"open-meteo archive + climate-driven hybrid-economized cooling (region_cooling_profiles base), T-dependent PUE"
ES,68,2017-07-27T20:00:00Z,17.234,0.7788,1.1944,hybrid_economized,True,1.0,"open-meteo archive + climate-driven hybrid-economized cooling (region_cooling_profiles base), T-dependent PUE"
ES,69,2017-07-27T21:00:00Z,17.134,0.7782,1.186,hybrid_economized,True,1.0,"open-meteo archive + climate-driven hybrid-economized cooling (region_cooling_profiles base), T-dependent PUE"
ES,70,2017-07-27T22:00:00Z,16.379,0.7737,1.1752,hybrid_economized,True,1.0,"open-meteo archive + climate-driven hybrid-economized cooling (region_cooling_profiles base), T-dependent PUE"
ES,71,2017-07-27T23:00:00Z,14.676,0.7623,1.1692,hybrid_economized,True,1.0,"open-meteo archive + climate-driven hybrid-economized cooling (region_cooling_profiles base), T-dependent PUE"
ES,72,2017-07-28T00:00:00Z,14.063,0.7579,1.1638,hybrid_economized,True,1.0,"open-meteo archive + climate-driven hybrid-economized cooling (region_cooling_profiles base), T-dependent PUE"
ES,73,2017-07-28T01:00:00Z,13.54,0.7539,1.1614,hybrid_economized,True,1.0,"open-meteo archive + climate-driven hybrid-economized cooling (region_cooling_profiles base), T-dependent PUE"
ES,74,2017-07-28T02:00:00Z,13.16,0.7418,1.1526,hybrid_economized,True,0.9873,"open-meteo archive + climate-driven hybrid-economized cooling (region_cooling_profiles base), T-dependent PUE"
ES,75,2017-07-28T03:00:00Z,13.146,0.4309,1.1667,hybrid_economized,True,0.5499,"open-meteo archive + climate-driven hybrid-economized cooling (region_cooling_profiles base), T-dependent PUE"
ES,76,2017-07-28T04:00:00Z,13.535,0.2575,1.1716,hybrid_economized,False,0.3047,"open-meteo archive + climate-driven hybrid-economized cooling (region_cooling_profiles base), T-dependent PUE"
ES,77,2017-07-28T05:00:00Z,12.987,0.04,1.1596,hybrid_economized,False,0.0,"open-meteo archive + climate-driven hybrid-economized cooling (region_cooling_profiles base), T-dependent PUE"
ES,78,2017-07-28T06:00:00Z,12.856,0.049,1.1682,hybrid_economized,False,0.0127,"open-meteo archive + climate-driven hybrid-economized cooling (region_cooling_profiles base), T-dependent PUE"
ES,79,2017-07-28T07:00:00Z,13.741,0.7554,1.153,hybrid_economized,True,1.0,"open-meteo archive + climate-driven hybrid-economized cooling (region_cooling_profiles base), T-dependent PUE"
ES,80,2017-07-28T08:00:00Z,15.54,0.7683,1.1662,hybrid_economized,True,1.0,"open-meteo archive + climate-driven hybrid-economized cooling (region_cooling_profiles base), T-dependent PUE"
ES,81,2017-07-28T09:00:00Z,16.766,0.776,1.1806,hybrid_economized,True,1.0,"open-meteo archive + climate-driven hybrid-economized cooling (region_cooling_profiles base), T-dependent PUE"
ES,82,2017-07-28T10:00:00Z,17.1,0.778,1.1932,hybrid_economized,True,1.0,"open-meteo archive + climate-driven hybrid-economized cooling (region_cooling_profiles base), T-dependent PUE"
ES,83,2017-07-28T11:00:00Z,17.032,0.7776,1.2046,hybrid_economized,True,1.0,"open-meteo archive + climate-driven hybrid-economized cooling (region_cooling_profiles base), T-dependent PUE"
ES,84,2017-07-28T12:00:00Z,17.855,0.7822,1.2124,hybrid_economized,True,1.0,"open-meteo archive + climate-driven hybrid-economized cooling (region_cooling_profiles base), T-dependent PUE"
ES,85,2017-07-28T13:00:00Z,17.475,0.7801,1.2202,hybrid_economized,True,1.0,"open-meteo archive + climate-driven hybrid-economized cooling (region_cooling_profiles base), T-dependent PUE"
ES,86,2017-07-28T14:00:00Z,16.483,0.7743,1.2238,hybrid_economized,True,1.0,"open-meteo archive + climate-driven hybrid-economized cooling (region_cooling_profiles base), T-dependent PUE"
ES,87,2017-07-28T15:00:00Z,15.609,0.7687,1.225,hybrid_economized,True,1.0,"open-meteo archive + climate-driven hybrid-economized cooling (region_cooling_profiles base), T-dependent PUE"
ES,88,2017-07-28T16:00:00Z,15.094,0.7653,1.225,hybrid_economized,True,1.0,"open-meteo archive + climate-driven hybrid-economized cooling (region_cooling_profiles base), T-dependent PUE"
ES,89,2017-07-28T17:00:00Z,15.233,0.7662,1.2208,hybrid_economized,True,1.0,"open-meteo archive + climate-driven hybrid-economized cooling (region_cooling_profiles base), T-dependent PUE"
ES,90,2017-07-28T18:00:00Z,15.283,0.7666,1.216,hybrid_economized,True,1.0,"open-meteo archive + climate-driven hybrid-economized cooling (region_cooling_profiles base), T-dependent PUE"
ES,91,2017-07-28T19:00:00Z,14.789,0.7631,1.2058,hybrid_economized,True,1.0,"open-meteo archive + climate-driven hybrid-economized cooling (region_cooling_profiles base), T-dependent PUE"
ES,92,2017-07-28T20:00:00Z,13.833,0.7561,1.1914,hybrid_economized,True,1.0,"open-meteo archive + climate-driven hybrid-economized cooling (region_cooling_profiles base), T-dependent PUE"
ES,93,2017-07-28T21:00:00Z,14.154,0.7585,1.1836,hybrid_economized,True,1.0,"open-meteo archive + climate-driven hybrid-economized cooling (region_cooling_profiles base), T-dependent PUE"
ES,94,2017-07-28T22:00:00Z,14.054,0.7578,1.1764,hybrid_economized,True,1.0,"open-meteo archive + climate-driven hybrid-economized cooling (region_cooling_profiles base), T-dependent PUE"
ES,95,2017-07-28T23:00:00Z,13.673,0.7549,1.1674,hybrid_economized,True,1.0,"open-meteo archive + climate-driven hybrid-economized cooling (region_cooling_profiles base), T-dependent PUE"
IT-NO,0,2017-07-25T00:00:00Z,12.882,0.03,1.12,hybrid_economized,False,0.0,"open-meteo archive + climate-driven hybrid-economized cooling (region_cooling_profiles base), T-dependent PUE"
IT-NO,1,2017-07-25T01:00:00Z,12.632,0.03,1.12,hybrid_economized,False,0.0,"open-meteo archive + climate-driven hybrid-economized cooling (region_cooling_profiles base), T-dependent PUE"
IT-NO,2,2017-07-25T02:00:00Z,12.382,0.03,1.12,hybrid_economized,False,0.0,"open-meteo archive + climate-driven hybrid-economized cooling (region_cooling_profiles base), T-dependent PUE"
IT-NO,3,2017-07-25T03:00:00Z,12.068,0.03,1.12,hybrid_economized,False,0.0,"open-meteo archive + climate-driven hybrid-economized cooling (region_cooling_profiles base), T-dependent PUE"
IT-NO,4,2017-07-25T04:00:00Z,12.105,0.03,1.12,hybrid_economized,False,0.0,"open-meteo archive + climate-driven hybrid-economized cooling (region_cooling_profiles base), T-dependent PUE"
IT-NO,5,2017-07-25T05:00:00Z,12.88,0.03,1.12,hybrid_economized,False,0.0,"open-meteo archive + climate-driven hybrid-economized cooling (region_cooling_profiles base), T-dependent PUE"
IT-NO,6,2017-07-25T06:00:00Z,14.74,0.03,1.12,hybrid_economized,False,0.0,"open-meteo archive + climate-driven hybrid-economized cooling (region_cooling_profiles base), T-dependent PUE"
IT-NO,7,2017-07-25T07:00:00Z,16.089,0.0953,1.1452,hybrid_economized,False,0.1004,"open-meteo archive + climate-driven hybrid-economized cooling (region_cooling_profiles base), T-dependent PUE"
IT-NO,8,2017-07-25T08:00:00Z,16.627,0.2375,1.1612,hybrid_economized,False,0.3175,"open-meteo archive + climate-driven hybrid-economized cooling (region_cooling_profiles base), T-dependent PUE"
IT-NO,9,2017-07-25T09:00:00Z,16.681,0.2542,1.1755,hybrid_economized,False,0.343,"open-meteo archive + climate-driven hybrid-economized cooling (region_cooling_profiles base), T-dependent PUE"
IT-NO,10,2017-07-25T10:00:00Z,16.88,0.3181,1.1811,hybrid_economized,False,0.44,"open-meteo archive + climate-driven hybrid-economized cooling (region_cooling_profiles base), T-dependent PUE"
IT-NO,11,2017-07-25T11:00:00Z,17.377,0.5967,1.1644,hybrid_economized,True,0.8621,"open-meteo archive + climate-driven hybrid-economized cooling (region_cooling_profiles base), T-dependent PUE"
IT-NO,12,2017-07-25T12:00:00Z,17.463,0.5173,1.1701,hybrid_economized,True,0.7407,"open-meteo archive + climate-driven hybrid-economized cooling (region_cooling_profiles base), T-dependent PUE"
IT-NO,13,2017-07-25T13:00:00Z,16.716,0.422,1.1762,hybrid_economized,True,0.5994,"open-meteo archive + climate-driven hybrid-economized cooling (region_cooling_profiles base), T-dependent PUE"
IT-NO,14,2017-07-25T14:00:00Z,16.985,0.6833,1.1587,hybrid_economized,True,0.9967,"open-meteo archive + climate-driven hybrid-economized cooling (region_cooling_profiles base), T-dependent PUE"
IT-NO,15,2017-07-25T15:00:00Z,17.065,0.6858,1.159,hybrid_economized,True,1.0,"open-meteo archive + climate-driven hybrid-economized cooling (region_cooling_profiles base), T-dependent PUE"
IT-NO,16,2017-07-25T16:00:00Z,17.616,0.6802,1.1588,hybrid_economized,True,0.9873,"open-meteo archive + climate-driven hybrid-economized cooling (region_cooling_profiles base), T-dependent PUE"
IT-NO,17,2017-07-25T17:00:00Z,18.256,0.6792,1.153,hybrid_economized,True,0.9812,"open-meteo archive + climate-driven hybrid-economized cooling (region_cooling_profiles base), T-dependent PUE"
IT-NO,18,2017-07-25T18:00:00Z,17.426,0.495,1.1485,hybrid_economized,True,0.7071,"open-meteo archive + climate-driven hybrid-economized cooling (region_cooling_profiles base), T-dependent PUE"
IT-NO,19,2017-07-25T19:00:00Z,14.931,0.03,1.1344,hybrid_economized,False,0.0,"open-meteo archive + climate-driven hybrid-economized cooling (region_cooling_profiles base), T-dependent PUE"
IT-NO,20,2017-07-25T20:00:00Z,13.495,0.03,1.1272,hybrid_economized,False,0.0,"open-meteo archive + climate-driven hybrid-economized cooling (region_cooling_profiles base), T-dependent PUE"
IT-NO,21,2017-07-25T21:00:00Z,13.014,0.03,1.129,hybrid_economized,False,0.0,"open-meteo archive + climate-driven hybrid-economized cooling (region_cooling_profiles base), T-dependent PUE"
IT-NO,22,2017-07-25T22:00:00Z,12.725,0.03,1.129,hybrid_economized,False,0.0,"open-meteo archive + climate-driven hybrid-economized cooling (region_cooling_profiles base), T-dependent PUE"
IT-NO,23,2017-07-25T23:00:00Z,12.379,0.03,1.12,hybrid_economized,False,0.0,"open-meteo archive + climate-driven hybrid-economized cooling (region_cooling_profiles base), T-dependent PUE"
IT-NO,24,2017-07-26T00:00:00Z,12.967,0.03,1.12,hybrid_economized,False,0.0,"open-meteo archive + climate-driven hybrid-economized cooling (region_cooling_profiles base), T-dependent PUE"
IT-NO,25,2017-07-26T01:00:00Z,12.161,0.03,1.12,hybrid_economized,False,0.0,"open-meteo archive + climate-driven hybrid-economized cooling (region_cooling_profiles base), T-dependent PUE"
IT-NO,26,2017-07-26T02:00:00Z,12.029,0.03,1.12,hybrid_economized,False,0.0,"open-meteo archive + climate-driven hybrid-economized cooling (region_cooling_profiles base), T-dependent PUE"
IT-NO,27,2017-07-26T03:00:00Z,11.569,0.03,1.12,hybrid_economized,False,0.0,"open-meteo archive + climate-driven hybrid-economized cooling (region_cooling_profiles base), T-dependent PUE"
IT-NO,28,2017-07-26T04:00:00Z,11.487,0.03,1.12,hybrid_economized,False,0.0,"open-meteo archive + climate-driven hybrid-economized cooling (region_cooling_profiles base), T-dependent PUE"
IT-NO,29,2017-07-26T05:00:00Z,12.375,0.03,1.12,hybrid_economized,False,0.0,"open-meteo archive + climate-driven hybrid-economized cooling (region_cooling_profiles base), T-dependent PUE"
IT-NO,30,2017-07-26T06:00:00Z,14.326,0.03,1.12,hybrid_economized,False,0.0,"open-meteo archive + climate-driven hybrid-economized cooling (region_cooling_profiles base), T-dependent PUE"
IT-NO,31,2017-07-26T07:00:00Z,15.732,0.041,1.1396,hybrid_economized,False,0.017,"open-meteo archive + climate-driven hybrid-economized cooling (region_cooling_profiles base), T-dependent PUE"
IT-NO,32,2017-07-26T08:00:00Z,16.121,0.1021,1.1533,hybrid_economized,False,0.1108,"open-meteo archive + climate-driven hybrid-economized cooling (region_cooling_profiles base), T-dependent PUE"
IT-NO,33,2017-07-26T09:00:00Z,16.537,0.21,1.1685,hybrid_economized,False,0.2757,"open-meteo archive + climate-driven hybrid-economized cooling (region_cooling_profiles base), T-dependent PUE"
IT-NO,34,2017-07-26T10:00:00Z,16.554,0.2916,1.1833,hybrid_economized,False,0.4006,"open-meteo archive + climate-driven hybrid-economized cooling (region_cooling_profiles base), T-dependent PUE"
IT-NO,35,2017-07-26T11:00:00Z,17.043,0.5441,1.1681,hybrid_economized,True,0.784,"open-meteo archive + climate-driven hybrid-economized cooling (region_cooling_profiles base), T-dependent PUE"
IT-NO,36,2017-07-26T12:00:00Z,18.181,0.6913,1.1674,hybrid_economized,True,1.0,"open-meteo archive + climate-driven hybrid-economized cooling (region_cooling_profiles base), T-dependent PUE"
IT-NO,37,2017-07-26T13:00:00Z,18.27,0.6917,1.1626,hybrid_economized,True,1.0,"open-meteo archive + climate-driven hybrid-economized cooling (region_cooling_profiles base), T-dependent PUE"
IT-NO,38,2017-07-26T14:00:00Z,18.049,0.6906,1.165,hybrid_economized,True,1.0,"open-meteo archive + climate-driven hybrid-economized cooling (region_cooling_profiles base), T-dependent PUE"
IT-NO,39,2017-07-26T15:00:00Z,18.498,0.6927,1.1656,hybrid_economized,True,1.0,"open-meteo archive + climate-driven hybrid-economized cooling (region_cooling_profiles base), T-dependent PUE"
IT-NO,40,2017-07-26T16:00:00Z,18.87,0.6943,1.1644,hybrid_economized,True,1.0,"open-meteo archive + climate-driven hybrid-economized cooling (region_cooling_profiles base), T-dependent PUE"
IT-NO,41,2017-07-26T17:00:00Z,19.276,0.696,1.1578,hybrid_economized,True,1.0,"open-meteo archive + climate-driven hybrid-economized cooling (region_cooling_profiles base), T-dependent PUE"
IT-NO,42,2017-07-26T18:00:00Z,17.116,0.396,1.163,hybrid_economized,True,0.5579,"open-meteo archive + climate-driven hybrid-economized cooling (region_cooling_profiles base), T-dependent PUE"
IT-NO,43,2017-07-26T19:00:00Z,14.677,0.03,1.1722,hybrid_economized,False,0.0,"open-meteo archive + climate-driven hybrid-economized cooling (region_cooling_profiles base), T-dependent PUE"
IT-NO,44,2017-07-26T20:00:00Z,13.952,0.03,1.1596,hybrid_economized,False,0.0,"open-meteo archive + climate-driven hybrid-economized cooling (region_cooling_profiles base), T-dependent PUE"
IT-NO,45,2017-07-26T21:00:00Z,13.77,0.03,1.1488,hybrid_economized,False,0.0,"open-meteo archive + climate-driven hybrid-economized cooling (region_cooling_profiles base), T-dependent PUE"
IT-NO,46,2017-07-26T22:00:00Z,13.508,0.03,1.1398,hybrid_economized,False,0.0,"open-meteo archive + climate-driven hybrid-economized cooling (region_cooling_profiles base), T-dependent PUE"
IT-NO,47,2017-07-26T23:00:00Z,13.261,0.03,1.1344,hybrid_economized,False,0.0,"open-meteo archive + climate-driven hybrid-economized cooling (region_cooling_profiles base), T-dependent PUE"
IT-NO,48,2017-07-27T00:00:00Z,12.216,0.03,1.12,hybrid_economized,False,0.0,"open-meteo archive + climate-driven hybrid-economized cooling (region_cooling_profiles base), T-dependent PUE"
IT-NO,49,2017-07-27T01:00:00Z,12.466,0.03,1.12,hybrid_economized,False,0.0,"open-meteo archive + climate-driven hybrid-economized cooling (region_cooling_profiles base), T-dependent PUE"
IT-NO,50,2017-07-27T02:00:00Z,12.434,0.03,1.12,hybrid_economized,False,0.0,"open-meteo archive + climate-driven hybrid-economized cooling (region_cooling_profiles base), T-dependent PUE"
IT-NO,51,2017-07-27T03:00:00Z,11.759,0.03,1.12,hybrid_economized,False,0.0,"open-meteo archive + climate-driven hybrid-economized cooling (region_cooling_profiles base), T-dependent PUE"
IT-NO,52,2017-07-27T04:00:00Z,11.079,0.03,1.12,hybrid_economized,False,0.0,"open-meteo archive + climate-driven hybrid-economized cooling (region_cooling_profiles base), T-dependent PUE"
IT-NO,53,2017-07-27T05:00:00Z,12.234,0.03,1.12,hybrid_economized,False,0.0,"open-meteo archive + climate-driven hybrid-economized cooling (region_cooling_profiles base), T-dependent PUE"
IT-NO,54,2017-07-27T06:00:00Z,13.965,0.03,1.12,hybrid_economized,False,0.0,"open-meteo archive + climate-driven hybrid-economized cooling (region_cooling_profiles base), T-dependent PUE"
IT-NO,55,2017-07-27T07:00:00Z,15.369,0.03,1.1272,hybrid_economized,False,0.0,"open-meteo archive + climate-driven hybrid-economized cooling (region_cooling_profiles base), T-dependent PUE"
IT-NO,56,2017-07-27T08:00:00Z,16.595,0.2277,1.1588,hybrid_economized,False,0.3026,"open-meteo archive + climate-driven hybrid-economized cooling (region_cooling_profiles base), T-dependent PUE"
IT-NO,57,2017-07-27T09:00:00Z,16.835,0.3034,1.172,hybrid_economized,False,0.4177,"open-meteo archive + climate-driven hybrid-economized cooling (region_cooling_profiles base), T-dependent PUE"
IT-NO,58,2017-07-27T10:00:00Z,17.612,0.5497,1.1635,hybrid_economized,True,0.7892,"open-meteo archive + climate-driven hybrid-economized cooling (region_cooling_profiles base), T-dependent PUE"
IT-NO,59,2017-07-27T11:00:00Z,18.046,0.6498,1.1605,hybrid_economized,True,0.9382,"open-meteo archive + climate-driven hybrid-economized cooling (region_cooling_profiles base), T-dependent PUE"
IT-NO,60,2017-07-27T12:00:00Z,18.967,0.6947,1.1602,hybrid_economized,True,1.0,"open-meteo archive + climate-driven hybrid-economized cooling (region_cooling_profiles base), T-dependent PUE"
IT-NO,61,2017-07-27T13:00:00Z,19.388,0.6965,1.162,hybrid_economized,True,1.0,"open-meteo archive + climate-driven hybrid-economized cooling (region_cooling_profiles base), T-dependent PUE"
IT-NO,62,2017-07-27T14:00:00Z,19.221,0.6958,1.1632,hybrid_economized,True,1.0,"open-meteo archive + climate-driven hybrid-economized cooling (region_cooling_profiles base), T-dependent PUE"
IT-NO,63,2017-07-27T15:00:00Z,19.218,0.6958,1.1644,hybrid_economized,True,1.0,"open-meteo archive + climate-driven hybrid-economized cooling (region_cooling_profiles base), T-dependent PUE"
IT-NO,64,2017-07-27T16:00:00Z,19.39,0.6965,1.1644,hybrid_economized,True,1.0,"open-meteo archive + climate-driven hybrid-economized cooling (region_cooling_profiles base), T-dependent PUE"
IT-NO,65,2017-07-27T17:00:00Z,19.306,0.6961,1.1626,hybrid_economized,True,1.0,"open-meteo archive + climate-driven hybrid-economized cooling (region_cooling_profiles base), T-dependent PUE"
IT-NO,66,2017-07-27T18:00:00Z,21.688,0.7044,1.153,hybrid_economized,True,1.0,"open-meteo archive + climate-driven hybrid-economized cooling (region_cooling_profiles base), T-dependent PUE"
IT-NO,67,2017-07-27T19:00:00Z,19.356,0.6963,1.15,hybrid_economized,True,1.0,"open-meteo archive + climate-driven hybrid-economized cooling (region_cooling_profiles base), T-dependent PUE"
IT-NO,68,2017-07-27T20:00:00Z,18.36,0.6879,1.1285,hybrid_economized,True,0.9937,"open-meteo archive + climate-driven hybrid-economized cooling (region_cooling_profiles base), T-dependent PUE"
IT-NO,69,2017-07-27T21:00:00Z,17.255,0.4413,1.1399,hybrid_economized,True,0.6263,"open-meteo archive + climate-driven hybrid-economized cooling (region_cooling_profiles base), T-dependent PUE"
IT-NO,70,2017-07-27T22:00:00Z,17.154,0.4084,1.1366,hybrid_economized,True,0.5767,"open-meteo archive + climate-driven hybrid-economized cooling (region_cooling_profiles base), T-dependent PUE"
IT-NO,71,2017-07-27T23:00:00Z,17.34,0.4685,1.13,hybrid_economized,True,0.6672,"open-meteo archive + climate-driven hybrid-economized cooling (region_cooling_profiles base), T-dependent PUE"
IT-NO,72,2017-07-28T00:00:00Z,17.529,0.526,1.12,hybrid_economized,True,0.7537,"open-meteo archive + climate-driven hybrid-economized cooling (region_cooling_profiles base), T-dependent PUE"
IT-NO,73,2017-07-28T01:00:00Z,17.566,0.5367,1.12,hybrid_economized,True,0.7697,"open-meteo archive + climate-driven hybrid-economized cooling (region_cooling_profiles base), T-dependent PUE"
IT-NO,74,2017-07-28T02:00:00Z,17.61,0.5491,1.12,hybrid_economized,True,0.7883,"open-meteo archive + climate-driven hybrid-economized cooling (region_cooling_profiles base), T-dependent PUE"
IT-NO,75,2017-07-28T03:00:00Z,17.455,0.504,1.12,hybrid_economized,True,0.7207,"open-meteo archive + climate-driven hybrid-economized cooling (region_cooling_profiles base), T-dependent PUE"
IT-NO,76,2017-07-28T04:00:00Z,17.476,0.5103,1.12,hybrid_economized,True,0.73,"open-meteo archive + climate-driven hybrid-economized cooling (region_cooling_profiles base), T-dependent PUE"
IT-NO,77,2017-07-28T05:00:00Z,18.028,0.6466,1.12,hybrid_economized,True,0.9335,"open-meteo archive + climate-driven hybrid-economized cooling (region_cooling_profiles base), T-dependent PUE"
IT-NO,78,2017-07-28T06:00:00Z,19.512,0.697,1.1284,hybrid_economized,True,1.0,"open-meteo archive + climate-driven hybrid-economized cooling (region_cooling_profiles base), T-dependent PUE"
IT-NO,79,2017-07-28T07:00:00Z,20.012,0.6989,1.138,hybrid_economized,True,1.0,"open-meteo archive + climate-driven hybrid-economized cooling (region_cooling_profiles base), T-dependent PUE"
IT-NO,80,2017-07-28T08:00:00Z,20.469,0.7005,1.1452,hybrid_economized,True,1.0,"open-meteo archive + climate-driven hybrid-economized cooling (region_cooling_profiles base), T-dependent PUE"
IT-NO,81,2017-07-28T09:00:00Z,20.593,0.701,1.1524,hybrid_economized,True,1.0,"open-meteo archive + climate-driven hybrid-economized cooling (region_cooling_profiles base), T-dependent PUE"
IT-NO,82,2017-07-28T10:00:00Z,20.609,0.701,1.1584,hybrid_economized,True,1.0,"open-meteo archive + climate-driven hybrid-economized cooling (region_cooling_profiles base), T-dependent PUE"
IT-NO,83,2017-07-28T11:00:00Z,20.697,0.7013,1.1632,hybrid_economized,True,1.0,"open-meteo archive + climate-driven hybrid-economized cooling (region_cooling_profiles base), T-dependent PUE"
IT-NO,84,2017-07-28T12:00:00Z,20.572,0.7009,1.1668,hybrid_economized,True,1.0,"open-meteo archive + climate-driven hybrid-economized cooling (region_cooling_profiles base), T-dependent PUE"
IT-NO,85,2017-07-28T13:00:00Z,20.921,0.7021,1.1704,hybrid_economized,True,1.0,"open-meteo archive + climate-driven hybrid-economized cooling (region_cooling_profiles base), T-dependent PUE"
IT-NO,86,2017-07-28T14:00:00Z,21.008,0.7023,1.1722,hybrid_economized,True,1.0,"open-meteo archive + climate-driven hybrid-economized cooling (region_cooling_profiles base), T-dependent PUE"
IT-NO,87,2017-07-28T15:00:00Z,21.523,0.7039,1.1746,hybrid_economized,True,1.0,"open-meteo archive + climate-driven hybrid-economized cooling (region_cooling_profiles base), T-dependent PUE"
IT-NO,88,2017-07-28T16:00:00Z,21.511,0.7039,1.171,hybrid_economized,True,1.0,"open-meteo archive + climate-driven hybrid-economized cooling (region_cooling_profiles base), T-dependent PUE"
IT-NO,89,2017-07-28T17:00:00Z,21.526,0.7039,1.1656,hybrid_economized,True,1.0,"open-meteo archive + climate-driven hybrid-economized cooling (region_cooling_profiles base), T-dependent PUE"
IT-NO,90,2017-07-28T18:00:00Z,22.149,0.7057,1.1578,hybrid_economized,True,1.0,"open-meteo archive + climate-driven hybrid-economized cooling (region_cooling_profiles base), T-dependent PUE"
IT-NO,91,2017-07-28T19:00:00Z,21.452,0.7037,1.159,hybrid_economized,True,1.0,"open-meteo archive + climate-driven hybrid-economized cooling (region_cooling_profiles base), T-dependent PUE"
IT-NO,92,2017-07-28T20:00:00Z,20.526,0.7007,1.1404,hybrid_economized,True,1.0,"open-meteo archive + climate-driven hybrid-economized cooling (region_cooling_profiles base), T-dependent PUE"
IT-NO,93,2017-07-28T21:00:00Z,19.935,0.6986,1.1392,hybrid_economized,True,1.0,"open-meteo archive + climate-driven hybrid-economized cooling (region_cooling_profiles base), T-dependent PUE"
IT-NO,94,2017-07-28T22:00:00Z,19.515,0.697,1.1308,hybrid_economized,True,1.0,"open-meteo archive + climate-driven hybrid-economized cooling (region_cooling_profiles base), T-dependent PUE"
IT-NO,95,2017-07-28T23:00:00Z,19.415,0.6966,1.1278,hybrid_economized,True,1.0,"open-meteo archive + climate-driven hybrid-economized cooling (region_cooling_profiles base), T-dependent PUE"
SE,0,2017-07-25T00:00:00Z,12.674,0.02,1.12,hybrid_economized,False,0.0,"open-meteo archive + climate-driven hybrid-economized cooling (region_cooling_profiles base), T-dependent PUE"
SE,1,2017-07-25T01:00:00Z,12.575,0.02,1.12,hybrid_economized,False,0.0,"open-meteo archive + climate-driven hybrid-economized cooling (region_cooling_profiles base), T-dependent PUE"
SE,2,2017-07-25T02:00:00Z,13.068,0.02,1.12,hybrid_economized,False,0.0,"open-meteo archive + climate-driven hybrid-economized cooling (region_cooling_profiles base), T-dependent PUE"
SE,3,2017-07-25T03:00:00Z,13.167,0.02,1.12,hybrid_economized,False,0.0,"open-meteo archive + climate-driven hybrid-economized cooling (region_cooling_profiles base), T-dependent PUE"
SE,4,2017-07-25T04:00:00Z,13.845,0.02,1.12,hybrid_economized,False,0.0,"open-meteo archive + climate-driven hybrid-economized cooling (region_cooling_profiles base), T-dependent PUE"
SE,5,2017-07-25T05:00:00Z,14.209,0.02,1.12,hybrid_economized,False,0.0,"open-meteo archive + climate-driven hybrid-economized cooling (region_cooling_profiles base), T-dependent PUE"
SE,6,2017-07-25T06:00:00Z,14.11,0.02,1.12,hybrid_economized,False,0.0,"open-meteo archive + climate-driven hybrid-economized cooling (region_cooling_profiles base), T-dependent PUE"
SE,7,2017-07-25T07:00:00Z,13.602,0.02,1.12,hybrid_economized,False,0.0,"open-meteo archive + climate-driven hybrid-economized cooling (region_cooling_profiles base), T-dependent PUE"
SE,8,2017-07-25T08:00:00Z,14.15,0.02,1.12,hybrid_economized,False,0.0,"open-meteo archive + climate-driven hybrid-economized cooling (region_cooling_profiles base), T-dependent PUE"
SE,9,2017-07-25T09:00:00Z,14.74,0.02,1.12,hybrid_economized,False,0.0,"open-meteo archive + climate-driven hybrid-economized cooling (region_cooling_profiles base), T-dependent PUE"
SE,10,2017-07-25T10:00:00Z,14.931,0.02,1.1344,hybrid_economized,False,0.0,"open-meteo archive + climate-driven hybrid-economized cooling (region_cooling_profiles base), T-dependent PUE"
SE,11,2017-07-25T11:00:00Z,15.247,0.02,1.1524,hybrid_economized,False,0.0,"open-meteo archive + climate-driven hybrid-economized cooling (region_cooling_profiles base), T-dependent PUE"
SE,12,2017-07-25T12:00:00Z,15.505,0.02,1.1578,hybrid_economized,False,0.0,"open-meteo archive + climate-driven hybrid-economized cooling (region_cooling_profiles base), T-dependent PUE"
SE,13,2017-07-25T13:00:00Z,15.763,0.02,1.1632,hybrid_economized,False,0.0,"open-meteo archive + climate-driven hybrid-economized cooling (region_cooling_profiles base), T-dependent PUE"
SE,14,2017-07-25T14:00:00Z,16.046,0.02,1.1722,hybrid_economized,False,0.0,"open-meteo archive + climate-driven hybrid-economized cooling (region_cooling_profiles base), T-dependent PUE"
SE,15,2017-07-25T15:00:00Z,16.193,0.02,1.1722,hybrid_economized,False,0.0,"open-meteo archive + climate-driven hybrid-economized cooling (region_cooling_profiles base), T-dependent PUE"
SE,16,2017-07-25T16:00:00Z,16.595,0.02,1.1686,hybrid_economized,False,0.0,"open-meteo archive + climate-driven hybrid-economized cooling (region_cooling_profiles base), T-dependent PUE"
SE,17,2017-07-25T17:00:00Z,16.939,0.02,1.1614,hybrid_economized,False,0.0,"open-meteo archive + climate-driven hybrid-economized cooling (region_cooling_profiles base), T-dependent PUE"
SE,18,2017-07-25T18:00:00Z,16.616,0.02,1.1416,hybrid_economized,False,0.0,"open-meteo archive + climate-driven hybrid-economized cooling (region_cooling_profiles base), T-dependent PUE"
SE,19,2017-07-25T19:00:00Z,15.876,0.02,1.12,hybrid_economized,False,0.0,"open-meteo archive + climate-driven hybrid-economized cooling (region_cooling_profiles base), T-dependent PUE"
SE,20,2017-07-25T20:00:00Z,14.937,0.02,1.12,hybrid_economized,False,0.0,"open-meteo archive + climate-driven hybrid-economized cooling (region_cooling_profiles base), T-dependent PUE"
SE,21,2017-07-25T21:00:00Z,14.374,0.02,1.12,hybrid_economized,False,0.0,"open-meteo archive + climate-driven hybrid-economized cooling (region_cooling_profiles base), T-dependent PUE"
SE,22,2017-07-25T22:00:00Z,13.939,0.02,1.12,hybrid_economized,False,0.0,"open-meteo archive + climate-driven hybrid-economized cooling (region_cooling_profiles base), T-dependent PUE"
SE,23,2017-07-25T23:00:00Z,13.14,0.02,1.12,hybrid_economized,False,0.0,"open-meteo archive + climate-driven hybrid-economized cooling (region_cooling_profiles base), T-dependent PUE"
SE,24,2017-07-26T00:00:00Z,13.017,0.02,1.12,hybrid_economized,False,0.0,"open-meteo archive + climate-driven hybrid-economized cooling (region_cooling_profiles base), T-dependent PUE"
SE,25,2017-07-26T01:00:00Z,12.166,0.02,1.12,hybrid_economized,False,0.0,"open-meteo archive + climate-driven hybrid-economized cooling (region_cooling_profiles base), T-dependent PUE"
SE,26,2017-07-26T02:00:00Z,12.203,0.02,1.12,hybrid_economized,False,0.0,"open-meteo archive + climate-driven hybrid-economized cooling (region_cooling_profiles base), T-dependent PUE"
SE,27,2017-07-26T03:00:00Z,12.629,0.02,1.12,hybrid_economized,False,0.0,"open-meteo archive + climate-driven hybrid-economized cooling (region_cooling_profiles base), T-dependent PUE"
SE,28,2017-07-26T04:00:00Z,13.509,0.02,1.12,hybrid_economized,False,0.0,"open-meteo archive + climate-driven hybrid-economized cooling (region_cooling_profiles base), T-dependent PUE"
SE,29,2017-07-26T05:00:00Z,14.144,0.02,1.12,hybrid_economized,False,0.0,"open-meteo archive + climate-driven hybrid-economized cooling (region_cooling_profiles base), T-dependent PUE"
SE,30,2017-07-26T06:00:00Z,14.724,0.02,1.12,hybrid_economized,False,0.0,"open-meteo archive + climate-driven hybrid-economized cooling (region_cooling_profiles base), T-dependent PUE"
SE,31,2017-07-26T07:00:00Z,15.323,0.02,1.12,hybrid_economized,False,0.0,"open-meteo archive + climate-driven hybrid-economized cooling (region_cooling_profiles base), T-dependent PUE"
SE,32,2017-07-26T08:00:00Z,15.716,0.02,1.12,hybrid_economized,False,0.0,"open-meteo archive + climate-driven hybrid-economized cooling (region_cooling_profiles base), T-dependent PUE"
SE,33,2017-07-26T09:00:00Z,15.471,0.02,1.12,hybrid_economized,False,0.0,"open-meteo archive + climate-driven hybrid-economized cooling (region_cooling_profiles base), T-dependent PUE"
SE,34,2017-07-26T10:00:00Z,15.164,0.02,1.12,hybrid_economized,False,0.0,"open-meteo archive + climate-driven hybrid-economized cooling (region_cooling_profiles base), T-dependent PUE"
SE,35,2017-07-26T11:00:00Z,15.339,0.02,1.12,hybrid_economized,False,0.0,"open-meteo archive + climate-driven hybrid-economized cooling (region_cooling_profiles base), T-dependent PUE"
SE,36,2017-07-26T12:00:00Z,15.319,0.02,1.1236,hybrid_economized,False,0.0,"open-meteo archive + climate-driven hybrid-economized cooling (region_cooling_profiles base), T-dependent PUE"
SE,37,2017-07-26T13:00:00Z,15.552,0.02,1.1416,hybrid_economized,False,0.0,"open-meteo archive + climate-driven hybrid-economized cooling (region_cooling_profiles base), T-dependent PUE"
SE,38,2017-07-26T14:00:00Z,15.421,0.02,1.1362,hybrid_economized,False,0.0,"open-meteo archive + climate-driven hybrid-economized cooling (region_cooling_profiles base), T-dependent PUE"
SE,39,2017-07-26T15:00:00Z,15.376,0.02,1.1326,hybrid_economized,False,0.0,"open-meteo archive + climate-driven hybrid-economized cooling (region_cooling_profiles base), T-dependent PUE"
SE,40,2017-07-26T16:00:00Z,15.459,0.02,1.129,hybrid_economized,False,0.0,"open-meteo archive + climate-driven hybrid-economized cooling (region_cooling_profiles base), T-dependent PUE"
SE,41,2017-07-26T17:00:00Z,15.576,0.02,1.1236,hybrid_economized,False,0.0,"open-meteo archive + climate-driven hybrid-economized cooling (region_cooling_profiles base), T-dependent PUE"
SE,42,2017-07-26T18:00:00Z,15.998,0.02,1.12,hybrid_economized,False,0.0,"open-meteo archive + climate-driven hybrid-economized cooling (region_cooling_profiles base), T-dependent PUE"
SE,43,2017-07-26T19:00:00Z,15.801,0.02,1.12,hybrid_economized,False,0.0,"open-meteo archive + climate-driven hybrid-economized cooling (region_cooling_profiles base), T-dependent PUE"
SE,44,2017-07-26T20:00:00Z,15.095,0.02,1.12,hybrid_economized,False,0.0,"open-meteo archive + climate-driven hybrid-economized cooling (region_cooling_profiles base), T-dependent PUE"
SE,45,2017-07-26T21:00:00Z,14.338,0.02,1.12,hybrid_economized,False,0.0,"open-meteo archive + climate-driven hybrid-economized cooling (region_cooling_profiles base), T-dependent PUE"
SE,46,2017-07-26T22:00:00Z,13.425,0.02,1.12,hybrid_economized,False,0.0,"open-meteo archive + climate-driven hybrid-economized cooling (region_cooling_profiles base), T-dependent PUE"
SE,47,2017-07-26T23:00:00Z,12.922,0.02,1.12,hybrid_economized,False,0.0,"open-meteo archive + climate-driven hybrid-economized cooling (region_cooling_profiles base), T-dependent PUE"
SE,48,2017-07-27T00:00:00Z,12.86,0.02,1.12,hybrid_economized,False,0.0,"open-meteo archive + climate-driven hybrid-economized cooling (region_cooling_profiles base), T-dependent PUE"
SE,49,2017-07-27T01:00:00Z,12.496,0.02,1.12,hybrid_economized,False,0.0,"open-meteo archive + climate-driven hybrid-economized cooling (region_cooling_profiles base), T-dependent PUE"
SE,50,2017-07-27T02:00:00Z,12.772,0.02,1.12,hybrid_economized,False,0.0,"open-meteo archive + climate-driven hybrid-economized cooling (region_cooling_profiles base), T-dependent PUE"
SE,51,2017-07-27T03:00:00Z,13.425,0.02,1.12,hybrid_economized,False,0.0,"open-meteo archive + climate-driven hybrid-economized cooling (region_cooling_profiles base), T-dependent PUE"
SE,52,2017-07-27T04:00:00Z,13.982,0.02,1.12,hybrid_economized,False,0.0,"open-meteo archive + climate-driven hybrid-economized cooling (region_cooling_profiles base), T-dependent PUE"
SE,53,2017-07-27T05:00:00Z,14.689,0.02,1.12,hybrid_economized,False,0.0,"open-meteo archive + climate-driven hybrid-economized cooling (region_cooling_profiles base), T-dependent PUE"
SE,54,2017-07-27T06:00:00Z,15.085,0.02,1.12,hybrid_economized,False,0.0,"open-meteo archive + climate-driven hybrid-economized cooling (region_cooling_profiles base), T-dependent PUE"
SE,55,2017-07-27T07:00:00Z,15.418,0.02,1.12,hybrid_economized,False,0.0,"open-meteo archive + climate-driven hybrid-economized cooling (region_cooling_profiles base), T-dependent PUE"
SE,56,2017-07-27T08:00:00Z,15.753,0.02,1.12,hybrid_economized,False,0.0,"open-meteo archive + climate-driven hybrid-economized cooling (region_cooling_profiles base), T-dependent PUE"
SE,57,2017-07-27T09:00:00Z,16.135,0.02,1.12,hybrid_economized,False,0.0,"open-meteo archive + climate-driven hybrid-economized cooling (region_cooling_profiles base), T-dependent PUE"
SE,58,2017-07-27T10:00:00Z,16.244,0.02,1.12,hybrid_economized,False,0.0,"open-meteo archive + climate-driven hybrid-economized cooling (region_cooling_profiles base), T-dependent PUE"
SE,59,2017-07-27T11:00:00Z,15.658,0.02,1.12,hybrid_economized,False,0.0,"open-meteo archive + climate-driven hybrid-economized cooling (region_cooling_profiles base), T-dependent PUE"
SE,60,2017-07-27T12:00:00Z,16.306,0.02,1.1254,hybrid_economized,False,0.0,"open-meteo archive + climate-driven hybrid-economized cooling (region_cooling_profiles base), T-dependent PUE"
SE,61,2017-07-27T13:00:00Z,15.923,0.02,1.1254,hybrid_economized,False,0.0,"open-meteo archive + climate-driven hybrid-economized cooling (region_cooling_profiles base), T-dependent PUE"
SE,62,2017-07-27T14:00:00Z,15.775,0.02,1.12,hybrid_economized,False,0.0,"open-meteo archive + climate-driven hybrid-economized cooling (region_cooling_profiles base), T-dependent PUE"
SE,63,2017-07-27T15:00:00Z,15.751,0.02,1.12,hybrid_economized,False,0.0,"open-meteo archive + climate-driven hybrid-economized cooling (region_cooling_profiles base), T-dependent PUE"
SE,64,2017-07-27T16:00:00Z,15.226,0.02,1.12,hybrid_economized,False,0.0,"open-meteo archive + climate-driven hybrid-economized cooling (region_cooling_profiles base), T-dependent PUE"
SE,65,2017-07-27T17:00:00Z,14.75,0.02,1.12,hybrid_economized,False,0.0,"open-meteo archive + climate-driven hybrid-economized cooling (region_cooling_profiles base), T-dependent PUE"
SE,66,2017-07-27T18:00:00Z,14.586,0.02,1.12,hybrid_economized,False,0.0,"open-meteo archive + climate-driven hybrid-economized cooling (region_cooling_profiles base), T-dependent PUE"
SE,67,2017-07-27T19:00:00Z,14.241,0.02,1.12,hybrid_economized,False,0.0,"open-meteo archive + climate-driven hybrid-economized cooling (region_cooling_profiles base), T-dependent PUE"
SE,68,2017-07-27T20:00:00Z,13.9,0.02,1.12,hybrid_economized,False,0.0,"open-meteo archive + climate-driven hybrid-economized cooling (region_cooling_profiles base), T-dependent PUE"
SE,69,2017-07-27T21:00:00Z,13.704,0.02,1.12,hybrid_economized,False,0.0,"open-meteo archive + climate-driven hybrid-economized cooling (region_cooling_profiles base), T-dependent PUE"
SE,70,2017-07-27T22:00:00Z,13.523,0.02,1.12,hybrid_economized,False,0.0,"open-meteo archive + climate-driven hybrid-economized cooling (region_cooling_profiles base), T-dependent PUE"
SE,71,2017-07-27T23:00:00Z,13.438,0.02,1.12,hybrid_economized,False,0.0,"open-meteo archive + climate-driven hybrid-economized cooling (region_cooling_profiles base), T-dependent PUE"
SE,72,2017-07-28T00:00:00Z,13.212,0.02,1.12,hybrid_economized,False,0.0,"open-meteo archive + climate-driven hybrid-economized cooling (region_cooling_profiles base), T-dependent PUE"
SE,73,2017-07-28T01:00:00Z,12.823,0.02,1.12,hybrid_economized,False,0.0,"open-meteo archive + climate-driven hybrid-economized cooling (region_cooling_profiles base), T-dependent PUE"
SE,74,2017-07-28T02:00:00Z,13.123,0.02,1.12,hybrid_economized,False,0.0,"open-meteo archive + climate-driven hybrid-economized cooling (region_cooling_profiles base), T-dependent PUE"
SE,75,2017-07-28T03:00:00Z,14.083,0.02,1.12,hybrid_economized,False,0.0,"open-meteo archive + climate-driven hybrid-economized cooling (region_cooling_profiles base), T-dependent PUE"
SE,76,2017-07-28T04:00:00Z,14.436,0.02,1.12,hybrid_economized,False,0.0,"open-meteo archive + climate-driven hybrid-economized cooling (region_cooling_profiles base), T-dependent PUE"
SE,77,2017-07-28T05:00:00Z,14.727,0.02,1.12,hybrid_economized,False,0.0,"open-meteo archive + climate-driven hybrid-economized cooling (region_cooling_profiles base), T-dependent PUE"
SE,78,2017-07-28T06:00:00Z,15.075,0.02,1.12,hybrid_economized,False,0.0,"open-meteo archive + climate-driven hybrid-economized cooling (region_cooling_profiles base), T-dependent PUE"
SE,79,2017-07-28T07:00:00Z,15.824,0.02,1.12,hybrid_economized,False,0.0,"open-meteo archive + climate-driven hybrid-economized cooling (region_cooling_profiles base), T-dependent PUE"
SE,80,2017-07-28T08:00:00Z,16.017,0.02,1.12,hybrid_economized,False,0.0,"open-meteo archive + climate-driven hybrid-economized cooling (region_cooling_profiles base), T-dependent PUE"
SE,81,2017-07-28T09:00:00Z,15.873,0.02,1.12,hybrid_economized,False,0.0,"open-meteo archive + climate-driven hybrid-economized cooling (region_cooling_profiles base), T-dependent PUE"
SE,82,2017-07-28T10:00:00Z,15.998,0.02,1.12,hybrid_economized,False,0.0,"open-meteo archive + climate-driven hybrid-economized cooling (region_cooling_profiles base), T-dependent PUE"
SE,83,2017-07-28T11:00:00Z,15.81,0.02,1.12,hybrid_economized,False,0.0,"open-meteo archive + climate-driven hybrid-economized cooling (region_cooling_profiles base), T-dependent PUE"
SE,84,2017-07-28T12:00:00Z,15.907,0.02,1.12,hybrid_economized,False,0.0,"open-meteo archive + climate-driven hybrid-economized cooling (region_cooling_profiles base), T-dependent PUE"
SE,85,2017-07-28T13:00:00Z,16.061,0.02,1.12,hybrid_economized,False,0.0,"open-meteo archive + climate-driven hybrid-economized cooling (region_cooling_profiles base), T-dependent PUE"
SE,86,2017-07-28T14:00:00Z,16.061,0.02,1.12,hybrid_economized,False,0.0,"open-meteo archive + climate-driven hybrid-economized cooling (region_cooling_profiles base), T-dependent PUE"
SE,87,2017-07-28T15:00:00Z,15.843,0.02,1.12,hybrid_economized,False,0.0,"open-meteo archive + climate-driven hybrid-economized cooling (region_cooling_profiles base), T-dependent PUE"
SE,88,2017-07-28T16:00:00Z,15.783,0.02,1.12,hybrid_economized,False,0.0,"open-meteo archive + climate-driven hybrid-economized cooling (region_cooling_profiles base), T-dependent PUE"
SE,89,2017-07-28T17:00:00Z,15.771,0.02,1.12,hybrid_economized,False,0.0,"open-meteo archive + climate-driven hybrid-economized cooling (region_cooling_profiles base), T-dependent PUE"
SE,90,2017-07-28T18:00:00Z,15.801,0.02,1.12,hybrid_economized,False,0.0,"open-meteo archive + climate-driven hybrid-economized cooling (region_cooling_profiles base), T-dependent PUE"
SE,91,2017-07-28T19:00:00Z,15.385,0.02,1.12,hybrid_economized,False,0.0,"open-meteo archive + climate-driven hybrid-economized cooling (region_cooling_profiles base), T-dependent PUE"
SE,92,2017-07-28T20:00:00Z,15.055,0.02,1.12,hybrid_economized,False,0.0,"open-meteo archive + climate-driven hybrid-economized cooling (region_cooling_profiles base), T-dependent PUE"
SE,93,2017-07-28T21:00:00Z,15.171,0.02,1.12,hybrid_economized,False,0.0,"open-meteo archive + climate-driven hybrid-economized cooling (region_cooling_profiles base), T-dependent PUE"
SE,94,2017-07-28T22:00:00Z,15.257,0.02,1.12,hybrid_economized,False,0.0,"open-meteo archive + climate-driven hybrid-economized cooling (region_cooling_profiles base), T-dependent PUE"
SE,95,2017-07-28T23:00:00Z,15.158,0.02,1.12,hybrid_economized,False,0.0,"open-meteo archive + climate-driven hybrid-economized cooling (region_cooling_profiles base), T-dependent PUE"
PL,0,2017-07-25T00:00:00Z,16.926,0.0614,1.12,hybrid_economized,False,0.0548,"open-meteo archive + climate-driven hybrid-economized cooling (region_cooling_profiles base), T-dependent PUE"
PL,1,2017-07-25T01:00:00Z,16.98,0.0693,1.12,hybrid_economized,False,0.0685,"open-meteo archive + climate-driven hybrid-economized cooling (region_cooling_profiles base), T-dependent PUE"
PL,2,2017-07-25T02:00:00Z,16.837,0.0501,1.12,hybrid_economized,False,0.0351,"open-meteo archive + climate-driven hybrid-economized cooling (region_cooling_profiles base), T-dependent PUE"
PL,3,2017-07-25T03:00:00Z,16.667,0.0351,1.12,hybrid_economized,False,0.009,"open-meteo archive + climate-driven hybrid-economized cooling (region_cooling_profiles base), T-dependent PUE"
PL,4,2017-07-25T04:00:00Z,16.958,0.0661,1.12,hybrid_economized,False,0.0629,"open-meteo archive + climate-driven hybrid-economized cooling (region_cooling_profiles base), T-dependent PUE"
PL,5,2017-07-25T05:00:00Z,17.295,0.1297,1.12,hybrid_economized,False,0.1735,"open-meteo archive + climate-driven hybrid-economized cooling (region_cooling_profiles base), T-dependent PUE"
PL,6,2017-07-25T06:00:00Z,18.026,0.3265,1.12,hybrid_economized,True,0.513,"open-meteo archive + climate-driven hybrid-economized cooling (region_cooling_profiles base), T-dependent PUE"
PL,7,2017-07-25T07:00:00Z,18.692,0.507,1.12,hybrid_economized,True,0.8215,"open-meteo archive + climate-driven hybrid-economized cooling (region_cooling_profiles base), T-dependent PUE"
PL,8,2017-07-25T08:00:00Z,18.515,0.4634,1.12,hybrid_economized,True,0.7474,"open-meteo archive + climate-driven hybrid-economized cooling (region_cooling_profiles base), T-dependent PUE"
PL,9,2017-07-25T09:00:00Z,18.237,0.3873,1.12,hybrid_economized,True,0.6173,"open-meteo archive + climate-driven hybrid-economized cooling (region_cooling_profiles base), T-dependent PUE"
PL,10,2017-07-25T10:00:00Z,18.393,0.431,1.12,hybrid_economized,True,0.6921,"open-meteo archive + climate-driven hybrid-economized cooling (region_cooling_profiles base), T-dependent PUE"
PL,11,2017-07-25T11:00:00Z,18.622,0.4903,1.12,hybrid_economized,True,0.7931,"open-meteo archive + climate-driven hybrid-economized cooling (region_cooling_profiles base), T-dependent PUE"
PL,12,2017-07-25T12:00:00Z,19.241,0.6003,1.1206,hybrid_economized,True,0.9789,"open-meteo archive + climate-driven hybrid-economized cooling (region_cooling_profiles base), T-dependent PUE"
PL,13,2017-07-25T13:00:00Z,19.164,0.5921,1.1226,hybrid_economized,True,0.9651,"open-meteo archive + climate-driven hybrid-economized cooling (region_cooling_profiles base), T-dependent PUE"
PL,14,2017-07-25T14:00:00Z,18.469,0.4514,1.1219,hybrid_economized,True,0.7269,"open-meteo archive + climate-driven hybrid-economized cooling (region_cooling_profiles base), T-dependent PUE"
PL,15,2017-07-25T15:00:00Z,17.836,0.2714,1.12,hybrid_economized,False,0.4182,"open-meteo archive + climate-driven hybrid-economized cooling (region_cooling_profiles base), T-dependent PUE"
PL,16,2017-07-25T16:00:00Z,16.953,0.0653,1.12,hybrid_economized,False,0.0616,"open-meteo archive + climate-driven hybrid-economized cooling (region_cooling_profiles base), T-dependent PUE"
PL,17,2017-07-25T17:00:00Z,15.953,0.03,1.12,hybrid_economized,False,0.0,"open-meteo archive + climate-driven hybrid-economized cooling (region_cooling_profiles base), T-dependent PUE"
PL,18,2017-07-25T18:00:00Z,15.758,0.03,1.12,hybrid_economized,False,0.0,"open-meteo archive + climate-driven hybrid-economized cooling (region_cooling_profiles base), T-dependent PUE"
PL,19,2017-07-25T19:00:00Z,15.64,0.03,1.12,hybrid_economized,False,0.0,"open-meteo archive + climate-driven hybrid-economized cooling (region_cooling_profiles base), T-dependent PUE"
PL,20,2017-07-25T20:00:00Z,15.269,0.03,1.12,hybrid_economized,False,0.0,"open-meteo archive + climate-driven hybrid-economized cooling (region_cooling_profiles base), T-dependent PUE"
PL,21,2017-07-25T21:00:00Z,14.584,0.03,1.12,hybrid_economized,False,0.0,"open-meteo archive + climate-driven hybrid-economized cooling (region_cooling_profiles base), T-dependent PUE"
PL,22,2017-07-25T22:00:00Z,14.337,0.03,1.12,hybrid_economized,False,0.0,"open-meteo archive + climate-driven hybrid-economized cooling (region_cooling_profiles base), T-dependent PUE"
PL,23,2017-07-25T23:00:00Z,14.253,0.03,1.12,hybrid_economized,False,0.0,"open-meteo archive + climate-driven hybrid-economized cooling (region_cooling_profiles base), T-dependent PUE"
PL,24,2017-07-26T00:00:00Z,14.451,0.03,1.12,hybrid_economized,False,0.0,"open-meteo archive + climate-driven hybrid-economized cooling (region_cooling_profiles base), T-dependent PUE"
PL,25,2017-07-26T01:00:00Z,14.38,0.03,1.12,hybrid_economized,False,0.0,"open-meteo archive + climate-driven hybrid-economized cooling (region_cooling_profiles base), T-dependent PUE"
PL,26,2017-07-26T02:00:00Z,14.707,0.03,1.12,hybrid_economized,False,0.0,"open-meteo archive + climate-driven hybrid-economized cooling (region_cooling_profiles base), T-dependent PUE"
PL,27,2017-07-26T03:00:00Z,14.465,0.03,1.12,hybrid_economized,False,0.0,"open-meteo archive + climate-driven hybrid-economized cooling (region_cooling_profiles base), T-dependent PUE"
PL,28,2017-07-26T04:00:00Z,14.239,0.03,1.12,hybrid_economized,False,0.0,"open-meteo archive + climate-driven hybrid-economized cooling (region_cooling_profiles base), T-dependent PUE"
PL,29,2017-07-26T05:00:00Z,14.42,0.03,1.12,hybrid_economized,False,0.0,"open-meteo archive + climate-driven hybrid-economized cooling (region_cooling_profiles base), T-dependent PUE"
PL,30,2017-07-26T06:00:00Z,14.601,0.03,1.12,hybrid_economized,False,0.0,"open-meteo archive + climate-driven hybrid-economized cooling (region_cooling_profiles base), T-dependent PUE"
PL,31,2017-07-26T07:00:00Z,14.785,0.03,1.12,hybrid_economized,False,0.0,"open-meteo archive + climate-driven hybrid-economized cooling (region_cooling_profiles base), T-dependent PUE"
PL,32,2017-07-26T08:00:00Z,15.038,0.03,1.12,hybrid_economized,False,0.0,"open-meteo archive + climate-driven hybrid-economized cooling (region_cooling_profiles base), T-dependent PUE"
PL,33,2017-07-26T09:00:00Z,15.473,0.03,1.12,hybrid_economized,False,0.0,"open-meteo archive + climate-driven hybrid-economized cooling (region_cooling_profiles base), T-dependent PUE"
PL,34,2017-07-26T10:00:00Z,15.538,0.03,1.1254,hybrid_economized,False,0.0,"open-meteo archive + climate-driven hybrid-economized cooling (region_cooling_profiles base), T-dependent PUE"
PL,35,2017-07-26T11:00:00Z,15.11,0.03,1.1326,hybrid_economized,False,0.0,"open-meteo archive + climate-driven hybrid-economized cooling (region_cooling_profiles base), T-dependent PUE"
PL,36,2017-07-26T12:00:00Z,15.441,0.03,1.12,hybrid_economized,False,0.0,"open-meteo archive + climate-driven hybrid-economized cooling (region_cooling_profiles base), T-dependent PUE"
PL,37,2017-07-26T13:00:00Z,15.394,0.03,1.12,hybrid_economized,False,0.0,"open-meteo archive + climate-driven hybrid-economized cooling (region_cooling_profiles base), T-dependent PUE"
PL,38,2017-07-26T14:00:00Z,15.417,0.03,1.1416,hybrid_economized,False,0.0,"open-meteo archive + climate-driven hybrid-economized cooling (region_cooling_profiles base), T-dependent PUE"
PL,39,2017-07-26T15:00:00Z,15.369,0.03,1.1434,hybrid_economized,False,0.0,"open-meteo archive + climate-driven hybrid-economized cooling (region_cooling_profiles base), T-dependent PUE"
PL,40,2017-07-26T16:00:00Z,15.821,0.03,1.1416,hybrid_economized,False,0.0,"open-meteo archive + climate-driven hybrid-economized cooling (region_cooling_profiles base), T-dependent PUE"
PL,41,2017-07-26T17:00:00Z,15.795,0.03,1.1254,hybrid_economized,False,0.0,"open-meteo archive + climate-driven hybrid-economized cooling (region_cooling_profiles base), T-dependent PUE"
PL,42,2017-07-26T18:00:00Z,15.272,0.03,1.12,hybrid_economized,False,0.0,"open-meteo archive + climate-driven hybrid-economized cooling (region_cooling_profiles base), T-dependent PUE"
PL,43,2017-07-26T19:00:00Z,14.573,0.03,1.12,hybrid_economized,False,0.0,"open-meteo archive + climate-driven hybrid-economized cooling (region_cooling_profiles base), T-dependent PUE"
PL,44,2017-07-26T20:00:00Z,14.111,0.03,1.12,hybrid_economized,False,0.0,"open-meteo archive + climate-driven hybrid-economized cooling (region_cooling_profiles base), T-dependent PUE"
PL,45,2017-07-26T21:00:00Z,13.802,0.03,1.12,hybrid_economized,False,0.0,"open-meteo archive + climate-driven hybrid-economized cooling (region_cooling_profiles base), T-dependent PUE"
PL,46,2017-07-26T22:00:00Z,13.062,0.03,1.12,hybrid_economized,False,0.0,"open-meteo archive + climate-driven hybrid-economized cooling (region_cooling_profiles base), T-dependent PUE"
PL,47,2017-07-26T23:00:00Z,12.633,0.03,1.12,hybrid_economized,False,0.0,"open-meteo archive + climate-driven hybrid-economized cooling (region_cooling_profiles base), T-dependent PUE"
PL,48,2017-07-27T00:00:00Z,12.951,0.03,1.12,hybrid_economized,False,0.0,"open-meteo archive + climate-driven hybrid-economized cooling (region_cooling_profiles base), T-dependent PUE"
PL,49,2017-07-27T01:00:00Z,12.565,0.03,1.12,hybrid_economized,False,0.0,"open-meteo archive + climate-driven hybrid-economized cooling (region_cooling_profiles base), T-dependent PUE"
PL,50,2017-07-27T02:00:00Z,12.385,0.03,1.12,hybrid_economized,False,0.0,"open-meteo archive + climate-driven hybrid-economized cooling (region_cooling_profiles base), T-dependent PUE"
PL,51,2017-07-27T03:00:00Z,12.312,0.03,1.12,hybrid_economized,False,0.0,"open-meteo archive + climate-driven hybrid-economized cooling (region_cooling_profiles base), T-dependent PUE"
PL,52,2017-07-27T04:00:00Z,12.675,0.03,1.12,hybrid_economized,False,0.0,"open-meteo archive + climate-driven hybrid-economized cooling (region_cooling_profiles base), T-dependent PUE"
PL,53,2017-07-27T05:00:00Z,13.671,0.03,1.12,hybrid_economized,False,0.0,"open-meteo archive + climate-driven hybrid-economized cooling (region_cooling_profiles base), T-dependent PUE"
PL,54,2017-07-27T06:00:00Z,14.8,0.03,1.12,hybrid_economized,False,0.0,"open-meteo archive + climate-driven hybrid-economized cooling (region_cooling_profiles base), T-dependent PUE"
PL,55,2017-07-27T07:00:00Z,15.907,0.03,1.12,hybrid_economized,False,0.0,"open-meteo archive + climate-driven hybrid-economized cooling (region_cooling_profiles base), T-dependent PUE"
PL,56,2017-07-27T08:00:00Z,16.602,0.032,1.1362,hybrid_economized,False,0.0034,"open-meteo archive + climate-driven hybrid-economized cooling (region_cooling_profiles base), T-dependent PUE"
PL,57,2017-07-27T09:00:00Z,16.445,0.03,1.1542,hybrid_economized,False,0.0,"open-meteo archive + climate-driven hybrid-economized cooling (region_cooling_profiles base), T-dependent PUE"
PL,58,2017-07-27T10:00:00Z,16.525,0.0301,1.1614,hybrid_economized,False,0.0002,"open-meteo archive + climate-driven hybrid-economized cooling (region_cooling_profiles base), T-dependent PUE"
PL,59,2017-07-27T11:00:00Z,16.54,0.0303,1.1704,hybrid_economized,False,0.0005,"open-meteo archive + climate-driven hybrid-economized cooling (region_cooling_profiles base), T-dependent PUE"
PL,60,2017-07-27T12:00:00Z,16.913,0.0596,1.1704,hybrid_economized,False,0.0517,"open-meteo archive + climate-driven hybrid-economized cooling (region_cooling_profiles base), T-dependent PUE"
PL,61,2017-07-27T13:00:00Z,17.089,0.0877,1.1721,hybrid_economized,False,0.1005,"open-meteo archive + climate-driven hybrid-economized cooling (region_cooling_profiles base), T-dependent PUE"
PL,62,2017-07-27T14:00:00Z,17.337,0.1392,1.1656,hybrid_economized,False,0.1899,"open-meteo archive + climate-driven hybrid-economized cooling (region_cooling_profiles base), T-dependent PUE"
PL,63,2017-07-27T15:00:00Z,17.285,0.1274,1.1679,hybrid_economized,False,0.1695,"open-meteo archive + climate-driven hybrid-economized cooling (region_cooling_profiles base), T-dependent PUE"
PL,64,2017-07-27T16:00:00Z,17.213,0.1119,1.1575,hybrid_economized,False,0.1426,"open-meteo archive + climate-driven hybrid-economized cooling (region_cooling_profiles base), T-dependent PUE"
PL,65,2017-07-27T17:00:00Z,16.932,0.0623,1.1321,hybrid_economized,False,0.0563,"open-meteo archive + climate-driven hybrid-economized cooling (region_cooling_profiles base), T-dependent PUE"
PL,66,2017-07-27T18:00:00Z,16.83,0.0493,1.12,hybrid_economized,False,0.0337,"open-meteo archive + climate-driven hybrid-economized cooling (region_cooling_profiles base), T-dependent PUE"
PL,67,2017-07-27T19:00:00Z,16.226,0.03,1.12,hybrid_economized,False,0.0,"open-meteo archive + climate-driven hybrid-economized cooling (region_cooling_profiles base), T-dependent PUE"
PL,68,2017-07-27T20:00:00Z,15.716,0.03,1.12,hybrid_economized,False,0.0,"open-meteo archive + climate-driven hybrid-economized cooling (region_cooling_profiles base), T-dependent PUE"
PL,69,2017-07-27T21:00:00Z,15.372,0.03,1.12,hybrid_economized,False,0.0,"open-meteo archive + climate-driven hybrid-economized cooling (region_cooling_profiles base), T-dependent PUE"
PL,70,2017-07-27T22:00:00Z,15.174,0.03,1.12,hybrid_economized,False,0.0,"open-meteo archive + climate-driven hybrid-economized cooling (region_cooling_profiles base), T-dependent PUE"
PL,71,2017-07-27T23:00:00Z,15.464,0.03,1.12,hybrid_economized,False,0.0,"open-meteo archive + climate-driven hybrid-economized cooling (region_cooling_profiles base), T-dependent PUE"
PL,72,2017-07-28T00:00:00Z,15.287,0.03,1.12,hybrid_economized,False,0.0,"open-meteo archive + climate-driven hybrid-economized cooling (region_cooling_profiles base), T-dependent PUE"
PL,73,2017-07-28T01:00:00Z,15.257,0.03,1.12,hybrid_economized,False,0.0,"open-meteo archive + climate-driven hybrid-economized cooling (region_cooling_profiles base), T-dependent PUE"
PL,74,2017-07-28T02:00:00Z,15.32,0.03,1.12,hybrid_economized,False,0.0,"open-meteo archive + climate-driven hybrid-economized cooling (region_cooling_profiles base), T-dependent PUE"
PL,75,2017-07-28T03:00:00Z,15.766,0.03,1.12,hybrid_economized,False,0.0,"open-meteo archive + climate-driven hybrid-economized cooling (region_cooling_profiles base), T-dependent PUE"
PL,76,2017-07-28T04:00:00Z,15.866,0.03,1.12,hybrid_economized,False,0.0,"open-meteo archive + climate-driven hybrid-economized cooling (region_cooling_profiles base), T-dependent PUE"
PL,77,2017-07-28T05:00:00Z,15.919,0.03,1.12,hybrid_economized,False,0.0,"open-meteo archive + climate-driven hybrid-economized cooling (region_cooling_profiles base), T-dependent PUE"
PL,78,2017-07-28T06:00:00Z,16.463,0.03,1.12,hybrid_economized,False,0.0,"open-meteo archive + climate-driven hybrid-economized cooling (region_cooling_profiles base), T-dependent PUE"
PL,79,2017-07-28T07:00:00Z,16.98,0.0693,1.12,hybrid_economized,False,0.0685,"open-meteo archive + climate-driven hybrid-economized cooling (region_cooling_profiles base), T-dependent PUE"
PL,80,2017-07-28T08:00:00Z,17.316,0.1345,1.1247,hybrid_economized,False,0.1817,"open-meteo archive + climate-driven hybrid-economized cooling (region_cooling_profiles base), T-dependent PUE"
PL,81,2017-07-28T09:00:00Z,17.584,0.2014,1.1402,hybrid_economized,False,0.2975,"open-meteo archive + climate-driven hybrid-economized cooling (region_cooling_profiles base), T-dependent PUE"
PL,82,2017-07-28T10:00:00Z,17.164,0.1019,1.1497,hybrid_economized,False,0.1252,"open-meteo archive + climate-driven hybrid-economized cooling (region_cooling_profiles base), T-dependent PUE"
PL,83,2017-07-28T11:00:00Z,17.846,0.2744,1.151,hybrid_economized,False,0.4234,"open-meteo archive + climate-driven hybrid-economized cooling (region_cooling_profiles base), T-dependent PUE"
PL,84,2017-07-28T12:00:00Z,17.022,0.0761,1.12,hybrid_economized,False,0.0803,"open-meteo archive + climate-driven hybrid-economized cooling (region_cooling_profiles base), T-dependent PUE"
PL,85,2017-07-28T13:00:00Z,17.529,0.1868,1.12,hybrid_economized,False,0.2724,"open-meteo archive + climate-driven hybrid-economized cooling (region_cooling_profiles base), T-dependent PUE"
PL,86,2017-07-28T14:00:00Z,17.529,0.1868,1.12,hybrid_economized,False,0.2724,"open-meteo archive + climate-driven hybrid-economized cooling (region_cooling_profiles base), T-dependent PUE"
PL,87,2017-07-28T15:00:00Z,17.213,0.112,1.12,hybrid_economized,False,0.1428,"open-meteo archive + climate-driven hybrid-economized cooling (region_cooling_profiles base), T-dependent PUE"
PL,88,2017-07-28T16:00:00Z,17.494,0.1776,1.12,hybrid_economized,False,0.2564,"open-meteo archive + climate-driven hybrid-economized cooling (region_cooling_profiles base), T-dependent PUE"
PL,89,2017-07-28T17:00:00Z,17.444,0.165,1.12,hybrid_economized,False,0.2346,"open-meteo archive + climate-driven hybrid-economized cooling (region_cooling_profiles base), T-dependent PUE"
PL,90,2017-07-28T18:00:00Z,16.701,0.0374,1.12,hybrid_economized,False,0.0129,"open-meteo archive + climate-driven hybrid-economized cooling (region_cooling_profiles base), T-dependent PUE"
PL,91,2017-07-28T19:00:00Z,16.364,0.03,1.12,hybrid_economized,False,0.0,"open-meteo archive + climate-driven hybrid-economized cooling (region_cooling_profiles base), T-dependent PUE"
PL,92,2017-07-28T20:00:00Z,15.885,0.03,1.12,hybrid_economized,False,0.0,"open-meteo archive + climate-driven hybrid-economized cooling (region_cooling_profiles base), T-dependent PUE"
PL,93,2017-07-28T21:00:00Z,15.273,0.03,1.12,hybrid_economized,False,0.0,"open-meteo archive + climate-driven hybrid-economized cooling (region_cooling_profiles base), T-dependent PUE"
PL,94,2017-07-28T22:00:00Z,14.648,0.03,1.12,hybrid_economized,False,0.0,"open-meteo archive + climate-driven hybrid-economized cooling (region_cooling_profiles base), T-dependent PUE"
PL,95,2017-07-28T23:00:00Z,14.366,0.03,1.12,hybrid_economized,False,0.0,"open-meteo archive + climate-driven hybrid-economized cooling (region_cooling_profiles base), T-dependent PUE"
