country_name,country_code,annual_cf,jan_cf,feb_cf,mar_cf,apr_cf,may_cf,jun_cf,jul_cf,aug_cf,sep_cf,oct_cf,nov_cf,dec_cf,source_dataset,source_url
Andorra,AD,11.1,0.791,0.874,0.893,1.02,1.52,18.5,23.6,35.8,23.5,19.5,4.71,1.21,AWARE2.0 CFs_nonagri,https://zenodo.org/records/16332127/files/AWARE20_Countries_and_Regions.xlsx?download=1
United Arab Emirates,AE,59.5,22.4,14.4,8.7,16.6,68.4,85.3,84.9,87.4,93.2,99.7,90.5,39.9,AWARE2.0 CFs_nonagri,https://zenodo.org/records/16332127/files/AWARE20_Countries_and_Regions.xlsx?download=1
Afghanistan,AF,41.3,49.1,48.0,3.88,3.65,10.9,64.5,64.1,63.9,48.6,33.1,53.8,52.3,AWARE2.0 CFs_nonagri,https://zenodo.org/records/16332127/files/AWARE20_Countries_and_Regions.xlsx?download=1
Antigua and Barbuda,AG,63.9,73.9,98.7,98.9,98.5,98.4,98.6,88.6,79.0,8.75,3.28,3.14,19.3,AWARE2.0 CFs_nonagri,https://zenodo.org/records/16332127/files/AWARE20_Countries_and_Regions.xlsx?download=1
Albania,AL,19.2,0.516,0.479,0.487,0.694,1.85,42.9,85.8,85.8,6.47,1.77,0.536,0.381,AWARE2.0 CFs_nonagri,https://zenodo.org/records/16332127/files/AWARE20_Countries_and_Regions.xlsx?download=1
Armenia,AM,32.7,5.38,4.85,2.84,4.33,44.8,95.7,100.0,100.0,14.8,6.09,5.22,5.24,AWARE2.0 CFs_nonagri,https://zenodo.org/records/16332127/files/AWARE20_Countries_and_Regions.xlsx?download=1
Angola,AO,13.1,6.79,5.32,4.26,16.7,9.53,11.4,13.2,16.3,21.1,20.0,16.9,15.0,AWARE2.0 CFs_nonagri,https://zenodo.org/records/16332127/files/AWARE20_Countries_and_Regions.xlsx?download=1
Argentina,AR,6.23,10.5,9.01,5.32,3.69,4.12,4.06,4.73,4.81,5.35,5.76,8.88,8.69,AWARE2.0 CFs_nonagri,https://zenodo.org/records/16332127/files/AWARE20_Countries_and_Regions.xlsx?download=1
American Samoa,AS,1.26,0.395,0.393,0.58,0.701,0.705,1.31,1.75,2.73,3.13,1.85,0.883,0.623,AWARE2.0 CFs_nonagri,https://zenodo.org/records/16332127/files/AWARE20_Countries_and_Regions.xlsx?download=1
Austria,AT,2.06,1.61,1.59,1.27,1.25,1.39,1.7,1.98,2.57,3.54,3.35,2.81,1.67,AWARE2.0 CFs_nonagri,https://zenodo.org/records/16332127/files/AWARE20_Countries_and_Regions.xlsx?download=1
Australia,AU,34.1,34.4,32.9,30.5,32.9,38.5,29.2,28.3,32.7,35.5,37.0,43.7,33.5,AWARE2.0 CFs_nonagri,https://zenodo.org/records/16332127/files/AWARE20_Countries_and_Regions.xlsx?download=1
"Australia, Australian Capital Territory",AU-ACT,100.0,100.0,100.0,100.0,100.0,100.0,100.0,100.0,100.0,100.0,100.0,100.0,100.0,AWARE2.0 CFs_nonagri,https://zenodo.org/records/16332127/files/AWARE20_Countries_and_Regions.xlsx?download=1
"Australia, Indian Ocean Territories",AU-IOT,1.42,0.604,0.586,0.485,0.567,1.07,1.01,1.56,4.35,3.69,1.34,0.956,0.734,AWARE2.0 CFs_nonagri,https://zenodo.org/records/16332127/files/AWARE20_Countries_and_Regions.xlsx?download=1
"Australia, Jervis Bay Territory",AU-JBT,1.93,3.06,2.51,2.66,2.55,2.11,1.16,1.18,0.899,1.19,1.57,2.06,2.26,AWARE2.0 CFs_nonagri,https://zenodo.org/records/16332127/files/AWARE20_Countries_and_Regions.xlsx?download=1
"Australia, New South Wales",AU-NSW,41.2,42.2,39.9,40.4,40.8,40.8,40.2,40.5,39.9,40.9,42.3,43.3,43.2,AWARE2.0 CFs_nonagri,https://zenodo.org/records/16332127/files/AWARE20_Countries_and_Regions.xlsx?download=1
"Australia, Northern Territory",AU-NT,13.5,1.17,1.19,1.44,3.43,5.99,10.7,17.7,25.3,39.1,26.1,24.6,4.61,AWARE2.0 CFs_nonagri,https://zenodo.org/records/16332127/files/AWARE20_Countries_and_Regions.xlsx?download=1
"Australia, Queensland",AU-QLD,35.1,20.2,20.7,18.1,21.0,29.4,34.9,38.5,49.2,53.1,51.9,58.2,24.8,AWARE2.0 CFs_nonagri,https://zenodo.org/records/16332127/files/AWARE20_Countries_and_Regions.xlsx?download=1
"Australia, South Australia",AU-SA,58.6,84.7,88.3,80.1,87.0,89.1,36.2,8.76,13.5,15.9,32.2,85.3,84.8,AWARE2.0 CFs_nonagri,https://zenodo.org/records/16332127/files/AWARE20_Countries_and_Regions.xlsx?download=1
"Australia, Tasmania",AU-TAS,2.83,4.92,6.26,6.56,5.07,2.96,1.26,0.872,0.711,0.875,0.977,1.32,2.45,AWARE2.0 CFs_nonagri,https://zenodo.org/records/16332127/files/AWARE20_Countries_and_Regions.xlsx?download=1
"Australia, Victoria",AU-VIC,26.8,36.9,39.3,33.8,33.2,44.6,19.5,17.9,18.2,18.7,19.0,19.8,21.9,AWARE2.0 CFs_nonagri,https://zenodo.org/records/16332127/files/AWARE20_Countries_and_Regions.xlsx?download=1
"Australia, Western Australia",AU-WA,27.1,37.5,23.2,21.0,30.1,36.6,12.8,9.52,17.2,22.6,30.2,43.4,40.9,AWARE2.0 CFs_nonagri,https://zenodo.org/records/16332127/files/AWARE20_Countries_and_Regions.xlsx?download=1
Aruba,AW,,,,,,,,,,,,,,AWARE2.0 CFs_nonagri,https://zenodo.org/records/16332127/files/AWARE20_Countries_and_Regions.xlsx?download=1
Aland,AX,4.12,1.43,1.41,1.02,1.11,2.49,4.66,8.23,12.1,12.1,2.19,1.33,1.11,AWARE2.0 CFs_nonagri,https://zenodo.org/records/16332127/files/AWARE20_Countries_and_Regions.xlsx?download=1
Azerbaijan,AZ,38.1,4.68,4.16,3.25,10.2,61.3,98.2,100.0,100.0,45.2,16.4,6.15,4.73,AWARE2.0 CFs_nonagri,https://zenodo.org/records/16332127/files/AWARE20_Countries_and_Regions.xlsx?download=1
Akrotiri Sovereign Base Area,AKROTIRI,60.5,0.622,0.773,2.52,41.4,100.0,100.0,100.0,100.0,100.0,100.0,75.9,0.897,AWARE2.0 CFs_nonagri,https://zenodo.org/records/16332127/files/AWARE20_Countries_and_Regions.xlsx?download=1
Asia without China,ASIA WITHOUT CHINA,28.0,37.7,39.8,35.3,37.5,37.6,19.9,21.1,19.6,18.0,18.5,17.4,33.6,AWARE2.0 CFs_nonagri,https://zenodo.org/records/16332127/files/AWARE20_Countries_and_Regions.xlsx?download=1
"Australia, including overseas territories","AUSTRALIA, INCLUDING OVERSEAS TERRITORIES",34.1,34.4,32.9,30.5,32.9,38.5,29.2,28.3,32.7,35.5,37.0,43.7,33.5,AWARE2.0 CFs_nonagri,https://zenodo.org/records/16332127/files/AWARE20_Countries_and_Regions.xlsx?download=1
Bosnia and Herzegovina,BA,1.94,1.42,1.42,1.13,1.12,1.33,1.8,2.2,2.77,3.28,2.88,2.44,1.46,AWARE2.0 CFs_nonagri,https://zenodo.org/records/16332127/files/AWARE20_Countries_and_Regions.xlsx?download=1
Baltic System Operator,BALTSO,2.08,1.3,1.22,0.994,1.04,1.34,1.83,2.32,3.2,4.3,3.51,2.17,1.73,AWARE2.0 CFs_nonagri,https://zenodo.org/records/16332127/files/AWARE20_Countries_and_Regions.xlsx?download=1
Barbados,BB,59.7,100.0,100.0,100.0,90.6,57.8,41.1,44.7,25.4,30.8,14.9,12.6,100.0,AWARE2.0 CFs_nonagri,https://zenodo.org/records/16332127/files/AWARE20_Countries_and_Regions.xlsx?download=1
Bangladesh,BD,6.88,13.3,17.7,16.7,11.9,9.91,0.916,0.16,0.135,0.139,0.191,0.853,11.2,AWARE2.0 CFs_nonagri,https://zenodo.org/records/16332127/files/AWARE20_Countries_and_Regions.xlsx?download=1
Belgium,BE,3.52,0.595,0.704,0.723,1.03,1.28,1.72,3.07,7.08,11.7,11.8,1.43,0.838,AWARE2.0 CFs_nonagri,https://zenodo.org/records/16332127/files/AWARE20_Countries_and_Regions.xlsx?download=1
Burkina Faso,BF,13.9,7.73,9.62,9.33,9.62,8.34,6.78,5.64,5.81,71.2,19.9,7.11,6.71,AWARE2.0 CFs_nonagri,https://zenodo.org/records/16332127/files/AWARE20_Countries_and_Regions.xlsx?download=1
Bulgaria,BG,10.6,1.48,1.39,1.24,1.44,2.81,6.46,40.1,40.9,18.7,6.06,3.41,1.63,AWARE2.0 CFs_nonagri,https://zenodo.org/records/16332127/files/AWARE20_Countries_and_Regions.xlsx?download=1
Bahrain,BH,1.9,0.851,0.984,0.903,2.28,2.33,2.44,2.49,2.58,2.84,2.96,1.21,0.887,AWARE2.0 CFs_nonagri,https://zenodo.org/records/16332127/files/AWARE20_Countries_and_Regions.xlsx?download=1
Burundi,BI,70.7,14.0,18.3,38.9,77.8,80.6,84.7,98.1,100.0,100.0,100.0,100.0,33.2,AWARE2.0 CFs_nonagri,https://zenodo.org/records/16332127/files/AWARE20_Countries_and_Regions.xlsx?download=1
Benin,BJ,8.52,8.91,11.5,11.8,12.4,11.7,9.01,4.51,3.4,12.4,5.13,4.92,6.9,AWARE2.0 CFs_nonagri,https://zenodo.org/records/16332127/files/AWARE20_Countries_and_Regions.xlsx?download=1
Bermuda,BM,3.02,0.593,0.572,0.539,1.41,2.0,3.95,8.04,7.19,7.24,2.25,1.72,0.605,AWARE2.0 CFs_nonagri,https://zenodo.org/records/16332127/files/AWARE20_Countries_and_Regions.xlsx?download=1
Brunei,BN,0.228,0.141,0.235,0.269,0.226,0.208,0.232,0.268,0.28,0.279,0.223,0.208,0.17,AWARE2.0 CFs_nonagri,https://zenodo.org/records/16332127/files/AWARE20_Countries_and_Regions.xlsx?download=1
Bolivia,BO,3.83,3.5,2.63,2.36,2.53,2.66,2.97,3.28,4.07,5.39,5.86,6.25,4.44,AWARE2.0 CFs_nonagri,https://zenodo.org/records/16332127/files/AWARE20_Countries_and_Regions.xlsx?download=1
"Bonaire, Saint Eustatius and Saba",BQ,70.8,75.3,100.0,100.0,100.0,100.0,100.0,100.0,100.0,28.4,7.26,5.71,34.3,AWARE2.0 CFs_nonagri,https://zenodo.org/records/16332127/files/AWARE20_Countries_and_Regions.xlsx?download=1
Brazil,BR,4.38,3.55,3.29,6.74,2.5,1.92,2.45,2.84,3.63,5.43,7.63,5.51,6.89,AWARE2.0 CFs_nonagri,https://zenodo.org/records/16332127/files/AWARE20_Countries_and_Regions.xlsx?download=1
"Brazil, Acre",BR-AC,0.508,0.427,0.337,0.231,0.209,0.206,0.256,0.33,0.473,0.764,1.03,1.1,0.734,AWARE2.0 CFs_nonagri,https://zenodo.org/records/16332127/files/AWARE20_Countries_and_Regions.xlsx?download=1
"Brazil, Alagoas",BR-AL,7.75,6.0,6.72,49.9,4.16,2.05,1.82,2.0,2.49,2.94,3.62,4.75,5.94,AWARE2.0 CFs_nonagri,https://zenodo.org/records/16332127/files/AWARE20_Countries_and_Regions.xlsx?download=1
"Brazil, Amazonas",BR-AM,0.155,0.153,0.136,0.12,0.116,0.113,0.118,0.128,0.146,0.182,0.217,0.234,0.196,AWARE2.0 CFs_nonagri,https://zenodo.org/records/16332127/files/AWARE20_Countries_and_Regions.xlsx?download=1
"Brazil, Amapá",BR-AP,0.208,0.24,0.131,0.112,0.106,0.104,0.114,0.127,0.17,0.259,0.322,0.389,0.418,AWARE2.0 CFs_nonagri,https://zenodo.org/records/16332127/files/AWARE20_Countries_and_Regions.xlsx?download=1
"Brazil, Bahia",BR-BA,6.65,4.28,5.11,13.2,6.61,5.15,4.89,4.86,5.68,6.58,7.51,6.51,9.21,AWARE2.0 CFs_nonagri,https://zenodo.org/records/16332127/files/AWARE20_Countries_and_Regions.xlsx?download=1
"Brazil, Ceará",BR-CE,23.3,15.9,15.4,9.58,7.26,6.96,7.89,8.31,10.9,44.0,49.3,51.4,52.7,AWARE2.0 CFs_nonagri,https://zenodo.org/records/16332127/files/AWARE20_Countries_and_Regions.xlsx?download=1
"Brazil, Distrito Federal",BR-DF,1.18,1.15,1.16,1.05,0.96,0.919,0.965,1.01,1.41,1.55,1.48,1.25,1.3,AWARE2.0 CFs_nonagri,https://zenodo.org/records/16332127/files/AWARE20_Countries_and_Regions.xlsx?download=1
"Brazil, Espírito Santo",BR-ES,7.61,0.658,1.41,1.06,1.32,3.34,4.99,8.75,9.0,18.4,40.4,0.885,0.418,AWARE2.0 CFs_nonagri,https://zenodo.org/records/16332127/files/AWARE20_Countries_and_Regions.xlsx?download=1
"Brazil, Goiás",BR-GO,1.58,0.911,0.867,0.782,0.75,0.843,1.25,1.69,2.35,3.11,3.15,1.97,1.24,AWARE2.0 CFs_nonagri,https://zenodo.org/records/16332127/files/AWARE20_Countries_and_Regions.xlsx?download=1
"Brazil, Maranhão",BR-MA,5.05,9.07,6.45,2.5,1.22,1.15,2.01,2.54,3.8,5.48,7.14,8.9,10.4,AWARE2.0 CFs_nonagri,https://zenodo.org/records/16332127/files/AWARE20_Countries_and_Regions.xlsx?download=1
"Brazil, Minas Gerais",BR-MG,4.77,2.34,3.01,3.07,2.51,2.85,3.31,4.03,5.02,6.44,18.4,3.03,2.95,AWARE2.0 CFs_nonagri,https://zenodo.org/records/16332127/files/AWARE20_Countries_and_Regions.xlsx?download=1
"Brazil, Mato Grosso do Sul",BR-MS,1.75,1.87,1.76,1.5,1.37,1.27,1.4,1.48,1.96,2.42,2.24,1.97,1.8,AWARE2.0 CFs_nonagri,https://zenodo.org/records/16332127/files/AWARE20_Countries_and_Regions.xlsx?download=1
"Brazil, Mato Grosso",BR-MT,2.19,1.51,1.32,1.05,0.97,0.989,1.41,1.86,2.72,4.06,4.32,3.59,2.43,AWARE2.0 CFs_nonagri,https://zenodo.org/records/16332127/files/AWARE20_Countries_and_Regions.xlsx?download=1
"Brazil, Mid-western grid",BR-MID-WESTERN GRID,1.79,1.4,1.3,1.11,1.02,1.03,1.33,1.64,2.29,3.08,3.1,2.38,1.75,AWARE2.0 CFs_nonagri,https://zenodo.org/records/16332127/files/AWARE20_Countries_and_Regions.xlsx?download=1
"Brazil, North-eastern grid",BR-NORTH-EASTERN GRID,12.3,11.9,10.4,26.2,7.48,4.29,4.46,4.54,6.12,12.5,15.3,18.7,25.9,AWARE2.0 CFs_nonagri,https://zenodo.org/records/16332127/files/AWARE20_Countries_and_Regions.xlsx?download=1
"Brazil, Northern grid",BR-NORTHERN GRID,1.23,0.793,0.41,0.307,0.308,0.374,0.689,1.07,1.58,2.41,2.78,2.34,1.59,AWARE2.0 CFs_nonagri,https://zenodo.org/records/16332127/files/AWARE20_Countries_and_Regions.xlsx?download=1
"Brazil, Pará",BR-PA,1.38,1.13,0.374,0.239,0.225,0.304,0.618,1.01,1.59,2.58,3.13,2.93,2.32,AWARE2.0 CFs_nonagri,https://zenodo.org/records/16332127/files/AWARE20_Countries_and_Regions.xlsx?download=1
"Brazil, Paraíba",BR-PB,21.8,18.4,15.3,52.2,16.0,5.65,4.83,4.24,7.33,11.2,17.2,33.0,74.6,AWARE2.0 CFs_nonagri,https://zenodo.org/records/16332127/files/AWARE20_Countries_and_Regions.xlsx?download=1
"Brazil, Pernambuco",BR-PE,13.5,16.5,11.6,72.2,5.82,2.06,1.73,1.75,2.69,4.21,7.64,12.6,22.3,AWARE2.0 CFs_nonagri,https://zenodo.org/records/16332127/files/AWARE20_Countries_and_Regions.xlsx?download=1
"Brazil, Piauí",BR-PI,16.6,30.6,19.9,5.85,2.88,3.3,6.39,8.18,14.0,19.6,24.6,28.3,35.7,AWARE2.0 CFs_nonagri,https://zenodo.org/records/16332127/files/AWARE20_Countries_and_Regions.xlsx?download=1
"Brazil, Paraná",BR-PR,1.02,0.964,0.947,0.856,0.831,0.827,0.868,0.89,1.28,1.35,1.26,1.08,1.09,AWARE2.0 CFs_nonagri,https://zenodo.org/records/16332127/files/AWARE20_Countries_and_Regions.xlsx?download=1
"Brazil, Rio de Janeiro",BR-RJ,3.94,0.514,1.02,0.802,1.11,2.19,7.36,9.43,10.5,6.79,5.44,1.23,0.662,AWARE2.0 CFs_nonagri,https://zenodo.org/records/16332127/files/AWARE20_Countries_and_Regions.xlsx?download=1
"Brazil, Rio Grande do Norte",BR-RN,21.2,20.4,21.3,46.7,25.3,8.07,7.66,5.51,6.51,9.75,14.4,34.5,53.9,AWARE2.0 CFs_nonagri,https://zenodo.org/records/16332127/files/AWARE20_Countries_and_Regions.xlsx?download=1
"Brazil, Rondônia",BR-RO,0.922,0.61,0.383,0.247,0.257,0.333,0.463,0.62,0.955,1.51,1.94,2.25,1.47,AWARE2.0 CFs_nonagri,https://zenodo.org/records/16332127/files/AWARE20_Countries_and_Regions.xlsx?download=1
"Brazil, Roraima",BR-RR,1.08,1.72,2.19,2.16,2.25,0.78,0.306,0.242,0.271,0.39,0.575,0.929,1.26,AWARE2.0 CFs_nonagri,https://zenodo.org/records/16332127/files/AWARE20_Countries_and_Regions.xlsx?download=1
"Brazil, Rio Grande do Sul",BR-RS,0.647,0.8,1.06,1.05,0.915,0.594,0.508,0.425,0.471,0.479,0.388,0.457,0.655,AWARE2.0 CFs_nonagri,https://zenodo.org/records/16332127/files/AWARE20_Countries_and_Regions.xlsx?download=1
"Brazil, Santa Catarina",BR-SC,0.63,0.602,0.708,0.691,0.705,0.587,0.617,0.573,0.662,0.608,0.54,0.59,0.691,AWARE2.0 CFs_nonagri,https://zenodo.org/records/16332127/files/AWARE20_Countries_and_Regions.xlsx?download=1
"Brazil, Sergipe",BR-SE,7.21,6.1,8.71,23.8,14.2,3.22,2.33,2.29,2.55,3.21,4.11,5.99,10.1,AWARE2.0 CFs_nonagri,https://zenodo.org/records/16332127/files/AWARE20_Countries_and_Regions.xlsx?download=1
"Brazil, São Paulo",BR-SP,1.26,0.953,0.953,0.851,0.833,0.908,1.09,1.24,1.69,2.25,2.11,1.14,1.08,AWARE2.0 CFs_nonagri,https://zenodo.org/records/16332127/files/AWARE20_Countries_and_Regions.xlsx?download=1
"Brazil, South-eastern grid",BR-SOUTH-EASTERN GRID,3.06,1.29,1.61,1.53,1.41,1.82,2.99,3.79,4.51,5.0,9.34,1.72,1.55,AWARE2.0 CFs_nonagri,https://zenodo.org/records/16332127/files/AWARE20_Countries_and_Regions.xlsx?download=1
"Brazil, South-eastern and Mid-western grid",BR-SOUTH-EASTERN/MID-WESTERN GRID,2.65,1.33,1.51,1.39,1.29,1.57,2.46,3.1,3.79,4.38,7.33,1.94,1.62,AWARE2.0 CFs_nonagri,https://zenodo.org/records/16332127/files/AWARE20_Countries_and_Regions.xlsx?download=1
"Brazil, Southern grid",BR-SOUTHERN GRID,0.779,0.823,0.954,0.915,0.847,0.677,0.657,0.619,0.799,0.816,0.731,0.705,0.819,AWARE2.0 CFs_nonagri,https://zenodo.org/records/16332127/files/AWARE20_Countries_and_Regions.xlsx?download=1
"Brazil, Tocantins",BR-TO,2.19,0.629,0.535,0.465,0.493,0.776,1.69,2.7,3.72,5.3,5.49,3.15,1.26,AWARE2.0 CFs_nonagri,https://zenodo.org/records/16332127/files/AWARE20_Countries_and_Regions.xlsx?download=1
The Bahamas,BS,11.5,13.6,12.1,15.2,17.2,14.8,8.71,12.3,12.8,8.46,5.91,5.01,12.2,AWARE2.0 CFs_nonagri,https://zenodo.org/records/16332127/files/AWARE20_Countries_and_Regions.xlsx?download=1
Bhutan,BT,4.58,10.3,19.5,16.6,2.46,0.606,0.201,0.133,0.165,0.183,0.288,1.39,4.21,AWARE2.0 CFs_nonagri,https://zenodo.org/records/16332127/files/AWARE20_Countries_and_Regions.xlsx?download=1
Botswana,BW,37.6,38.3,22.2,22.4,26.4,32.2,33.5,34.4,38.9,45.1,50.6,51.7,54.4,AWARE2.0 CFs_nonagri,https://zenodo.org/records/16332127/files/AWARE20_Countries_and_Regions.xlsx?download=1
Belarus,BY,3.34,2.96,2.82,2.35,2.34,2.41,3.08,3.4,3.97,4.71,4.58,4.05,3.35,AWARE2.0 CFs_nonagri,https://zenodo.org/records/16332127/files/AWARE20_Countries_and_Regions.xlsx?download=1
Belize,BZ,1.35,0.895,1.29,1.89,3.07,3.27,1.05,1.02,0.959,0.889,0.474,0.631,0.769,AWARE2.0 CFs_nonagri,https://zenodo.org/records/16332127/files/AWARE20_Countries_and_Regions.xlsx?download=1
Canada,CA,2.97,3.08,3.29,2.67,2.56,2.48,2.8,2.98,3.22,3.36,3.11,3.08,3.04,AWARE2.0 CFs_nonagri,https://zenodo.org/records/16332127/files/AWARE20_Countries_and_Regions.xlsx?download=1
"Canada, Alberta",CA-AB,8.24,8.6,8.79,7.43,7.9,7.76,8.4,8.17,8.16,8.42,8.16,8.56,8.6,AWARE2.0 CFs_nonagri,https://zenodo.org/records/16332127/files/AWARE20_Countries_and_Regions.xlsx?download=1
"Canada, British Columbia",CA-BC,1.39,0.99,1.16,1.03,0.85,0.735,0.877,2.43,3.16,2.33,1.33,0.868,0.905,AWARE2.0 CFs_nonagri,https://zenodo.org/records/16332127/files/AWARE20_Countries_and_Regions.xlsx?download=1
"Canada, Manitoba",CA-MB,4.28,3.98,4.31,3.91,4.0,3.95,4.27,4.27,4.5,4.87,4.65,4.53,4.12,AWARE2.0 CFs_nonagri,https://zenodo.org/records/16332127/files/AWARE20_Countries_and_Regions.xlsx?download=1
"Canada, New Brunswick",CA-NB,0.85,0.823,1.36,0.866,0.373,0.315,0.617,0.796,1.17,1.45,1.11,0.75,0.607,AWARE2.0 CFs_nonagri,https://zenodo.org/records/16332127/files/AWARE20_Countries_and_Regions.xlsx?download=1
"Canada, Newfoundland and Labrador",CA-NF,0.657,0.56,0.689,0.534,0.372,0.325,0.516,0.806,1.3,1.11,0.697,0.517,0.455,AWARE2.0 CFs_nonagri,https://zenodo.org/records/16332127/files/AWARE20_Countries_and_Regions.xlsx?download=1
"Canada, Nova Scotia",CA-NS,1.2,0.611,0.681,0.421,0.294,0.466,0.737,1.22,2.39,3.88,2.26,0.846,0.522,AWARE2.0 CFs_nonagri,https://zenodo.org/records/16332127/files/AWARE20_Countries_and_Regions.xlsx?download=1
"Canada, Northwest Territories",CA-NT,1.63,1.95,2.26,2.17,2.3,1.21,1.13,1.25,1.27,1.3,1.39,1.61,1.8,AWARE2.0 CFs_nonagri,https://zenodo.org/records/16332127/files/AWARE20_Countries_and_Regions.xlsx?download=1
"Canada, Nunavut",CA-NU,10.3,13.9,16.4,16.6,18.7,14.5,2.48,3.82,4.32,4.02,5.54,11.3,12.3,AWARE2.0 CFs_nonagri,https://zenodo.org/records/16332127/files/AWARE20_Countries_and_Regions.xlsx?download=1
"Canada, Ontario",CA-ON,1.15,1.18,1.28,1.03,0.821,0.776,1.02,1.11,1.23,1.4,1.4,1.38,1.25,AWARE2.0 CFs_nonagri,https://zenodo.org/records/16332127/files/AWARE20_Countries_and_Regions.xlsx?download=1
"Canada, Prince Edward Island",CA-PE,0.995,0.522,0.661,0.505,0.386,0.522,0.851,1.38,2.14,2.16,1.48,0.802,0.508,AWARE2.0 CFs_nonagri,https://zenodo.org/records/16332127/files/AWARE20_Countries_and_Regions.xlsx?download=1
"Canada, Québec",CA-QC,1.15,1.24,1.42,1.13,0.794,0.722,0.961,1.06,1.19,1.36,1.33,1.31,1.25,AWARE2.0 CFs_nonagri,https://zenodo.org/records/16332127/files/AWARE20_Countries_and_Regions.xlsx?download=1
"Canada, Saskatchewan",CA-SK,10.1,12.1,13.2,9.36,9.07,8.8,9.51,9.4,9.79,9.76,9.47,10.1,11.0,AWARE2.0 CFs_nonagri,https://zenodo.org/records/16332127/files/AWARE20_Countries_and_Regions.xlsx?download=1
"Canada, Yukon",CA-YK,2.65,3.5,4.62,4.78,5.51,2.85,1.03,1.1,1.32,1.37,1.43,1.9,2.6,AWARE2.0 CFs_nonagri,https://zenodo.org/records/16332127/files/AWARE20_Countries_and_Regions.xlsx?download=1
"Congo, Democratic Republic of the",CD,13.6,3.36,4.62,7.55,12.5,13.4,14.8,18.7,19.9,20.8,20.9,19.0,6.98,AWARE2.0 CFs_nonagri,https://zenodo.org/records/16332127/files/AWARE20_Countries_and_Regions.xlsx?download=1
Central European Power Association,CENTREL,2.77,2.04,1.81,1.41,1.42,1.67,2.09,2.57,3.28,4.81,5.03,4.41,2.64,AWARE2.0 CFs_nonagri,https://zenodo.org/records/16332127/files/AWARE20_Countries_and_Regions.xlsx?download=1
Central African Republic,CF,9.93,5.72,8.26,10.0,14.5,16.2,17.8,16.3,7.93,5.82,5.58,6.13,4.87,AWARE2.0 CFs_nonagri,https://zenodo.org/records/16332127/files/AWARE20_Countries_and_Regions.xlsx?download=1
Congo,CG,0.759,0.518,0.684,0.685,0.748,0.748,0.849,0.978,1.0,1.15,0.925,0.415,0.404,AWARE2.0 CFs_nonagri,https://zenodo.org/records/16332127/files/AWARE20_Countries_and_Regions.xlsx?download=1
Switzerland,CH,1.38,0.611,0.723,0.675,0.857,0.92,1.03,1.5,2.5,2.97,2.55,1.23,0.89,AWARE2.0 CFs_nonagri,https://zenodo.org/records/16332127/files/AWARE20_Countries_and_Regions.xlsx?download=1
Ivory Coast,CI,8.28,8.52,12.7,14.1,17.1,12.7,4.83,3.86,4.26,7.38,4.25,4.23,5.83,AWARE2.0 CFs_nonagri,https://zenodo.org/records/16332127/files/AWARE20_Countries_and_Regions.xlsx?download=1
Cook Islands,CK,1.37,0.609,0.631,0.69,0.742,0.717,1.26,1.26,1.88,2.67,3.02,1.95,0.93,AWARE2.0 CFs_nonagri,https://zenodo.org/records/16332127/files/AWARE20_Countries_and_Regions.xlsx?download=1
Chile,CL,45.5,84.9,84.1,70.4,67.7,59.8,5.19,8.81,7.03,7.78,9.4,63.1,79.7,AWARE2.0 CFs_nonagri,https://zenodo.org/records/16332127/files/AWARE20_Countries_and_Regions.xlsx?download=1
Cameroon,CM,3.38,3.35,4.86,5.38,6.52,5.44,4.37,3.88,1.56,0.924,0.883,1.27,2.2,AWARE2.0 CFs_nonagri,https://zenodo.org/records/16332127/files/AWARE20_Countries_and_Regions.xlsx?download=1
China,CN,6.29,6.26,7.34,6.31,5.98,6.33,16.1,4.62,2.42,4.66,4.68,5.72,5.4,AWARE2.0 CFs_nonagri,https://zenodo.org/records/16332127/files/AWARE20_Countries_and_Regions.xlsx?download=1
"China, Anhui (安徽)",CN-AH,0.407,0.718,0.773,0.486,0.376,0.351,0.272,0.174,0.228,0.263,0.298,0.378,0.587,AWARE2.0 CFs_nonagri,https://zenodo.org/records/16332127/files/AWARE20_Countries_and_Regions.xlsx?download=1
"China, Beijing (北京)",CN-BJ,4.5,7.51,7.6,6.2,6.65,5.07,4.52,1.37,1.07,1.82,2.29,3.71,6.48,AWARE2.0 CFs_nonagri,https://zenodo.org/records/16332127/files/AWARE20_Countries_and_Regions.xlsx?download=1
"China, Central Grid",CN-CCG,3.12,3.11,3.58,2.99,2.79,3.01,11.1,1.37,1.28,2.41,1.87,1.72,2.39,AWARE2.0 CFs_nonagri,https://zenodo.org/records/16332127/files/AWARE20_Countries_and_Regions.xlsx?download=1
"China, Chongqing (重庆)",CN-CQ,1.74,3.32,3.76,3.19,2.56,1.15,0.747,0.458,0.552,0.627,0.759,1.28,2.64,AWARE2.0 CFs_nonagri,https://zenodo.org/records/16332127/files/AWARE20_Countries_and_Regions.xlsx?download=1
"China, China Southern Power Grid",CN-CSG,2.81,2.62,6.82,7.84,4.58,1.29,0.359,0.347,0.363,0.525,1.21,5.7,2.48,AWARE2.0 CFs_nonagri,https://zenodo.org/records/16332127/files/AWARE20_Countries_and_Regions.xlsx?download=1
"China, East Grid",CN-ECGC,0.972,1.14,1.23,0.736,0.711,0.788,0.587,0.562,0.378,0.394,0.922,3.1,1.17,AWARE2.0 CFs_nonagri,https://zenodo.org/records/16332127/files/AWARE20_Countries_and_Regions.xlsx?download=1
"China, Fujian (福建)",CN-FJ,3.92,2.75,2.83,1.23,1.17,1.03,0.547,2.87,0.757,0.688,4.69,24.3,4.42,AWARE2.0 CFs_nonagri,https://zenodo.org/records/16332127/files/AWARE20_Countries_and_Regions.xlsx?download=1
"China, Guangdong (广东)",CN-GD,2.91,2.55,7.59,7.84,3.27,0.536,0.274,0.337,0.333,0.51,1.46,8.01,2.67,AWARE2.0 CFs_nonagri,https://zenodo.org/records/16332127/files/AWARE20_Countries_and_Regions.xlsx?download=1
"China, Gansu (甘肃)",CN-GS,24.8,17.4,20.4,18.3,19.8,26.6,87.4,17.1,16.3,24.1,20.1,17.1,14.2,AWARE2.0 CFs_nonagri,https://zenodo.org/records/16332127/files/AWARE20_Countries_and_Regions.xlsx?download=1
"China, Guangxi (广西壮族自治区)",CN-GX,2.24,2.27,5.41,5.1,4.57,3.87,0.32,0.284,0.344,0.538,0.839,1.64,1.96,AWARE2.0 CFs_nonagri,https://zenodo.org/records/16332127/files/AWARE20_Countries_and_Regions.xlsx?download=1
"China, Guizhou (贵州)",CN-GZ,1.53,2.89,3.24,2.7,2.09,0.97,0.63,0.422,0.525,0.629,0.783,1.24,2.38,AWARE2.0 CFs_nonagri,https://zenodo.org/records/16332127/files/AWARE20_Countries_and_Regions.xlsx?download=1
"China, Hainan (海南)",CN-HA,19.1,5.99,30.2,95.6,84.4,9.46,0.779,0.569,0.281,0.256,0.209,0.719,1.62,AWARE2.0 CFs_nonagri,https://zenodo.org/records/16332127/files/AWARE20_Countries_and_Regions.xlsx?download=1
"China, Hebei (河北)",CN-HB,5.58,9.25,9.12,7.55,7.83,6.03,5.13,1.78,1.46,2.61,3.03,4.96,8.46,AWARE2.0 CFs_nonagri,https://zenodo.org/records/16332127/files/AWARE20_Countries_and_Regions.xlsx?download=1
"China, Henan (河南)",CN-HE,6.04,4.54,5.4,4.6,4.69,6.36,26.9,2.88,2.49,5.17,3.65,2.88,3.3,AWARE2.0 CFs_nonagri,https://zenodo.org/records/16332127/files/AWARE20_Countries_and_Regions.xlsx?download=1
"China, Heilongjiang (黑龙江省)",CN-HL,4.64,6.58,8.67,7.95,5.7,5.1,5.46,2.96,1.52,1.67,2.49,3.3,4.54,AWARE2.0 CFs_nonagri,https://zenodo.org/records/16332127/files/AWARE20_Countries_and_Regions.xlsx?download=1
"China, Hunan (湖南)",CN-HN,0.692,1.11,0.983,0.617,0.45,0.369,0.288,0.352,0.568,0.723,0.87,0.796,1.19,AWARE2.0 CFs_nonagri,https://zenodo.org/records/16332127/files/AWARE20_Countries_and_Regions.xlsx?download=1
"China, Hubei (湖北)",CN-HU,0.557,1.04,1.13,0.817,0.626,0.395,0.283,0.206,0.265,0.303,0.344,0.478,0.841,AWARE2.0 CFs_nonagri,https://zenodo.org/records/16332127/files/AWARE20_Countries_and_Regions.xlsx?download=1
"China, Jilin (吉林)",CN-JL,15.0,18.2,20.1,19.2,17.1,16.7,17.1,9.88,2.63,13.6,14.4,15.1,16.3,AWARE2.0 CFs_nonagri,https://zenodo.org/records/16332127/files/AWARE20_Countries_and_Regions.xlsx?download=1
"China, Jiangsu (江苏)",CN-JS,0.869,1.26,1.52,1.05,1.1,1.38,1.15,0.265,0.287,0.36,0.485,0.67,0.944,AWARE2.0 CFs_nonagri,https://zenodo.org/records/16332127/files/AWARE20_Countries_and_Regions.xlsx?download=1
"China, Jiangxi (江西)",CN-JX,0.398,0.713,0.744,0.459,0.332,0.284,0.216,0.18,0.246,0.288,0.329,0.395,0.609,AWARE2.0 CFs_nonagri,https://zenodo.org/records/16332127/files/AWARE20_Countries_and_Regions.xlsx?download=1
"China, Liaoning (辽宁)",CN-LN,35.4,33.3,31.8,26.9,29.2,33.0,83.0,66.0,3.0,23.4,31.8,30.9,32.3,AWARE2.0 CFs_nonagri,https://zenodo.org/records/16332127/files/AWARE20_Countries_and_Regions.xlsx?download=1
"China, North Grid",CN-NCGC,9.21,9.87,10.6,9.32,9.39,10.5,27.3,4.07,3.21,6.85,6.11,6.02,7.81,AWARE2.0 CFs_nonagri,https://zenodo.org/records/16332127/files/AWARE20_Countries_and_Regions.xlsx?download=1
"China, Northeast Grid",CN-NECG,23.1,23.2,23.4,20.4,20.6,22.4,49.1,37.9,2.54,15.8,20.6,20.5,21.8,AWARE2.0 CFs_nonagri,https://zenodo.org/records/16332127/files/AWARE20_Countries_and_Regions.xlsx?download=1
"China, Inner Mongol (内蒙古自治区)",CN-NM,38.2,39.4,41.7,40.5,39.6,39.6,78.6,23.0,15.3,36.3,34.4,34.9,36.7,AWARE2.0 CFs_nonagri,https://zenodo.org/records/16332127/files/AWARE20_Countries_and_Regions.xlsx?download=1
"China, Northwest Grid",CN-NWG,30.2,25.5,28.0,18.5,22.8,32.2,89.0,20.9,23.2,30.6,26.3,23.5,23.0,AWARE2.0 CFs_nonagri,https://zenodo.org/records/16332127/files/AWARE20_Countries_and_Regions.xlsx?download=1
"China, Ningxia (宁夏回族自治区)",CN-NX,22.2,18.1,21.0,19.4,18.9,20.7,93.5,9.99,8.52,17.7,13.8,12.2,14.3,AWARE2.0 CFs_nonagri,https://zenodo.org/records/16332127/files/AWARE20_Countries_and_Regions.xlsx?download=1
"China, Qinghai (青海)",CN-QH,23.2,19.3,23.0,21.5,21.2,24.8,74.3,14.2,13.0,19.9,17.1,15.5,15.6,AWARE2.0 CFs_nonagri,https://zenodo.org/records/16332127/files/AWARE20_Countries_and_Regions.xlsx?download=1
"China, Shaanxi (陕西)",CN-SA,18.3,11.0,13.9,12.3,12.7,19.5,91.9,9.15,7.81,16.8,11.1,7.61,7.34,AWARE2.0 CFs_nonagri,https://zenodo.org/records/16332127/files/AWARE20_Countries_and_Regions.xlsx?download=1
"China, Sichuan (四川)",CN-SC,1.79,3.36,3.8,3.23,2.6,1.2,0.957,0.478,0.569,0.663,0.781,1.29,2.66,AWARE2.0 CFs_nonagri,https://zenodo.org/records/16332127/files/AWARE20_Countries_and_Regions.xlsx?download=1
"China, Shandong (山东)",CN-SD,8.03,7.22,8.08,7.12,6.97,9.6,32.5,3.34,2.85,6.08,5.11,3.69,4.38,AWARE2.0 CFs_nonagri,https://zenodo.org/records/16332127/files/AWARE20_Countries_and_Regions.xlsx?download=1
"China, State Grid Corporation of China",CN-SGCC,6.91,6.91,7.43,6.04,6.23,7.23,18.9,5.38,2.79,5.39,5.3,5.73,5.92,AWARE2.0 CFs_nonagri,https://zenodo.org/records/16332127/files/AWARE20_Countries_and_Regions.xlsx?download=1
"China, Shanghai (上海)",CN-SH,0.373,0.68,0.721,0.448,0.325,0.278,0.211,0.166,0.22,0.253,0.28,0.354,0.561,AWARE2.0 CFs_nonagri,https://zenodo.org/records/16332127/files/AWARE20_Countries_and_Regions.xlsx?download=1
"China, Southwest Grid",CN-SWG,14.8,23.7,29.2,24.6,22.3,18.7,6.15,3.58,3.38,4.34,9.64,12.9,20.0,AWARE2.0 CFs_nonagri,https://zenodo.org/records/16332127/files/AWARE20_Countries_and_Regions.xlsx?download=1
"China, Shanxi (山西)",CN-SX,15.0,10.5,12.6,11.0,11.5,16.0,69.7,7.2,6.11,13.0,8.97,6.79,7.44,AWARE2.0 CFs_nonagri,https://zenodo.org/records/16332127/files/AWARE20_Countries_and_Regions.xlsx?download=1
"China, Tianjin (天津)",CN-TJ,4.93,7.54,7.93,6.62,7.13,9.71,4.46,1.26,0.999,1.73,2.18,3.55,6.24,AWARE2.0 CFs_nonagri,https://zenodo.org/records/16332127/files/AWARE20_Countries_and_Regions.xlsx?download=1
"China, Xinjiang (新疆维吾尔自治区)",CN-XJ,78.9,84.5,84.8,35.7,59.6,84.9,88.1,68.3,88.5,90.0,88.4,87.1,87.6,AWARE2.0 CFs_nonagri,https://zenodo.org/records/16332127/files/AWARE20_Countries_and_Regions.xlsx?download=1
"China, Xizang (西藏自治区)",CN-XZ,14.8,23.7,29.2,24.6,22.3,18.7,6.15,3.58,3.38,4.34,9.64,12.9,20.0,AWARE2.0 CFs_nonagri,https://zenodo.org/records/16332127/files/AWARE20_Countries_and_Regions.xlsx?download=1
"China, Yunnan (云南)",CN-YN,1.79,2.85,3.53,3.62,3.93,1.53,0.695,0.411,0.453,0.547,0.696,1.14,2.24,AWARE2.0 CFs_nonagri,https://zenodo.org/records/16332127/files/AWARE20_Countries_and_Regions.xlsx?download=1
"China, Zhejiang (浙江)",CN-ZJ,0.66,0.905,0.761,0.447,0.486,0.548,0.305,0.572,0.628,0.55,0.836,0.965,0.914,AWARE2.0 CFs_nonagri,https://zenodo.org/records/16332127/files/AWARE20_Countries_and_Regions.xlsx?download=1
Colombia,CO,1.12,1.13,2.24,1.76,2.31,0.581,0.557,1.62,1.4,0.798,0.394,0.339,0.437,AWARE2.0 CFs_nonagri,https://zenodo.org/records/16332127/files/AWARE20_Countries_and_Regions.xlsx?download=1
Costa Rica,CR,0.995,1.14,1.9,2.56,3.8,0.688,0.336,0.249,0.226,0.19,0.153,0.21,0.596,AWARE2.0 CFs_nonagri,https://zenodo.org/records/16332127/files/AWARE20_Countries_and_Regions.xlsx?download=1
Serbia and Montenegro,CS,4.41,1.55,1.53,1.22,1.22,1.51,8.84,9.17,9.68,10.5,3.33,2.67,1.58,AWARE2.0 CFs_nonagri,https://zenodo.org/records/16332127/files/AWARE20_Countries_and_Regions.xlsx?download=1
Cuba,CU,7.19,5.05,11.6,19.7,25.4,2.72,2.16,4.75,8.0,1.76,0.857,1.74,3.07,AWARE2.0 CFs_nonagri,https://zenodo.org/records/16332127/files/AWARE20_Countries_and_Regions.xlsx?download=1
United States–Mexico–Canada Agreement,CUSMA/T-MEC/USMCA,12.4,9.65,9.25,9.38,11.3,12.2,15.2,15.4,16.4,13.3,12.4,13.3,10.3,AWARE2.0 CFs_nonagri,https://zenodo.org/records/16332127/files/AWARE20_Countries_and_Regions.xlsx?download=1
Cape Verde,CV,82.8,95.4,98.5,97.4,100.0,100.0,100.0,99.8,90.3,29.6,42.7,53.9,86.6,AWARE2.0 CFs_nonagri,https://zenodo.org/records/16332127/files/AWARE20_Countries_and_Regions.xlsx?download=1
Curaçao,CW,76.8,100.0,100.0,100.0,100.0,100.0,100.0,100.0,100.0,100.0,8.66,3.17,11.6,AWARE2.0 CFs_nonagri,https://zenodo.org/records/16332127/files/AWARE20_Countries_and_Regions.xlsx?download=1
Christmas Island,CX,1.42,0.604,0.586,0.485,0.567,1.07,1.01,1.56,4.35,3.69,1.34,0.956,0.734,AWARE2.0 CFs_nonagri,https://zenodo.org/records/16332127/files/AWARE20_Countries_and_Regions.xlsx?download=1
Cyprus,CY,62.4,0.877,1.31,6.04,85.7,100.0,100.0,100.0,100.0,100.0,100.0,50.9,1.17,AWARE2.0 CFs_nonagri,https://zenodo.org/records/16332127/files/AWARE20_Countries_and_Regions.xlsx?download=1
Czechia,CZ,3.14,1.7,1.64,1.34,1.49,1.95,2.44,3.32,4.65,6.64,6.06,3.95,2.39,AWARE2.0 CFs_nonagri,https://zenodo.org/records/16332127/files/AWARE20_Countries_and_Regions.xlsx?download=1
Canada without Alberta,CANADA WITHOUT ALBERTA,1.87,1.93,2.14,1.67,1.44,1.37,1.63,1.91,2.2,2.3,2.05,1.93,1.88,AWARE2.0 CFs_nonagri,https://zenodo.org/records/16332127/files/AWARE20_Countries_and_Regions.xlsx?download=1
Canada without Alberta and Quebec,CANADA WITHOUT ALBERTA AND QUEBEC,2.08,2.13,2.35,1.83,1.64,1.57,1.82,2.16,2.5,2.59,2.26,2.12,2.07,AWARE2.0 CFs_nonagri,https://zenodo.org/records/16332127/files/AWARE20_Countries_and_Regions.xlsx?download=1
Canada without Quebec,CANADA WITHOUT QUEBEC,3.4,3.52,3.73,3.03,2.98,2.89,3.23,3.45,3.71,3.84,3.53,3.5,3.47,AWARE2.0 CFs_nonagri,https://zenodo.org/records/16332127/files/AWARE20_Countries_and_Regions.xlsx?download=1
Canary Islands,CANARY ISLANDS,60.8,24.0,13.0,41.7,86.2,92.6,85.5,80.7,89.7,89.9,65.1,48.5,10.2,AWARE2.0 CFs_nonagri,https://zenodo.org/records/16332127/files/AWARE20_Countries_and_Regions.xlsx?download=1
Central Asia,CENTRAL ASIA,50.6,43.6,28.2,11.3,10.4,42.5,71.7,76.6,83.6,81.0,57.7,50.3,48.5,AWARE2.0 CFs_nonagri,https://zenodo.org/records/16332127/files/AWARE20_Countries_and_Regions.xlsx?download=1
China without Inner Mongol,CHINA W/O INNER MONGOL,5.91,5.87,6.93,5.9,5.58,5.93,15.4,4.4,2.27,4.28,4.33,5.38,5.02,AWARE2.0 CFs_nonagri,https://zenodo.org/records/16332127/files/AWARE20_Countries_and_Regions.xlsx?download=1
Crimea,CRIMEA,30.6,2.35,1.81,2.79,6.82,45.1,54.9,66.9,86.9,56.8,22.1,13.5,4.97,AWARE2.0 CFs_nonagri,https://zenodo.org/records/16332127/files/AWARE20_Countries_and_Regions.xlsx?download=1
Cyprus No Mans Area,CYPRUS NO MANS AREA,65.5,1.22,1.4,4.1,81.5,100.0,100.0,100.0,100.0,100.0,100.0,92.5,2.02,AWARE2.0 CFs_nonagri,https://zenodo.org/records/16332127/files/AWARE20_Countries_and_Regions.xlsx?download=1
Germany,DE,2.09,0.976,1.04,0.913,1.11,1.34,1.62,2.26,3.45,4.81,3.99,2.15,1.4,AWARE2.0 CFs_nonagri,https://zenodo.org/records/16332127/files/AWARE20_Countries_and_Regions.xlsx?download=1
Djibouti,DJ,17.4,7.15,14.1,7.98,7.25,19.5,47.4,31.9,3.65,16.0,7.01,38.2,9.94,AWARE2.0 CFs_nonagri,https://zenodo.org/records/16332127/files/AWARE20_Countries_and_Regions.xlsx?download=1
Denmark,DK,2.12,0.894,0.957,0.869,1.13,1.36,1.93,2.9,4.65,4.73,3.2,1.59,1.1,AWARE2.0 CFs_nonagri,https://zenodo.org/records/16332127/files/AWARE20_Countries_and_Regions.xlsx?download=1
Dominica,DM,11.9,4.95,9.36,25.5,27.7,17.0,25.8,13.5,5.68,3.91,3.16,2.8,3.87,AWARE2.0 CFs_nonagri,https://zenodo.org/records/16332127/files/AWARE20_Countries_and_Regions.xlsx?download=1
Dominican Republic,DO,9.25,8.37,11.3,20.0,35.1,1.8,2.37,11.9,12.2,2.06,1.22,1.02,4.1,AWARE2.0 CFs_nonagri,https://zenodo.org/records/16332127/files/AWARE20_Countries_and_Regions.xlsx?download=1
Algeria,DZ,51.9,16.6,16.2,15.9,43.2,52.0,77.9,87.3,90.1,77.4,67.3,41.0,35.1,AWARE2.0 CFs_nonagri,https://zenodo.org/records/16332127/files/AWARE20_Countries_and_Regions.xlsx?download=1
Dhekelia Sovereign Base Area,DHEKELIA BASE,62.2,1.25,2.23,9.98,71.7,100.0,100.0,100.0,100.0,100.0,100.0,56.1,1.72,AWARE2.0 CFs_nonagri,https://zenodo.org/records/16332127/files/AWARE20_Countries_and_Regions.xlsx?download=1
Ecuador,EC,3.69,0.88,0.384,0.292,0.419,0.818,2.83,3.42,5.77,9.59,9.41,6.39,3.89,AWARE2.0 CFs_nonagri,https://zenodo.org/records/16332127/files/AWARE20_Countries_and_Regions.xlsx?download=1
Estonia,EE,1.87,1.39,1.56,1.11,0.91,1.31,1.61,1.94,2.62,3.59,2.76,1.96,1.69,AWARE2.0 CFs_nonagri,https://zenodo.org/records/16332127/files/AWARE20_Countries_and_Regions.xlsx?download=1
Egypt,EG,71.4,11.0,12.1,25.9,96.9,96.9,97.1,100.0,97.1,97.5,100.0,99.8,19.8,AWARE2.0 CFs_nonagri,https://zenodo.org/records/16332127/files/AWARE20_Countries_and_Regions.xlsx?download=1
Western Sahara,EH,36.5,28.8,20.8,42.3,54.4,64.1,62.5,65.4,37.3,16.6,9.77,13.3,20.7,AWARE2.0 CFs_nonagri,https://zenodo.org/records/16332127/files/AWARE20_Countries_and_Regions.xlsx?download=1
European Network of Transmission Systems Operators for Electricity,ENTSO-E,7.49,1.42,1.51,1.49,2.43,6.28,11.8,15.7,17.5,15.4,9.57,4.21,2.07,AWARE2.0 CFs_nonagri,https://zenodo.org/records/16332127/files/AWARE20_Countries_and_Regions.xlsx?download=1
Eritrea,ER,48.0,71.4,80.2,67.6,58.0,65.0,77.7,15.7,8.14,23.8,23.2,43.0,45.1,AWARE2.0 CFs_nonagri,https://zenodo.org/records/16332127/files/AWARE20_Countries_and_Regions.xlsx?download=1
Spain,ES,35.5,8.01,8.67,9.04,16.2,32.3,51.3,66.0,69.1,62.2,53.7,32.1,15.9,AWARE2.0 CFs_nonagri,https://zenodo.org/records/16332127/files/AWARE20_Countries_and_Regions.xlsx?download=1
Ethiopia,ET,48.3,29.2,35.9,38.5,63.9,54.5,60.4,55.6,55.6,55.5,51.4,51.4,27.8,AWARE2.0 CFs_nonagri,https://zenodo.org/records/16332127/files/AWARE20_Countries_and_Regions.xlsx?download=1
Europe without Austria,EUROPE WITHOUT AUSTRIA,6.71,2.13,2.23,1.9,2.37,5.27,9.55,13.1,14.9,13.1,8.47,4.43,2.67,AWARE2.0 CFs_nonagri,https://zenodo.org/records/16332127/files/AWARE20_Countries_and_Regions.xlsx?download=1
Europe without NORDEL (NCPA),EUROPE WITHOUT NORDEL (NCPA),6.93,2.17,2.26,1.93,2.43,5.45,9.9,13.6,15.4,13.5,8.76,4.57,2.74,AWARE2.0 CFs_nonagri,https://zenodo.org/records/16332127/files/AWARE20_Countries_and_Regions.xlsx?download=1
Europe without Switzerland,EUROPE WITHOUT SWITZERLAND,6.69,2.14,2.24,1.91,2.37,5.25,9.52,13.0,14.9,13.1,8.45,4.43,2.67,AWARE2.0 CFs_nonagri,https://zenodo.org/records/16332127/files/AWARE20_Countries_and_Regions.xlsx?download=1
Europe without Switzerland and Austria,EUROPE WITHOUT SWITZERLAND AND AUSTRIA,6.76,2.14,2.25,1.92,2.38,5.31,9.63,13.2,15.0,13.2,8.52,4.46,2.69,AWARE2.0 CFs_nonagri,https://zenodo.org/records/16332127/files/AWARE20_Countries_and_Regions.xlsx?download=1
Europe without Switzerland and France,EUROPE WITHOUT SWITZERLAND AND FRANCE,6.84,2.28,2.37,2.01,2.49,5.6,9.89,13.2,14.8,13.0,8.57,4.72,2.85,AWARE2.0 CFs_nonagri,https://zenodo.org/records/16332127/files/AWARE20_Countries_and_Regions.xlsx?download=1
"Europe, without Russia and Türkiye","EUROPE, WITHOUT RUSSIA AND TÜRKIYE",7.31,1.63,1.66,1.6,2.46,6.0,11.3,15.2,17.0,14.7,9.22,4.35,2.27,AWARE2.0 CFs_nonagri,https://zenodo.org/records/16332127/files/AWARE20_Countries_and_Regions.xlsx?download=1
Finland,FI,2.16,1.77,2.06,1.46,0.974,1.33,1.69,2.31,3.51,5.03,2.48,1.79,1.52,AWARE2.0 CFs_nonagri,https://zenodo.org/records/16332127/files/AWARE20_Countries_and_Regions.xlsx?download=1
Fiji,FJ,1.03,0.243,0.253,0.243,0.28,0.428,0.731,1.44,1.55,2.23,2.24,2.15,0.587,AWARE2.0 CFs_nonagri,https://zenodo.org/records/16332127/files/AWARE20_Countries_and_Regions.xlsx?download=1
Falkland Islands,FK,2.92,2.9,4.2,4.82,4.63,3.22,2.61,2.18,2.07,1.79,2.05,2.22,2.4,AWARE2.0 CFs_nonagri,https://zenodo.org/records/16332127/files/AWARE20_Countries_and_Regions.xlsx?download=1
"Micronesia, Federated States of",FM,0.47,0.406,0.571,0.557,0.64,0.579,0.504,0.379,0.356,0.394,0.432,0.447,0.385,AWARE2.0 CFs_nonagri,https://zenodo.org/records/16332127/files/AWARE20_Countries_and_Regions.xlsx?download=1
Faroe Islands,FO,0.519,0.156,0.188,0.192,0.281,0.577,1.28,1.59,1.12,0.289,0.197,0.173,0.162,AWARE2.0 CFs_nonagri,https://zenodo.org/records/16332127/files/AWARE20_Countries_and_Regions.xlsx?download=1
France,FR,4.99,0.603,0.752,0.791,1.05,1.46,5.45,11.1,15.7,13.4,7.04,1.29,0.775,AWARE2.0 CFs_nonagri,https://zenodo.org/records/16332127/files/AWARE20_Countries_and_Regions.xlsx?download=1
Commonwealth of Independent States,FSU,19.4,16.3,11.5,6.19,5.15,17.5,26.8,29.7,33.0,29.5,21.3,18.2,17.4,AWARE2.0 CFs_nonagri,https://zenodo.org/records/16332127/files/AWARE20_Countries_and_Regions.xlsx?download=1
"France, including overseas territories","FRANCE, INCLUDING OVERSEAS TERRITORIES",5.0,0.616,0.779,0.843,1.09,1.47,5.48,11.1,15.7,13.4,7.04,1.31,0.783,AWARE2.0 CFs_nonagri,https://zenodo.org/records/16332127/files/AWARE20_Countries_and_Regions.xlsx?download=1
Gabon,GA,0.808,0.431,0.545,0.355,0.243,0.275,0.681,1.64,2.31,2.35,0.406,0.184,0.253,AWARE2.0 CFs_nonagri,https://zenodo.org/records/16332127/files/AWARE20_Countries_and_Regions.xlsx?download=1
United Kingdom,GB,2.29,0.643,0.767,0.822,1.07,1.32,1.91,3.02,4.6,6.73,4.4,1.33,0.803,AWARE2.0 CFs_nonagri,https://zenodo.org/records/16332127/files/AWARE20_Countries_and_Regions.xlsx?download=1
Grenada,GD,83.9,30.7,100.0,100.0,100.0,100.0,100.0,100.0,60.4,100.0,100.0,100.0,19.6,AWARE2.0 CFs_nonagri,https://zenodo.org/records/16332127/files/AWARE20_Countries_and_Regions.xlsx?download=1
Georgia,GE,18.7,2.85,2.75,1.84,2.65,26.4,56.3,56.7,57.2,6.56,3.26,3.07,2.99,AWARE2.0 CFs_nonagri,https://zenodo.org/records/16332127/files/AWARE20_Countries_and_Regions.xlsx?download=1
French Guiana,GF,0.948,0.366,0.231,0.215,0.184,0.124,0.151,0.259,0.589,1.89,2.75,3.15,1.45,AWARE2.0 CFs_nonagri,https://zenodo.org/records/16332127/files/AWARE20_Countries_and_Regions.xlsx?download=1
Guernsey,GG,3.8,0.339,0.434,0.613,0.906,2.58,6.11,8.04,11.8,12.4,1.44,0.426,0.325,AWARE2.0 CFs_nonagri,https://zenodo.org/records/16332127/files/AWARE20_Countries_and_Regions.xlsx?download=1
Ghana,GH,20.2,22.3,20.5,23.3,24.3,17.5,4.38,6.5,16.6,59.8,18.4,10.7,19.2,AWARE2.0 CFs_nonagri,https://zenodo.org/records/16332127/files/AWARE20_Countries_and_Regions.xlsx?download=1
Gibraltar,GI,36.0,0.455,0.522,0.521,1.82,13.4,100.0,100.0,100.0,100.0,12.6,0.992,0.36,AWARE2.0 CFs_nonagri,https://zenodo.org/records/16332127/files/AWARE20_Countries_and_Regions.xlsx?download=1
Gambia,GM,9.23,7.19,10.5,11.6,14.2,16.2,19.8,20.2,1.48,0.524,1.29,3.0,4.94,AWARE2.0 CFs_nonagri,https://zenodo.org/records/16332127/files/AWARE20_Countries_and_Regions.xlsx?download=1
Guinea,GN,17.1,13.9,17.3,18.2,19.7,21.2,19.4,20.9,19.6,15.6,13.1,13.7,13.2,AWARE2.0 CFs_nonagri,https://zenodo.org/records/16332127/files/AWARE20_Countries_and_Regions.xlsx?download=1
Guadeloupe,GP,25.4,12.1,26.5,44.9,30.6,16.3,41.8,57.7,51.8,5.85,4.81,4.39,6.89,AWARE2.0 CFs_nonagri,https://zenodo.org/records/16332127/files/AWARE20_Countries_and_Regions.xlsx?download=1
Equatorial Guinea,GQ,0.591,0.482,0.713,0.344,0.256,0.257,0.387,1.2,1.71,1.1,0.219,0.155,0.268,AWARE2.0 CFs_nonagri,https://zenodo.org/records/16332127/files/AWARE20_Countries_and_Regions.xlsx?download=1
Greece,GR,40.2,0.897,0.961,1.51,6.79,47.7,80.0,96.1,94.8,84.4,57.8,7.41,1.03,AWARE2.0 CFs_nonagri,https://zenodo.org/records/16332127/files/AWARE20_Countries_and_Regions.xlsx?download=1
South Georgia and South Sandwich Islands,GS,,,,,,,,,,,,,,AWARE2.0 CFs_nonagri,https://zenodo.org/records/16332127/files/AWARE20_Countries_and_Regions.xlsx?download=1
Guatemala,GT,1.55,1.84,2.83,3.79,4.86,1.83,0.408,0.39,0.441,0.327,0.253,0.518,1.17,AWARE2.0 CFs_nonagri,https://zenodo.org/records/16332127/files/AWARE20_Countries_and_Regions.xlsx?download=1
Guam,GU,2.77,2.1,4.36,5.19,6.06,7.78,3.85,1.06,0.394,0.367,0.407,0.666,1.15,AWARE2.0 CFs_nonagri,https://zenodo.org/records/16332127/files/AWARE20_Countries_and_Regions.xlsx?download=1
Guinea Bissau,GW,3.63,3.09,4.64,5.56,7.59,8.93,8.88,1.07,0.203,0.193,0.445,1.12,2.04,AWARE2.0 CFs_nonagri,https://zenodo.org/records/16332127/files/AWARE20_Countries_and_Regions.xlsx?download=1
Guyana,GY,0.774,1.01,1.13,1.04,1.07,0.484,0.271,0.277,0.322,0.64,0.957,1.13,0.99,AWARE2.0 CFs_nonagri,https://zenodo.org/records/16332127/files/AWARE20_Countries_and_Regions.xlsx?download=1
US Naval Base Guantanamo Bay,GUANTANAMO BAY,6.4,4.7,8.85,13.2,17.9,3.08,1.92,8.01,11.4,3.12,0.97,1.3,2.5,AWARE2.0 CFs_nonagri,https://zenodo.org/records/16332127/files/AWARE20_Countries_and_Regions.xlsx?download=1
Hong Kong S.A.R.,HK,10.8,39.1,39.4,38.9,1.22,0.418,0.244,0.267,0.298,0.432,0.934,3.05,7.14,AWARE2.0 CFs_nonagri,https://zenodo.org/records/16332127/files/AWARE20_Countries_and_Regions.xlsx?download=1
Heard Island and McDonald Islands,HM,,,,,,,,,,,,,,AWARE2.0 CFs_nonagri,https://zenodo.org/records/16332127/files/AWARE20_Countries_and_Regions.xlsx?download=1
Honduras,HN,2.18,1.97,2.98,3.78,5.42,4.01,1.35,1.64,1.33,1.01,0.498,0.679,1.51,AWARE2.0 CFs_nonagri,https://zenodo.org/records/16332127/files/AWARE20_Countries_and_Regions.xlsx?download=1
Croatia,HR,1.98,1.32,1.31,1.09,1.12,1.37,2.0,2.63,3.4,3.23,2.69,2.18,1.33,AWARE2.0 CFs_nonagri,https://zenodo.org/records/16332127/files/AWARE20_Countries_and_Regions.xlsx?download=1
Haiti,HT,3.45,4.54,4.87,5.95,3.49,1.74,2.07,5.5,4.89,1.51,0.863,0.86,5.1,AWARE2.0 CFs_nonagri,https://zenodo.org/records/16332127/files/AWARE20_Countries_and_Regions.xlsx?download=1
Hungary,HU,2.09,1.66,1.64,1.3,1.27,1.41,1.73,2.0,2.58,3.55,3.37,2.88,1.71,AWARE2.0 CFs_nonagri,https://zenodo.org/records/16332127/files/AWARE20_Countries_and_Regions.xlsx?download=1
"IAI Area, Africa","IAI AREA, AFRICA",60.5,16.9,17.3,28.0,79.5,79.9,79.8,80.0,77.5,79.2,81.4,81.3,24.1,AWARE2.0 CFs_nonagri,https://zenodo.org/records/16332127/files/AWARE20_Countries_and_Regions.xlsx?download=1
"IAI Area, Asia, without China and GCC","IAI AREA, ASIA, WITHOUT CHINA AND GCC",33.1,46.9,50.2,48.4,48.0,48.4,21.0,23.3,22.2,20.7,17.0,11.7,39.8,AWARE2.0 CFs_nonagri,https://zenodo.org/records/16332127/files/AWARE20_Countries_and_Regions.xlsx?download=1
"IAI Area, EU27 & EFTA","IAI AREA, EU27 & EFTA",8.79,1.44,1.58,1.66,2.98,8.34,14.5,18.6,20.4,17.5,10.9,4.86,2.23,AWARE2.0 CFs_nonagri,https://zenodo.org/records/16332127/files/AWARE20_Countries_and_Regions.xlsx?download=1
"IAI Area, Gulf Cooperation Council","IAI AREA, GULF COOPERATION COUNCIL",47.0,21.7,14.3,8.13,15.4,52.6,65.4,66.1,72.2,79.6,79.5,56.8,29.9,AWARE2.0 CFs_nonagri,https://zenodo.org/records/16332127/files/AWARE20_Countries_and_Regions.xlsx?download=1
"IAI Area, North America","IAI AREA, NORTH AMERICA",10.5,7.47,6.3,6.1,7.5,8.77,13.7,15.4,16.4,13.3,11.5,11.4,7.74,AWARE2.0 CFs_nonagri,https://zenodo.org/records/16332127/files/AWARE20_Countries_and_Regions.xlsx?download=1
"IAI Area, North America, without Quebec","IAI AREA, NORTH AMERICA, WITHOUT QUEBEC",10.7,7.6,6.4,6.2,7.64,8.94,13.9,15.7,16.7,13.6,11.7,11.6,7.88,AWARE2.0 CFs_nonagri,https://zenodo.org/records/16332127/files/AWARE20_Countries_and_Regions.xlsx?download=1
"IAI Area, Russia & Europe outside EU27 & EFTA","IAI AREA, RUSSIA & RER W/O EU27 & EFTA",4.46,4.74,5.53,4.17,2.69,2.32,2.94,4.63,6.04,6.38,5.19,4.6,4.4,AWARE2.0 CFs_nonagri,https://zenodo.org/records/16332127/files/AWARE20_Countries_and_Regions.xlsx?download=1
"IAI Area, South America","IAI AREA, SOUTH AMERICA",5.3,5.83,5.92,7.85,4.05,2.67,3.13,4.08,4.27,5.55,6.89,5.91,7.39,AWARE2.0 CFs_nonagri,https://zenodo.org/records/16332127/files/AWARE20_Countries_and_Regions.xlsx?download=1
Indonesia,ID,9.07,0.255,0.304,0.32,0.364,0.513,1.24,16.2,28.2,35.1,23.4,1.69,0.471,AWARE2.0 CFs_nonagri,https://zenodo.org/records/16332127/files/AWARE20_Countries_and_Regions.xlsx?download=1
Ireland,IE,1.17,0.377,0.442,0.478,0.628,0.822,1.31,2.12,2.67,3.19,1.08,0.493,0.408,AWARE2.0 CFs_nonagri,https://zenodo.org/records/16332127/files/AWARE20_Countries_and_Regions.xlsx?download=1
Israel,IL,65.8,0.985,1.18,3.86,92.7,100.0,100.0,100.0,100.0,100.0,100.0,86.5,2.12,AWARE2.0 CFs_nonagri,https://zenodo.org/records/16332127/files/AWARE20_Countries_and_Regions.xlsx?download=1
Isle of Man,IM,1.06,0.265,0.333,0.361,0.52,0.818,1.61,2.45,2.97,2.29,0.502,0.298,0.256,AWARE2.0 CFs_nonagri,https://zenodo.org/records/16332127/files/AWARE20_Countries_and_Regions.xlsx?download=1
India,IN,37.9,62.1,67.4,66.1,64.9,59.5,17.2,17.4,14.9,14.0,11.9,9.84,51.5,AWARE2.0 CFs_nonagri,https://zenodo.org/records/16332127/files/AWARE20_Countries_and_Regions.xlsx?download=1
"India, Andaman and Nicobar",IN-AN,1.02,0.852,1.54,2.14,2.93,2.34,0.498,0.379,0.29,0.228,0.291,0.369,0.465,AWARE2.0 CFs_nonagri,https://zenodo.org/records/16332127/files/AWARE20_Countries_and_Regions.xlsx?download=1
"India, Andhra Pradesh",IN-AP,33.5,49.0,47.8,47.6,48.0,11.7,11.6,48.8,44.9,42.7,24.1,5.58,20.9,AWARE2.0 CFs_nonagri,https://zenodo.org/records/16332127/files/AWARE20_Countries_and_Regions.xlsx?download=1
"India, Arunachal Pradesh",IN-AR,4.55,10.2,19.3,16.5,2.48,0.63,0.203,0.133,0.165,0.181,0.284,1.36,4.16,AWARE2.0 CFs_nonagri,https://zenodo.org/records/16332127/files/AWARE20_Countries_and_Regions.xlsx?download=1
"India, Assam",IN-AS,4.09,9.19,17.4,14.8,2.2,0.542,0.185,0.127,0.155,0.169,0.257,1.19,3.74,AWARE2.0 CFs_nonagri,https://zenodo.org/records/16332127/files/AWARE20_Countries_and_Regions.xlsx?download=1
"India, Bihar",IN-BR,51.1,99.9,99.9,99.9,99.9,99.9,8.38,0.674,0.36,0.363,0.711,4.93,99.9,AWARE2.0 CFs_nonagri,https://zenodo.org/records/16332127/files/AWARE20_Countries_and_Regions.xlsx?download=1
"India, Chandigarh",IN-CH,42.6,20.9,26.6,31.8,52.6,92.0,100.0,100.0,24.3,3.88,18.9,20.1,19.3,AWARE2.0 CFs_nonagri,https://zenodo.org/records/16332127/files/AWARE20_Countries_and_Regions.xlsx?download=1
"India, Chhattisgarh",IN-CT,9.95,16.5,25.2,24.0,16.5,14.4,4.53,0.522,0.32,0.382,0.858,2.53,14.5,AWARE2.0 CFs_nonagri,https://zenodo.org/records/16332127/files/AWARE20_Countries_and_Regions.xlsx?download=1
"India, Dadra and Nagar Haveli and Daman and Diu",IN-DH,39.0,100.0,100.0,100.0,100.0,62.8,0.491,0.101,0.101,0.102,1.33,2.67,4.93,AWARE2.0 CFs_nonagri,https://zenodo.org/records/16332127/files/AWARE20_Countries_and_Regions.xlsx?download=1
"India, Delhi",IN-DL,51.0,98.7,98.8,98.9,99.2,99.9,9.92,2.34,0.762,0.422,1.02,5.19,98.6,AWARE2.0 CFs_nonagri,https://zenodo.org/records/16332127/files/AWARE20_Countries_and_Regions.xlsx?download=1
"India, Eastern grid",IN-EASTERN GRID,28.2,54.6,60.0,59.5,55.0,48.1,4.46,0.502,0.34,0.352,0.57,2.83,53.1,AWARE2.0 CFs_nonagri,https://zenodo.org/records/16332127/files/AWARE20_Countries_and_Regions.xlsx?download=1
"India, Goa",IN-GA,9.14,6.25,54.5,18.5,5.99,8.11,0.538,3.51,3.51,3.55,3.74,1.9,3.08,AWARE2.0 CFs_nonagri,https://zenodo.org/records/16332127/files/AWARE20_Countries_and_Regions.xlsx?download=1
"India, Gujarat",IN-GJ,38.1,52.2,54.1,54.6,52.4,51.7,53.3,3.46,1.69,1.85,33.0,52.4,48.7,AWARE2.0 CFs_nonagri,https://zenodo.org/records/16332127/files/AWARE20_Countries_and_Regions.xlsx?download=1
"India, Himachal Pradesh",IN-HP,56.3,90.3,91.0,28.5,94.0,98.8,16.5,14.0,4.05,2.15,73.5,74.5,90.1,AWARE2.0 CFs_nonagri,https://zenodo.org/records/16332127/files/AWARE20_Countries_and_Regions.xlsx?download=1
"India, Haryana",IN-HR,47.5,66.1,68.6,70.8,79.7,96.6,47.6,43.2,10.6,1.87,8.5,11.4,65.5,AWARE2.0 CFs_nonagri,https://zenodo.org/records/16332127/files/AWARE20_Countries_and_Regions.xlsx?download=1
"India, Islands",IN-ISLANDS,1.02,0.852,1.54,2.14,2.93,2.34,0.498,0.379,0.29,0.228,0.291,0.369,0.465,AWARE2.0 CFs_nonagri,https://zenodo.org/records/16332127/files/AWARE20_Countries_and_Regions.xlsx?download=1
"India, Jharkhand",IN-JH,21.9,40.6,53.2,52.8,46.3,26.6,2.41,0.28,0.194,0.212,0.368,1.87,39.3,AWARE2.0 CFs_nonagri,https://zenodo.org/records/16332127/files/AWARE20_Countries_and_Regions.xlsx?download=1
"India, Jammu and Kashmir",IN-JK,59.9,100.0,100.0,11.3,99.8,99.8,4.14,2.49,1.46,2.27,99.9,100.0,100.0,AWARE2.0 CFs_nonagri,https://zenodo.org/records/16332127/files/AWARE20_Countries_and_Regions.xlsx?download=1
"India, Karnataka",IN-KA,54.1,56.6,58.0,58.3,55.6,47.0,48.9,88.0,87.3,86.7,45.5,7.37,10.2,AWARE2.0 CFs_nonagri,https://zenodo.org/records/16332127/files/AWARE20_Countries_and_Regions.xlsx?download=1
"India, Kerala",IN-KL,27.7,73.8,87.5,87.1,40.5,8.77,2.39,3.35,3.4,3.47,1.17,1.21,23.4,AWARE2.0 CFs_nonagri,https://zenodo.org/records/16332127/files/AWARE20_Countries_and_Regions.xlsx?download=1
"India, Ladakh",IN-LA,35.8,93.0,93.5,3.98,6.86,6.98,4.29,3.34,2.22,3.79,30.8,92.6,92.7,AWARE2.0 CFs_nonagri,https://zenodo.org/records/16332127/files/AWARE20_Countries_and_Regions.xlsx?download=1
"India, Maharashtra",IN-MH,22.3,8.54,41.4,40.7,40.4,40.6,5.05,19.7,19.6,19.7,20.9,5.58,6.88,AWARE2.0 CFs_nonagri,https://zenodo.org/records/16332127/files/AWARE20_Countries_and_Regions.xlsx?download=1
"India, Meghalaya",IN-ML,3.05,6.86,13.0,11.1,1.64,0.405,0.152,0.117,0.134,0.143,0.197,0.82,2.79,AWARE2.0 CFs_nonagri,https://zenodo.org/records/16332127/files/AWARE20_Countries_and_Regions.xlsx?download=1
"India, Manipur",IN-MN,1.82,3.01,5.11,5.09,3.67,2.14,0.429,0.157,0.129,0.152,0.2,0.414,1.54,AWARE2.0 CFs_nonagri,https://zenodo.org/records/16332127/files/AWARE20_Countries_and_Regions.xlsx?download=1
"India, Madhya Pradesh",IN-MP,36.7,69.5,70.0,70.2,70.4,70.4,10.0,0.773,0.446,0.492,3.55,6.95,69.5,AWARE2.0 CFs_nonagri,https://zenodo.org/records/16332127/files/AWARE20_Countries_and_Regions.xlsx?download=1
"India, Mizoram",IN-MZ,1.15,2.5,4.45,3.78,0.95,0.213,0.102,0.1,0.104,0.109,0.131,0.355,1.21,AWARE2.0 CFs_nonagri,https://zenodo.org/records/16332127/files/AWARE20_Countries_and_Regions.xlsx?download=1
"India, Nagaland",IN-NL,4.32,9.61,18.2,15.5,2.52,0.715,0.215,0.134,0.161,0.178,0.275,1.28,3.94,AWARE2.0 CFs_nonagri,https://zenodo.org/records/16332127/files/AWARE20_Countries_and_Regions.xlsx?download=1
"India, North-eastern grid",IN-NORTH-EASTERN GRID,3.5,7.8,14.8,12.6,2.01,0.553,0.181,0.124,0.144,0.156,0.227,0.986,3.2,AWARE2.0 CFs_nonagri,https://zenodo.org/records/16332127/files/AWARE20_Countries_and_Regions.xlsx?download=1
"India, Northern grid",IN-NORTHERN GRID,50.7,90.9,91.5,86.2,94.2,98.5,18.8,11.6,3.03,1.11,10.1,13.9,90.7,AWARE2.0 CFs_nonagri,https://zenodo.org/records/16332127/files/AWARE20_Countries_and_Regions.xlsx?download=1
"India, Odisha",IN-OR,17.6,29.2,56.2,55.4,35.9,4.31,3.59,1.14,1.03,1.09,1.44,2.66,22.6,AWARE2.0 CFs_nonagri,https://zenodo.org/records/16332127/files/AWARE20_Countries_and_Regions.xlsx?download=1
"India, Punjab",IN-PB,50.3,55.9,59.1,22.7,73.6,95.6,57.6,56.8,14.2,3.17,54.8,55.5,55.0,AWARE2.0 CFs_nonagri,https://zenodo.org/records/16332127/files/AWARE20_Countries_and_Regions.xlsx?download=1
"India, Puducherry",IN-PY,67.7,95.2,95.3,95.3,87.7,87.0,86.9,86.6,86.6,86.6,3.95,0.955,3.04,AWARE2.0 CFs_nonagri,https://zenodo.org/records/16332127/files/AWARE20_Countries_and_Regions.xlsx?download=1
"India, Rajasthan",IN-RJ,48.0,66.2,68.3,69.1,77.8,92.4,48.3,37.1,9.15,3.79,17.8,21.2,65.9,AWARE2.0 CFs_nonagri,https://zenodo.org/records/16332127/files/AWARE20_Countries_and_Regions.xlsx?download=1
"India, Sikkim",IN-SK,4.74,10.6,19.8,16.9,2.81,0.959,0.229,0.134,0.166,0.182,0.286,1.38,4.53,AWARE2.0 CFs_nonagri,https://zenodo.org/records/16332127/files/AWARE20_Countries_and_Regions.xlsx?download=1
"India, Southern grid",IN-SOUTHERN GRID,46.9,64.5,65.8,68.8,59.7,35.5,35.8,60.3,61.3,60.0,26.9,8.91,15.9,AWARE2.0 CFs_nonagri,https://zenodo.org/records/16332127/files/AWARE20_Countries_and_Regions.xlsx?download=1
"India, Telangana",IN-TG,28.6,8.85,8.92,8.03,8.14,6.92,11.0,66.2,66.1,66.1,66.4,11.5,12.6,AWARE2.0 CFs_nonagri,https://zenodo.org/records/16332127/files/AWARE20_Countries_and_Regions.xlsx?download=1
"India, Tamil Nadu",IN-TN,67.5,89.2,83.6,93.2,97.6,66.9,69.5,84.7,90.1,87.1,20.9,15.6,13.1,AWARE2.0 CFs_nonagri,https://zenodo.org/records/16332127/files/AWARE20_Countries_and_Regions.xlsx?download=1
"India, Tripura",IN-TR,1.37,3.07,5.81,4.95,0.736,0.182,0.1,0.1,0.1,0.1,0.1,0.217,1.25,AWARE2.0 CFs_nonagri,https://zenodo.org/records/16332127/files/AWARE20_Countries_and_Regions.xlsx?download=1
"India, Uttar Pradesh",IN-UP,51.1,100.0,100.0,100.0,100.0,100.0,8.38,0.674,0.36,0.363,0.712,4.93,100.0,AWARE2.0 CFs_nonagri,https://zenodo.org/records/16332127/files/AWARE20_Countries_and_Regions.xlsx?download=1
"India, Uttarakhand",IN-UT,51.2,100.0,100.0,99.6,100.0,100.0,8.36,0.683,0.365,0.373,1.21,5.41,100.0,AWARE2.0 CFs_nonagri,https://zenodo.org/records/16332127/files/AWARE20_Countries_and_Regions.xlsx?download=1
"India, West Bengal",IN-WB,9.3,19.2,21.8,21.0,17.0,13.0,1.17,0.179,0.14,0.143,0.202,0.946,17.5,AWARE2.0 CFs_nonagri,https://zenodo.org/records/16332127/files/AWARE20_Countries_and_Regions.xlsx?download=1
"India, Western grid",IN-WESTERN GRID,27.6,32.1,48.9,48.3,46.9,46.6,16.6,10.0,9.54,9.62,17.7,15.8,30.2,AWARE2.0 CFs_nonagri,https://zenodo.org/records/16332127/files/AWARE20_Countries_and_Regions.xlsx?download=1
British Indian Ocean Territory,IO,,,,,,,,,,,,,,AWARE2.0 CFs_nonagri,https://zenodo.org/records/16332127/files/AWARE20_Countries_and_Regions.xlsx?download=1
Iraq,IQ,40.1,3.86,5.77,12.1,32.1,96.2,99.5,95.9,48.6,38.0,34.9,6.27,4.92,AWARE2.0 CFs_nonagri,https://zenodo.org/records/16332127/files/AWARE20_Countries_and_Regions.xlsx?download=1
Iran,IR,44.5,14.6,9.99,4.48,9.79,53.3,74.1,86.3,78.6,74.2,68.7,36.6,21.0,AWARE2.0 CFs_nonagri,https://zenodo.org/records/16332127/files/AWARE20_Countries_and_Regions.xlsx?download=1
Iceland,IS,0.663,0.357,0.38,0.365,0.445,0.483,0.853,1.35,1.63,0.74,0.493,0.443,0.379,AWARE2.0 CFs_nonagri,https://zenodo.org/records/16332127/files/AWARE20_Countries_and_Regions.xlsx?download=1
Italy,IT,19.0,0.901,1.05,1.63,4.92,22.6,41.0,48.8,50.1,35.0,13.4,6.06,1.17,AWARE2.0 CFs_nonagri,https://zenodo.org/records/16332127/files/AWARE20_Countries_and_Regions.xlsx?download=1
Jersey,JE,2.77,0.38,0.492,0.66,0.942,2.36,7.91,8.06,6.1,4.16,1.21,0.481,0.367,AWARE2.0 CFs_nonagri,https://zenodo.org/records/16332127/files/AWARE20_Countries_and_Regions.xlsx?download=1
Jamaica,JM,6.92,12.7,15.2,18.0,17.6,0.727,1.2,2.81,1.59,0.833,0.411,0.773,11.8,AWARE2.0 CFs_nonagri,https://zenodo.org/records/16332127/files/AWARE20_Countries_and_Regions.xlsx?download=1
Jordan,JO,59.8,5.98,7.86,8.84,46.5,98.9,99.2,99.9,100.0,100.0,99.5,35.4,12.1,AWARE2.0 CFs_nonagri,https://zenodo.org/records/16332127/files/AWARE20_Countries_and_Regions.xlsx?download=1
Japan,JP,0.637,0.837,0.815,0.504,0.501,0.573,0.756,0.486,1.09,0.492,0.369,0.59,0.636,AWARE2.0 CFs_nonagri,https://zenodo.org/records/16332127/files/AWARE20_Countries_and_Regions.xlsx?download=1
Kenya,KE,26.4,9.23,15.8,21.6,29.0,26.3,30.6,34.2,38.5,43.0,31.3,26.7,10.5,AWARE2.0 CFs_nonagri,https://zenodo.org/records/16332127/files/AWARE20_Countries_and_Regions.xlsx?download=1
Kyrgyzstan,KG,65.2,63.1,29.9,13.5,14.0,66.3,69.0,78.5,99.9,99.9,99.0,76.0,69.7,AWARE2.0 CFs_nonagri,https://zenodo.org/records/16332127/files/AWARE20_Countries_and_Regions.xlsx?download=1
Cambodia,KH,4.72,2.12,4.78,16.8,23.6,5.3,1.36,0.51,0.297,0.266,0.303,0.565,0.948,AWARE2.0 CFs_nonagri,https://zenodo.org/records/16332127/files/AWARE20_Countries_and_Regions.xlsx?download=1
Kiribati,KI,2.26,0.693,0.761,0.649,0.728,0.961,1.66,3.26,3.39,3.69,4.38,5.53,1.35,AWARE2.0 CFs_nonagri,https://zenodo.org/records/16332127/files/AWARE20_Countries_and_Regions.xlsx?download=1
Comoros,KM,10.7,0.591,0.628,0.725,1.26,2.69,8.26,19.8,19.9,31.5,26.8,13.2,1.91,AWARE2.0 CFs_nonagri,https://zenodo.org/records/16332127/files/AWARE20_Countries_and_Regions.xlsx?download=1
Saint Kitts and Nevis,KN,70.8,75.3,100.0,100.0,100.0,100.0,100.0,100.0,100.0,28.4,7.26,5.71,34.3,AWARE2.0 CFs_nonagri,https://zenodo.org/records/16332127/files/AWARE20_Countries_and_Regions.xlsx?download=1
North Korea,KP,3.25,4.73,4.79,2.18,2.77,3.44,11.7,0.591,0.499,0.799,2.47,2.18,3.17,AWARE2.0 CFs_nonagri,https://zenodo.org/records/16332127/files/AWARE20_Countries_and_Regions.xlsx?download=1
South Korea,KR,1.65,2.71,2.29,1.6,2.05,2.4,2.09,0.243,0.27,0.402,1.2,2.32,2.25,AWARE2.0 CFs_nonagri,https://zenodo.org/records/16332127/files/AWARE20_Countries_and_Regions.xlsx?download=1
Kuwait,KW,53.9,4.56,15.4,7.25,20.6,89.4,100.0,99.9,99.9,99.9,99.5,2.57,4.0,AWARE2.0 CFs_nonagri,https://zenodo.org/records/16332127/files/AWARE20_Countries_and_Regions.xlsx?download=1
Cayman Islands,KY,33.9,14.3,27.7,35.6,54.2,8.81,6.69,100.0,100.0,47.2,1.32,1.26,8.13,AWARE2.0 CFs_nonagri,https://zenodo.org/records/16332127/files/AWARE20_Countries_and_Regions.xlsx?download=1
Kazakhstan,KZ,34.7,36.1,30.0,12.3,6.95,23.0,29.9,41.2,55.9,53.3,47.7,41.5,38.2,AWARE2.0 CFs_nonagri,https://zenodo.org/records/16332127/files/AWARE20_Countries_and_Regions.xlsx?download=1
Laos,LA,3.59,2.24,4.53,9.36,17.5,4.87,1.52,0.61,0.374,0.293,0.331,0.629,1.09,AWARE2.0 CFs_nonagri,https://zenodo.org/records/16332127/files/AWARE20_Countries_and_Regions.xlsx?download=1
Lebanon,LB,61.7,0.663,0.67,1.42,37.1,100.0,100.0,100.0,100.0,100.0,100.0,95.8,1.81,AWARE2.0 CFs_nonagri,https://zenodo.org/records/16332127/files/AWARE20_Countries_and_Regions.xlsx?download=1
Saint Lucia,LC,64.6,63.9,41.8,45.7,66.3,59.2,60.0,100.0,92.5,89.7,98.8,14.9,39.4,AWARE2.0 CFs_nonagri,https://zenodo.org/records/16332127/files/AWARE20_Countries_and_Regions.xlsx?download=1
Liechtenstein,LI,1.4,0.614,0.72,0.679,0.886,0.968,1.05,1.38,2.26,3.1,2.83,1.36,0.95,AWARE2.0 CFs_nonagri,https://zenodo.org/records/16332127/files/AWARE20_Countries_and_Regions.xlsx?download=1
Sri Lanka,LK,11.6,0.825,1.66,3.58,3.25,5.57,21.8,32.7,33.7,22.4,11.5,0.407,0.39,AWARE2.0 CFs_nonagri,https://zenodo.org/records/16332127/files/AWARE20_Countries_and_Regions.xlsx?download=1
Liberia,LR,2.34,1.82,2.95,3.43,4.81,11.4,1.18,0.381,0.276,0.189,0.23,0.416,0.931,AWARE2.0 CFs_nonagri,https://zenodo.org/records/16332127/files/AWARE20_Countries_and_Regions.xlsx?download=1
Lesotho,LS,92.3,92.5,85.5,92.6,92.6,93.0,93.0,93.2,93.1,93.5,92.8,92.7,92.6,AWARE2.0 CFs_nonagri,https://zenodo.org/records/16332127/files/AWARE20_Countries_and_Regions.xlsx?download=1
Lithuania,LT,2.27,1.26,1.07,0.956,1.14,1.45,1.97,2.51,3.54,4.88,4.15,2.41,1.81,AWARE2.0 CFs_nonagri,https://zenodo.org/records/16332127/files/AWARE20_Countries_and_Regions.xlsx?download=1
Luxembourg,LU,1.4,0.614,0.72,0.679,0.886,0.968,1.05,1.38,2.26,3.1,2.83,1.36,0.95,AWARE2.0 CFs_nonagri,https://zenodo.org/records/16332127/files/AWARE20_Countries_and_Regions.xlsx?download=1
Latvia,LV,1.9,1.31,1.29,1.01,0.955,1.19,1.7,2.19,2.93,3.75,2.9,1.92,1.63,AWARE2.0 CFs_nonagri,https://zenodo.org/records/16332127/files/AWARE20_Countries_and_Regions.xlsx?download=1
Libya,LY,39.4,15.7,17.1,19.2,33.9,46.7,65.2,64.3,60.9,56.2,39.7,30.9,21.3,AWARE2.0 CFs_nonagri,https://zenodo.org/records/16332127/files/AWARE20_Countries_and_Regions.xlsx?download=1
Morocco,MA,57.3,24.8,30.0,29.1,45.8,73.5,83.1,81.5,81.0,78.6,72.9,54.5,31.1,AWARE2.0 CFs_nonagri,https://zenodo.org/records/16332127/files/AWARE20_Countries_and_Regions.xlsx?download=1
Monaco,MC,2.84,0.417,0.712,0.682,0.812,1.18,4.63,7.91,10.8,5.32,0.806,0.264,0.343,AWARE2.0 CFs_nonagri,https://zenodo.org/records/16332127/files/AWARE20_Countries_and_Regions.xlsx?download=1
Moldova,MD,3.09,2.64,2.31,2.07,2.39,2.79,3.16,3.3,3.55,4.17,4.05,3.75,2.89,AWARE2.0 CFs_nonagri,https://zenodo.org/records/16332127/files/AWARE20_Countries_and_Regions.xlsx?download=1
Montenegro,ME,1.35,0.916,0.927,0.751,0.775,0.976,1.45,1.82,2.18,2.29,1.82,1.43,0.895,AWARE2.0 CFs_nonagri,https://zenodo.org/records/16332127/files/AWARE20_Countries_and_Regions.xlsx?download=1
Madagascar,MG,5.54,0.323,0.308,0.508,1.3,2.03,3.41,5.43,9.52,13.7,12.1,14.4,3.31,AWARE2.0 CFs_nonagri,https://zenodo.org/records/16332127/files/AWARE20_Countries_and_Regions.xlsx?download=1
North Macedonia,MK,31.3,1.11,1.06,0.915,1.23,3.48,89.6,90.3,90.3,89.6,4.37,1.75,0.996,AWARE2.0 CFs_nonagri,https://zenodo.org/records/16332127/files/AWARE20_Countries_and_Regions.xlsx?download=1
Mali,ML,27.6,29.1,34.0,34.6,35.6,31.9,34.2,27.2,19.8,19.2,17.6,22.1,26.6,AWARE2.0 CFs_nonagri,https://zenodo.org/records/16332127/files/AWARE20_Countries_and_Regions.xlsx?download=1
Myanmar,MM,2.25,3.83,6.6,6.07,4.68,2.33,0.483,0.199,0.177,0.204,0.264,0.563,1.88,AWARE2.0 CFs_nonagri,https://zenodo.org/records/16332127/files/AWARE20_Countries_and_Regions.xlsx?download=1
Mongolia,MN,35.6,47.7,49.0,35.9,35.1,33.6,28.6,19.9,18.4,28.3,39.7,45.0,47.2,AWARE2.0 CFs_nonagri,https://zenodo.org/records/16332127/files/AWARE20_Countries_and_Regions.xlsx?download=1
Macao S.A.R.,MO,1.02,1.88,2.08,1.59,0.867,0.496,0.301,0.297,0.371,0.564,0.798,1.27,1.75,AWARE2.0 CFs_nonagri,https://zenodo.org/records/16332127/files/AWARE20_Countries_and_Regions.xlsx?download=1
Northern Mariana Islands,MP,,,,,,,,,,,,,,AWARE2.0 CFs_nonagri,https://zenodo.org/records/16332127/files/AWARE20_Countries_and_Regions.xlsx?download=1
Martinique,MQ,5.43,3.4,3.94,15.9,16.4,3.6,3.15,4.84,3.71,3.62,3.75,0.839,1.96,AWARE2.0 CFs_nonagri,https://zenodo.org/records/16332127/files/AWARE20_Countries_and_Regions.xlsx?download=1
Mauritania,MR,56.1,50.2,58.9,66.2,76.7,80.8,85.4,73.8,45.8,31.6,26.3,34.0,44.4,AWARE2.0 CFs_nonagri,https://zenodo.org/records/16332127/files/AWARE20_Countries_and_Regions.xlsx?download=1
Midwest Reliability Organization,MRO,6.76,8.32,5.01,3.51,4.1,4.36,5.7,6.49,9.64,9.94,9.04,8.91,6.01,AWARE2.0 CFs_nonagri,https://zenodo.org/records/16332127/files/AWARE20_Countries_and_Regions.xlsx?download=1
Montserrat,MS,49.7,21.9,63.6,97.9,98.0,22.2,100.0,100.0,76.0,4.58,3.4,3.61,7.19,AWARE2.0 CFs_nonagri,https://zenodo.org/records/16332127/files/AWARE20_Countries_and_Regions.xlsx?download=1
Malta,MT,4.95,0.945,1.38,3.01,9.21,7.29,7.74,6.94,7.08,6.88,6.14,1.67,1.02,AWARE2.0 CFs_nonagri,https://zenodo.org/records/16332127/files/AWARE20_Countries_and_Regions.xlsx?download=1
Mauritius,MU,29.3,2.18,3.53,4.57,97.4,97.4,97.4,11.0,8.61,8.23,7.84,7.66,6.22,AWARE2.0 CFs_nonagri,https://zenodo.org/records/16332127/files/AWARE20_Countries_and_Regions.xlsx?download=1
Malawi,MW,6.31,2.26,2.67,3.35,5.15,6.02,6.34,7.03,8.13,9.54,10.5,9.82,4.73,AWARE2.0 CFs_nonagri,https://zenodo.org/records/16332127/files/AWARE20_Countries_and_Regions.xlsx?download=1
Mexico,MX,20.3,18.7,21.5,23.0,27.1,26.7,22.0,15.7,16.8,13.3,16.2,21.3,21.1,AWARE2.0 CFs_nonagri,https://zenodo.org/records/16332127/files/AWARE20_Countries_and_Regions.xlsx?download=1
Malaysia,MY,0.57,0.34,0.586,0.583,0.596,0.54,0.689,0.81,0.788,0.734,0.549,0.352,0.277,AWARE2.0 CFs_nonagri,https://zenodo.org/records/16332127/files/AWARE20_Countries_and_Regions.xlsx?download=1
Mozambique,MZ,7.39,2.56,1.79,1.87,3.63,4.92,6.26,7.13,9.54,12.5,15.6,16.2,6.31,AWARE2.0 CFs_nonagri,https://zenodo.org/records/16332127/files/AWARE20_Countries_and_Regions.xlsx?download=1
Namibia,NA,48.9,40.2,27.4,31.9,32.2,41.8,48.4,50.5,54.0,58.5,62.7,68.0,69.0,AWARE2.0 CFs_nonagri,https://zenodo.org/records/16332127/files/AWARE20_Countries_and_Regions.xlsx?download=1
North American Free Trade Agreement,NAFTA,12.4,9.65,9.25,9.38,11.3,12.2,15.2,15.4,16.4,13.3,12.4,13.3,10.3,AWARE2.0 CFs_nonagri,https://zenodo.org/records/16332127/files/AWARE20_Countries_and_Regions.xlsx?download=1
New Caledonia,NC,4.26,2.15,1.18,0.713,0.908,1.16,1.36,1.38,2.48,5.19,14.0,8.35,11.9,AWARE2.0 CFs_nonagri,https://zenodo.org/records/16332127/files/AWARE20_Countries_and_Regions.xlsx?download=1
Niger,NE,24.0,24.1,32.9,35.6,41.4,41.4,40.9,23.6,4.94,4.15,7.68,13.6,18.6,AWARE2.0 CFs_nonagri,https://zenodo.org/records/16332127/files/AWARE20_Countries_and_Regions.xlsx?download=1
Norfolk Island,NF,,,,,,,,,,,,,,AWARE2.0 CFs_nonagri,https://zenodo.org/records/16332127/files/AWARE20_Countries_and_Regions.xlsx?download=1
Nigeria,NG,12.6,12.7,17.9,19.9,24.1,23.0,21.2,10.2,2.01,1.54,3.2,6.42,9.43,AWARE2.0 CFs_nonagri,https://zenodo.org/records/16332127/files/AWARE20_Countries_and_Regions.xlsx?download=1
Nicaragua,NI,1.64,1.59,2.79,3.62,5.3,2.42,0.574,0.592,0.721,0.443,0.269,0.447,1.06,AWARE2.0 CFs_nonagri,https://zenodo.org/records/16332127/files/AWARE20_Countries_and_Regions.xlsx?download=1
Netherlands,NL,1.86,0.624,0.723,0.704,0.94,1.08,1.27,1.96,3.6,4.74,4.37,1.32,0.897,AWARE2.0 CFs_nonagri,https://zenodo.org/records/16332127/files/AWARE20_Countries_and_Regions.xlsx?download=1
Norway,NO,0.744,0.711,0.954,0.726,0.467,0.54,0.734,1.01,1.16,0.901,0.638,0.538,0.552,AWARE2.0 CFs_nonagri,https://zenodo.org/records/16332127/files/AWARE20_Countries_and_Regions.xlsx?download=1
Nordic Countries Power Association,NORDEL,1.78,1.38,1.59,1.23,1.02,1.21,1.52,2.03,2.86,3.46,2.17,1.53,1.31,AWARE2.0 CFs_nonagri,https://zenodo.org/records/16332127/files/AWARE20_Countries_and_Regions.xlsx?download=1
Nepal,NP,51.0,99.8,99.8,99.8,99.8,99.8,8.36,0.673,0.359,0.363,0.711,4.93,99.8,AWARE2.0 CFs_nonagri,https://zenodo.org/records/16332127/files/AWARE20_Countries_and_Regions.xlsx?download=1
Northeast Power Coordinating Council,NPCC,0.989,0.901,0.988,0.763,0.603,0.619,0.834,0.993,1.25,1.47,1.34,1.16,0.952,AWARE2.0 CFs_nonagri,https://zenodo.org/records/16332127/files/AWARE20_Countries_and_Regions.xlsx?download=1
Niue,NU,2.33,0.962,0.874,1.33,1.28,0.995,1.62,2.01,3.1,3.86,4.45,3.44,3.94,AWARE2.0 CFs_nonagri,https://zenodo.org/records/16332127/files/AWARE20_Countries_and_Regions.xlsx?download=1
New Zealand,NZ,1.6,2.8,5.11,4.22,1.84,0.887,0.637,0.487,0.458,0.551,0.544,0.74,1.14,AWARE2.0 CFs_nonagri,https://zenodo.org/records/16332127/files/AWARE20_Countries_and_Regions.xlsx?download=1
North America without Quebec,NORTH AMERICA WITHOUT QUEBEC,10.7,7.6,6.4,6.2,7.64,8.94,13.9,15.7,16.7,13.6,11.7,11.6,7.88,AWARE2.0 CFs_nonagri,https://zenodo.org/records/16332127/files/AWARE20_Countries_and_Regions.xlsx?download=1
Northern Cyprus,NORTHERN CYPRUS,63.4,1.26,1.56,4.67,54.3,100.0,100.0,100.0,100.0,100.0,100.0,93.7,2.07,AWARE2.0 CFs_nonagri,https://zenodo.org/records/16332127/files/AWARE20_Countries_and_Regions.xlsx?download=1
Oman,OM,41.6,40.0,29.1,13.8,12.1,53.8,29.1,30.8,60.6,87.1,63.0,35.2,43.5,AWARE2.0 CFs_nonagri,https://zenodo.org/records/16332127/files/AWARE20_Countries_and_Regions.xlsx?download=1
Panama,PA,0.928,1.04,2.18,2.58,2.68,0.766,0.382,0.333,0.319,0.284,0.222,0.173,0.303,AWARE2.0 CFs_nonagri,https://zenodo.org/records/16332127/files/AWARE20_Countries_and_Regions.xlsx?download=1
Peru,PE,24.4,12.2,10.3,8.89,42.2,65.0,50.2,27.3,17.0,15.2,14.9,14.5,14.1,AWARE2.0 CFs_nonagri,https://zenodo.org/records/16332127/files/AWARE20_Countries_and_Regions.xlsx?download=1
French Polynesia,PF,7.07,1.02,1.21,1.28,1.68,1.98,2.78,7.0,11.9,17.6,21.0,4.63,12.0,AWARE2.0 CFs_nonagri,https://zenodo.org/records/16332127/files/AWARE20_Countries_and_Regions.xlsx?download=1
Papua New Guinea,PG,0.394,0.344,0.34,0.263,0.341,0.278,0.349,0.412,0.501,0.472,0.462,0.52,0.448,AWARE2.0 CFs_nonagri,https://zenodo.org/records/16332127/files/AWARE20_Countries_and_Regions.xlsx?download=1
Philippines,PH,6.39,1.61,8.55,38.1,14.6,9.85,0.879,0.486,0.513,0.498,0.447,0.495,0.645,AWARE2.0 CFs_nonagri,https://zenodo.org/records/16332127/files/AWARE20_Countries_and_Regions.xlsx?download=1
Pakistan,PK,46.2,88.4,88.6,9.22,48.9,54.1,13.7,11.8,5.65,4.84,55.8,89.2,88.0,AWARE2.0 CFs_nonagri,https://zenodo.org/records/16332127/files/AWARE20_Countries_and_Regions.xlsx?download=1
Poland,PL,3.16,2.42,1.97,1.51,1.51,1.79,2.27,2.77,3.4,5.21,5.96,5.68,3.39,AWARE2.0 CFs_nonagri,https://zenodo.org/records/16332127/files/AWARE20_Countries_and_Regions.xlsx?download=1
Saint Pierre and Miquelon,PM,0.792,0.244,0.293,0.262,0.256,0.463,1.02,1.66,3.04,1.37,0.341,0.247,0.245,AWARE2.0 CFs_nonagri,https://zenodo.org/records/16332127/files/AWARE20_Countries_and_Regions.xlsx?download=1
Puerto Rico,PR,2.93,4.02,5.94,8.04,4.31,1.48,2.21,2.37,1.57,0.759,0.783,0.607,3.28,AWARE2.0 CFs_nonagri,https://zenodo.org/records/16332127/files/AWARE20_Countries_and_Regions.xlsx?download=1
Palestine,PS,62.1,2.46,2.97,4.4,67.6,100.0,100.0,100.0,100.0,100.0,99.9,59.0,5.3,AWARE2.0 CFs_nonagri,https://zenodo.org/records/16332127/files/AWARE20_Countries_and_Regions.xlsx?download=1
Portugal,PT,19.2,1.11,1.55,1.44,2.03,6.52,20.6,59.3,59.7,38.8,33.5,2.32,1.53,AWARE2.0 CFs_nonagri,https://zenodo.org/records/16332127/files/AWARE20_Countries_and_Regions.xlsx?download=1
Palau,PW,0.548,0.482,0.528,0.792,1.23,0.963,0.446,0.229,0.29,0.286,0.413,0.489,0.439,AWARE2.0 CFs_nonagri,https://zenodo.org/records/16332127/files/AWARE20_Countries_and_Regions.xlsx?download=1
Paraguay,PY,2.33,2.47,2.44,2.03,1.82,1.64,1.86,1.97,2.55,3.31,3.0,2.63,2.29,AWARE2.0 CFs_nonagri,https://zenodo.org/records/16332127/files/AWARE20_Countries_and_Regions.xlsx?download=1
Qatar,QA,51.9,20.4,12.1,7.27,28.5,42.9,94.8,99.3,99.7,99.8,99.9,8.11,6.37,AWARE2.0 CFs_nonagri,https://zenodo.org/records/16332127/files/AWARE20_Countries_and_Regions.xlsx?download=1
"Québec, Hydro-Québec distribution network","QUÉBEC, HQ DISTRIBUTION NETWORK",1.15,1.24,1.42,1.13,0.794,0.722,0.961,1.06,1.19,1.36,1.33,1.31,1.25,AWARE2.0 CFs_nonagri,https://zenodo.org/records/16332127/files/AWARE20_Countries_and_Regions.xlsx?download=1
Africa,RAF,52.0,18.8,20.7,28.4,65.1,65.9,68.4,68.1,65.8,67.0,65.9,64.5,24.4,AWARE2.0 CFs_nonagri,https://zenodo.org/records/16332127/files/AWARE20_Countries_and_Regions.xlsx?download=1
Asia,RAS,18.7,24.2,25.9,22.9,24.0,24.2,18.3,14.0,12.2,12.3,12.6,12.4,21.5,AWARE2.0 CFs_nonagri,https://zenodo.org/records/16332127/files/AWARE20_Countries_and_Regions.xlsx?download=1
Réunion,RE,4.11,0.282,0.236,0.232,0.92,1.63,2.46,3.39,5.56,7.35,10.5,15.1,1.63,AWARE2.0 CFs_nonagri,https://zenodo.org/records/16332127/files/AWARE20_Countries_and_Regions.xlsx?download=1
Europe,RER,6.64,2.12,2.22,1.89,2.35,5.21,9.44,12.9,14.7,13.0,8.39,4.4,2.66,AWARE2.0 CFs_nonagri,https://zenodo.org/records/16332127/files/AWARE20_Countries_and_Regions.xlsx?download=1
"Europe without Austria, Belgium, France, Germany, Italy, Liechtenstein, Monaco, San Marino, Switzerland, and the Vatican",RER W/O AT+BE+CH+DE+FR+IT,6.38,2.74,2.84,2.3,2.51,4.54,8.05,11.4,12.9,11.9,8.54,5.17,3.4,AWARE2.0 CFs_nonagri,https://zenodo.org/records/16332127/files/AWARE20_Countries_and_Regions.xlsx?download=1
Europe without Germany and Switzerland,RER W/O CH+DE,7.16,2.26,2.36,2.01,2.5,5.66,10.3,14.1,16.0,13.9,8.91,4.67,2.8,AWARE2.0 CFs_nonagri,https://zenodo.org/records/16332127/files/AWARE20_Countries_and_Regions.xlsx?download=1
"Europe without Germany, the Netherlands, and Norway",RER W/O DE+NL+NO,7.44,2.33,2.44,2.07,2.58,5.88,10.8,14.7,16.7,14.4,9.19,4.84,2.9,AWARE2.0 CFs_nonagri,https://zenodo.org/records/16332127/files/AWARE20_Countries_and_Regions.xlsx?download=1
"Europe without Germany, the Netherlands, Norway, and Russia",RER W/O DE+NL+NO+RU,8.44,1.78,1.81,1.75,2.77,7.0,13.3,17.9,19.9,16.8,10.4,4.88,2.49,AWARE2.0 CFs_nonagri,https://zenodo.org/records/16332127/files/AWARE20_Countries_and_Regions.xlsx?download=1
"Europe without Germany, the Netherlands, and Russia",RER W/O DE+NL+RU,8.26,1.76,1.79,1.73,2.71,6.85,13.0,17.5,19.5,16.5,10.1,4.78,2.44,AWARE2.0 CFs_nonagri,https://zenodo.org/records/16332127/files/AWARE20_Countries_and_Regions.xlsx?download=1
Europe without Russia,RER W/O RU,7.31,1.63,1.66,1.6,2.46,6.0,11.3,15.2,17.0,14.7,9.22,4.35,2.27,AWARE2.0 CFs_nonagri,https://zenodo.org/records/16332127/files/AWARE20_Countries_and_Regions.xlsx?download=1
Latin America and the Caribbean,RLA,9.6,10.0,10.8,12.1,12.6,11.1,8.43,7.2,7.12,6.79,8.04,9.81,11.1,AWARE2.0 CFs_nonagri,https://zenodo.org/records/16332127/files/AWARE20_Countries_and_Regions.xlsx?download=1
Middle East,RME,45.0,14.5,11.2,7.51,15.0,58.3,76.3,84.6,73.7,70.7,67.5,36.2,21.9,AWARE2.0 CFs_nonagri,https://zenodo.org/records/16332127/files/AWARE20_Countries_and_Regions.xlsx?download=1
Northern America,RNA,10.5,7.47,6.3,6.1,7.5,8.77,13.7,15.4,16.4,13.3,11.5,11.4,7.74,AWARE2.0 CFs_nonagri,https://zenodo.org/records/16332127/files/AWARE20_Countries_and_Regions.xlsx?download=1
Romania,RO,3.02,1.72,1.69,1.39,1.51,3.5,3.81,4.08,4.64,5.33,3.63,3.02,1.83,AWARE2.0 CFs_nonagri,https://zenodo.org/records/16332127/files/AWARE20_Countries_and_Regions.xlsx?download=1
Serbia,RS,4.72,1.61,1.59,1.27,1.27,1.56,9.6,9.92,10.4,11.3,3.48,2.8,1.65,AWARE2.0 CFs_nonagri,https://zenodo.org/records/16332127/files/AWARE20_Countries_and_Regions.xlsx?download=1
Russia,RU,4.48,4.77,5.57,4.2,2.71,2.33,2.94,4.64,6.06,6.4,5.2,4.61,4.43,AWARE2.0 CFs_nonagri,https://zenodo.org/records/16332127/files/AWARE20_Countries_and_Regions.xlsx?download=1
Rwanda,RW,72.4,13.9,17.4,40.2,85.7,87.5,90.1,98.8,100.0,100.0,100.0,100.0,32.3,AWARE2.0 CFs_nonagri,https://zenodo.org/records/16332127/files/AWARE20_Countries_and_Regions.xlsx?download=1
Russia (Asia),RUSSIA (ASIA),5.06,7.17,9.21,7.47,4.65,2.07,2.61,3.59,4.59,4.96,4.46,4.71,5.51,AWARE2.0 CFs_nonagri,https://zenodo.org/records/16332127/files/AWARE20_Countries_and_Regions.xlsx?download=1
Russia (Europe),RUSSIA (EUROPE),4.27,3.86,4.18,2.94,1.96,2.43,3.08,5.07,6.65,6.98,5.5,4.59,4.02,AWARE2.0 CFs_nonagri,https://zenodo.org/records/16332127/files/AWARE20_Countries_and_Regions.xlsx?download=1
Saudi Arabia,SA,39.6,24.1,21.7,19.9,24.3,27.2,47.9,55.7,54.1,60.5,62.9,36.8,39.3,AWARE2.0 CFs_nonagri,https://zenodo.org/records/16332127/files/AWARE20_Countries_and_Regions.xlsx?download=1
Southern Asia,SAS,38.3,61.5,65.5,52.7,57.4,56.1,19.4,19.8,16.7,15.5,20.3,22.1,53.9,AWARE2.0 CFs_nonagri,https://zenodo.org/records/16332127/files/AWARE20_Countries_and_Regions.xlsx?download=1
Solomon Islands,SB,0.413,0.369,0.281,0.276,0.324,0.38,0.417,0.39,0.466,0.505,0.482,0.559,0.492,AWARE2.0 CFs_nonagri,https://zenodo.org/records/16332127/files/AWARE20_Countries_and_Regions.xlsx?download=1
Seychelles,SC,4.59,0.786,1.52,2.71,6.05,2.51,4.28,6.86,15.4,7.4,3.67,2.01,1.54,AWARE2.0 CFs_nonagri,https://zenodo.org/records/16332127/files/AWARE20_Countries_and_Regions.xlsx?download=1
Sudan,SD,68.3,28.1,31.8,42.5,92.9,92.6,92.9,84.5,78.2,79.9,79.7,84.2,30.8,AWARE2.0 CFs_nonagri,https://zenodo.org/records/16332127/files/AWARE20_Countries_and_Regions.xlsx?download=1
Sweden,SE,2.17,1.58,1.71,1.46,1.47,1.6,1.93,2.45,3.37,3.81,2.87,2.02,1.72,AWARE2.0 CFs_nonagri,https://zenodo.org/records/16332127/files/AWARE20_Countries_and_Regions.xlsx?download=1
Singapore,SG,0.867,0.383,0.621,0.663,0.689,0.726,0.836,1.02,1.26,1.42,1.48,0.907,0.403,AWARE2.0 CFs_nonagri,https://zenodo.org/records/16332127/files/AWARE20_Countries_and_Regions.xlsx?download=1
Saint Helena,SH,100.0,100.0,100.0,100.0,100.0,100.0,100.0,100.0,100.0,100.0,100.0,100.0,100.0,AWARE2.0 CFs_nonagri,https://zenodo.org/records/16332127/files/AWARE20_Countries_and_Regions.xlsx?download=1
Slovenia,SI,1.95,1.49,1.47,1.18,1.17,1.31,1.63,2.05,2.73,3.26,2.99,2.53,1.52,AWARE2.0 CFs_nonagri,https://zenodo.org/records/16332127/files/AWARE20_Countries_and_Regions.xlsx?download=1
Slovakia,SK,2.13,1.69,1.65,1.3,1.27,1.42,1.74,2.02,2.59,3.58,3.45,2.99,1.78,AWARE2.0 CFs_nonagri,https://zenodo.org/records/16332127/files/AWARE20_Countries_and_Regions.xlsx?download=1
Sierra Leone,SL,3.49,2.54,3.56,4.06,5.54,22.5,0.528,0.19,0.129,0.156,0.239,0.483,1.76,AWARE2.0 CFs_nonagri,https://zenodo.org/records/16332127/files/AWARE20_Countries_and_Regions.xlsx?download=1
San Marino,SM,7.62,0.777,0.734,0.737,0.958,1.33,7.92,31.9,35.1,8.02,1.5,0.691,0.601,AWARE2.0 CFs_nonagri,https://zenodo.org/records/16332127/files/AWARE20_Countries_and_Regions.xlsx?download=1
Senegal,SN,36.4,31.6,37.4,40.6,44.8,40.0,45.2,57.4,26.7,19.4,31.3,31.6,30.4,AWARE2.0 CFs_nonagri,https://zenodo.org/records/16332127/files/AWARE20_Countries_and_Regions.xlsx?download=1
Somalia,SO,62.0,76.5,81.7,81.2,59.8,41.7,58.3,74.1,78.3,72.9,33.0,24.0,62.8,AWARE2.0 CFs_nonagri,https://zenodo.org/records/16332127/files/AWARE20_Countries_and_Regions.xlsx?download=1
Suriname,SR,0.764,0.773,0.828,0.726,0.632,0.559,0.67,0.628,0.603,0.803,0.99,1.06,0.908,AWARE2.0 CFs_nonagri,https://zenodo.org/records/16332127/files/AWARE20_Countries_and_Regions.xlsx?download=1
South Sudan,SS,77.7,26.6,32.4,49.9,98.2,98.2,98.3,98.3,98.2,98.2,98.3,98.2,36.2,AWARE2.0 CFs_nonagri,https://zenodo.org/records/16332127/files/AWARE20_Countries_and_Regions.xlsx?download=1
Sao Tome and Principe,ST,28.4,4.45,91.8,92.0,91.5,4.89,7.43,12.0,13.4,15.9,8.35,2.45,2.79,AWARE2.0 CFs_nonagri,https://zenodo.org/records/16332127/files/AWARE20_Countries_and_Regions.xlsx?download=1
El Salvador,SV,2.08,2.53,3.8,4.9,6.96,2.54,0.519,0.429,0.458,0.294,0.245,0.679,1.76,AWARE2.0 CFs_nonagri,https://zenodo.org/records/16332127/files/AWARE20_Countries_and_Regions.xlsx?download=1
Syria,SY,60.2,3.7,5.04,10.3,40.0,96.6,98.1,99.9,99.4,99.2,98.2,63.1,5.83,AWARE2.0 CFs_nonagri,https://zenodo.org/records/16332127/files/AWARE20_Countries_and_Regions.xlsx?download=1
Eswatini,SZ,6.39,1.8,1.76,1.72,3.29,4.71,6.74,7.98,8.91,11.0,19.2,6.55,2.75,AWARE2.0 CFs_nonagri,https://zenodo.org/records/16332127/files/AWARE20_Countries_and_Regions.xlsx?download=1
Siachen Glacier,SIACHEN GLACIER,40.2,100.0,100.0,7.98,6.99,7.04,8.64,8.1,6.98,8.51,32.7,100.0,100.0,AWARE2.0 CFs_nonagri,https://zenodo.org/records/16332127/files/AWARE20_Countries_and_Regions.xlsx?download=1
Somaliland,SOMALILAND,50.5,91.6,95.7,59.3,12.3,6.17,29.3,75.0,85.6,44.8,11.1,18.1,78.1,AWARE2.0 CFs_nonagri,https://zenodo.org/records/16332127/files/AWARE20_Countries_and_Regions.xlsx?download=1
Turks and Caicos Islands,TC,34.3,23.4,41.5,52.9,74.2,45.2,49.2,100.0,2.12,2.66,3.35,5.92,12.0,AWARE2.0 CFs_nonagri,https://zenodo.org/records/16332127/files/AWARE20_Countries_and_Regions.xlsx?download=1
Chad,TD,39.2,36.0,42.1,44.4,50.9,56.6,65.4,58.6,15.4,17.5,23.6,28.2,31.7,AWARE2.0 CFs_nonagri,https://zenodo.org/records/16332127/files/AWARE20_Countries_and_Regions.xlsx?download=1
French Southern and Antarctic Lands,TF,,,,,,,,,,,,,,AWARE2.0 CFs_nonagri,https://zenodo.org/records/16332127/files/AWARE20_Countries_and_Regions.xlsx?download=1
Togo,TG,8.71,4.46,5.78,6.36,8.12,8.96,7.18,4.56,4.38,36.1,10.7,4.36,4.02,AWARE2.0 CFs_nonagri,https://zenodo.org/records/16332127/files/AWARE20_Countries_and_Regions.xlsx?download=1
Thailand,TH,6.95,3.47,10.5,16.0,14.7,8.17,6.52,8.68,5.95,3.4,1.41,2.28,2.67,AWARE2.0 CFs_nonagri,https://zenodo.org/records/16332127/files/AWARE20_Countries_and_Regions.xlsx?download=1
Tajikistan,TJ,52.6,33.4,16.7,7.58,8.37,42.7,99.8,99.8,99.8,97.9,46.5,38.1,38.1,AWARE2.0 CFs_nonagri,https://zenodo.org/records/16332127/files/AWARE20_Countries_and_Regions.xlsx?download=1
East Timor,TL,9.71,0.672,0.538,0.956,0.932,2.03,3.96,9.52,12.3,18.6,35.3,30.1,1.19,AWARE2.0 CFs_nonagri,https://zenodo.org/records/16332127/files/AWARE20_Countries_and_Regions.xlsx?download=1
Turkmenistan,TM,59.6,45.6,43.2,11.4,13.6,32.7,100.0,100.0,100.0,99.9,59.4,54.4,54.5,AWARE2.0 CFs_nonagri,https://zenodo.org/records/16332127/files/AWARE20_Countries_and_Regions.xlsx?download=1
Tunisia,TN,56.5,6.74,10.1,11.6,28.3,67.2,90.4,93.7,97.3,79.0,86.1,74.6,29.7,AWARE2.0 CFs_nonagri,https://zenodo.org/records/16332127/files/AWARE20_Countries_and_Regions.xlsx?download=1
Tonga,TO,1.55,0.684,0.502,0.642,0.472,0.839,0.625,1.34,1.33,2.17,2.84,4.25,2.83,AWARE2.0 CFs_nonagri,https://zenodo.org/records/16332127/files/AWARE20_Countries_and_Regions.xlsx?download=1
Türkiye,TR,25.1,2.18,2.77,4.56,10.7,31.0,47.7,53.0,49.4,41.5,32.6,21.3,2.8,AWARE2.0 CFs_nonagri,https://zenodo.org/records/16332127/files/AWARE20_Countries_and_Regions.xlsx?download=1
Trinidad and Tobago,TT,2.82,2.05,6.18,5.68,6.79,4.99,1.67,1.36,0.916,1.28,1.21,0.974,1.01,AWARE2.0 CFs_nonagri,https://zenodo.org/records/16332127/files/AWARE20_Countries_and_Regions.xlsx?download=1
Taiwan,TW,6.88,10.5,27.2,28.2,3.36,2.15,0.26,1.17,0.327,0.239,0.661,4.96,5.03,AWARE2.0 CFs_nonagri,https://zenodo.org/records/16332127/files/AWARE20_Countries_and_Regions.xlsx?download=1
Tanzania,TZ,34.7,11.6,16.0,21.1,31.2,32.9,36.6,45.1,48.5,51.9,49.7,51.1,19.8,AWARE2.0 CFs_nonagri,https://zenodo.org/records/16332127/files/AWARE20_Countries_and_Regions.xlsx?download=1
Ukraine,UA,5.76,3.75,3.24,2.74,3.12,4.6,5.03,6.01,10.8,10.9,7.67,6.67,4.51,AWARE2.0 CFs_nonagri,https://zenodo.org/records/16332127/files/AWARE20_Countries_and_Regions.xlsx?download=1
Union for the Co-ordination of Transmission of Electricity,UCTE,8.9,1.55,1.63,1.63,2.8,7.57,14.4,19.1,21.0,18.1,11.2,4.94,2.34,AWARE2.0 CFs_nonagri,https://zenodo.org/records/16332127/files/AWARE20_Countries_and_Regions.xlsx?download=1
UCTE without France,UCTE WITHOUT FRANCE,9.59,1.72,1.78,1.78,3.11,8.65,16.0,20.6,21.9,18.9,12.0,5.59,2.62,AWARE2.0 CFs_nonagri,https://zenodo.org/records/16332127/files/AWARE20_Countries_and_Regions.xlsx?download=1
UCTE without Germany,UCTE WITHOUT GERMANY,10.3,1.66,1.75,1.77,3.14,8.83,17.0,22.6,24.6,20.8,12.7,5.51,2.53,AWARE2.0 CFs_nonagri,https://zenodo.org/records/16332127/files/AWARE20_Countries_and_Regions.xlsx?download=1
UCTE without Germany and France,UCTE WITHOUT GERMANY AND FRANCE,11.5,1.9,1.97,1.99,3.6,10.5,19.5,25.1,26.5,22.4,13.9,6.44,2.92,AWARE2.0 CFs_nonagri,https://zenodo.org/records/16332127/files/AWARE20_Countries_and_Regions.xlsx?download=1
Uganda,UG,74.5,14.1,16.3,42.3,98.6,98.6,98.6,98.6,98.5,98.6,98.6,98.5,30.6,AWARE2.0 CFs_nonagri,https://zenodo.org/records/16332127/files/AWARE20_Countries_and_Regions.xlsx?download=1
Americas,UN-AMERICAS,10.0,8.9,8.83,9.47,10.4,10.1,10.7,10.8,11.2,9.69,9.57,10.5,9.63,AWARE2.0 CFs_nonagri,https://zenodo.org/records/16332127/files/AWARE20_Countries_and_Regions.xlsx?download=1
"Asia, UN Region",UN-ASIA,18.9,24.5,26.2,23.1,24.3,24.5,18.6,14.2,12.3,12.4,12.7,12.5,21.7,AWARE2.0 CFs_nonagri,https://zenodo.org/records/16332127/files/AWARE20_Countries_and_Regions.xlsx?download=1
Australia and New Zealand,UN-AUSTRALIANZ,20.8,21.5,21.6,19.8,20.2,23.1,17.5,16.9,19.6,21.2,22.1,26.2,20.3,AWARE2.0 CFs_nonagri,https://zenodo.org/records/16332127/files/AWARE20_Countries_and_Regions.xlsx?download=1
Central America,UN-CAMERICA,16.7,15.5,17.9,19.3,22.8,21.9,17.9,12.8,13.7,10.9,13.2,17.4,17.3,AWARE2.0 CFs_nonagri,https://zenodo.org/records/16332127/files/AWARE20_Countries_and_Regions.xlsx?download=1
Caribbean,UN-CARIBBEAN,7.57,6.98,11.4,18.2,24.9,2.83,2.68,7.03,8.24,1.95,1.08,1.4,4.52,AWARE2.0 CFs_nonagri,https://zenodo.org/records/16332127/files/AWARE20_Countries_and_Regions.xlsx?download=1
Eastern Africa,UN-EAFRICA,41.3,21.1,25.8,31.1,50.0,45.9,50.4,49.9,51.6,52.5,46.8,46.3,23.4,AWARE2.0 CFs_nonagri,https://zenodo.org/records/16332127/files/AWARE20_Countries_and_Regions.xlsx?download=1
Eastern Asia,UN-EASIA,5.93,6.07,7.23,6.24,5.59,5.9,14.7,4.24,2.28,4.28,4.36,5.41,5.14,AWARE2.0 CFs_nonagri,https://zenodo.org/records/16332127/files/AWARE20_Countries_and_Regions.xlsx?download=1
Eastern Europe,UN-EEUROPE,4.32,3.9,4.27,3.28,2.43,2.53,3.14,5.03,6.59,6.72,5.35,4.68,3.9,AWARE2.0 CFs_nonagri,https://zenodo.org/records/16332127/files/AWARE20_Countries_and_Regions.xlsx?download=1
"Europe, UN Region",UN-EUROPE,6.51,2.52,2.77,2.33,2.53,4.96,8.9,12.2,13.9,12.3,8.08,4.43,2.88,AWARE2.0 CFs_nonagri,https://zenodo.org/records/16332127/files/AWARE20_Countries_and_Regions.xlsx?download=1
Middle Africa,UN-MAFRICA,14.5,10.7,12.7,13.7,18.5,18.7,21.0,20.3,10.4,11.3,12.3,12.6,11.3,AWARE2.0 CFs_nonagri,https://zenodo.org/records/16332127/files/AWARE20_Countries_and_Regions.xlsx?download=1
Melanesia,UN-MELANESIA,0.865,0.453,0.39,0.296,0.364,0.388,0.543,0.807,0.978,1.36,1.91,1.6,1.25,AWARE2.0 CFs_nonagri,https://zenodo.org/records/16332127/files/AWARE20_Countries_and_Regions.xlsx?download=1
Micronesia,UN-MICRONESIA,0.664,0.526,0.725,0.878,1.16,1.09,0.661,0.427,0.419,0.443,0.543,0.632,0.475,AWARE2.0 CFs_nonagri,https://zenodo.org/records/16332127/files/AWARE20_Countries_and_Regions.xlsx?download=1
Northern Africa,UN-NAFRICA,68.4,13.2,14.6,26.2,88.5,91.3,94.2,96.5,93.9,93.0,93.9,91.2,22.3,AWARE2.0 CFs_nonagri,https://zenodo.org/records/16332127/files/AWARE20_Countries_and_Regions.xlsx?download=1
Northern Europe,UN-NEUROPE,1.95,0.92,1.05,0.933,0.977,1.21,1.67,2.48,3.66,4.96,3.14,1.35,0.998,AWARE2.0 CFs_nonagri,https://zenodo.org/records/16332127/files/AWARE20_Countries_and_Regions.xlsx?download=1
Oceania,UN-OCEANIA,20.3,20.9,21.0,19.2,19.6,22.5,17.1,16.5,19.1,20.7,21.6,25.5,19.8,AWARE2.0 CFs_nonagri,https://zenodo.org/records/16332127/files/AWARE20_Countries_and_Regions.xlsx?download=1
Polynesia,UN-POLYNESIA,2.64,0.589,0.586,0.717,0.852,1.03,1.54,2.81,4.44,6.26,6.52,2.43,3.77,AWARE2.0 CFs_nonagri,https://zenodo.org/records/16332127/files/AWARE20_Countries_and_Regions.xlsx?download=1
South America,UN-SAMERICA,7.4,8.45,8.44,9.3,8.3,8.19,5.74,5.34,4.85,5.82,6.85,7.95,9.59,AWARE2.0 CFs_nonagri,https://zenodo.org/records/16332127/files/AWARE20_Countries_and_Regions.xlsx?download=1
Southern Africa,UN-SASIA,49.2,47.8,42.3,45.6,45.1,49.1,49.5,44.1,46.1,52.6,56.7,55.0,56.3,AWARE2.0 CFs_nonagri,https://zenodo.org/records/16332127/files/AWARE20_Countries_and_Regions.xlsx?download=1
South-Eastern Asia,UN-SEASIA,6.5,2.11,5.06,21.0,17.9,4.64,3.15,5.7,6.2,6.0,4.08,0.9,1.21,AWARE2.0 CFs_nonagri,https://zenodo.org/records/16332127/files/AWARE20_Countries_and_Regions.xlsx?download=1
Southern Europe,UN-SEUROPE,23.0,2.5,2.74,3.1,6.67,21.9,43.5,55.0,56.3,42.9,24.2,10.9,4.37,AWARE2.0 CFs_nonagri,https://zenodo.org/records/16332127/files/AWARE20_Countries_and_Regions.xlsx?download=1
Western Africa,UN-WAFRICA,19.1,18.2,22.9,24.7,28.0,26.7,25.2,18.5,10.2,16.7,10.9,12.2,15.3,AWARE2.0 CFs_nonagri,https://zenodo.org/records/16332127/files/AWARE20_Countries_and_Regions.xlsx?download=1
Western Asia,UN-WASIA,38.8,10.7,9.19,7.7,17.1,51.3,69.0,74.6,68.2,58.4,52.1,31.3,14.2,AWARE2.0 CFs_nonagri,https://zenodo.org/records/16332127/files/AWARE20_Countries_and_Regions.xlsx?download=1
United States of America,US,11.3,7.98,6.66,6.51,8.06,9.46,14.9,16.8,17.9,14.4,12.4,12.3,8.27,AWARE2.0 CFs_nonagri,https://zenodo.org/records/16332127/files/AWARE20_Countries_and_Regions.xlsx?download=1
"United States of America, Alaska",US-AK,2.26,3.12,3.91,3.8,2.88,1.48,1.15,1.62,1.67,1.42,1.41,2.11,2.63,AWARE2.0 CFs_nonagri,https://zenodo.org/records/16332127/files/AWARE20_Countries_and_Regions.xlsx?download=1
"United States of America, Alabama",US-AL,1.44,0.515,0.454,0.404,0.599,0.77,1.35,1.67,2.51,3.14,2.82,2.14,0.869,AWARE2.0 CFs_nonagri,https://zenodo.org/records/16332127/files/AWARE20_Countries_and_Regions.xlsx?download=1
"United States of America, Arkansas",US-AR,2.11,1.29,1.43,1.1,1.41,1.08,1.75,2.35,3.63,4.13,3.56,2.15,1.46,AWARE2.0 CFs_nonagri,https://zenodo.org/records/16332127/files/AWARE20_Countries_and_Regions.xlsx?download=1
Alaska Systems Coordinating Council,US-ASCC,2.26,3.12,3.91,3.8,2.88,1.48,1.15,1.62,1.67,1.42,1.41,2.11,2.63,AWARE2.0 CFs_nonagri,https://zenodo.org/records/16332127/files/AWARE20_Countries_and_Regions.xlsx?download=1
"United States of America, Arizona",US-AZ,99.4,99.3,99.4,99.5,99.4,99.4,99.4,100.0,99.9,99.2,99.3,99.4,99.3,AWARE2.0 CFs_nonagri,https://zenodo.org/records/16332127/files/AWARE20_Countries_and_Regions.xlsx?download=1
"United States of America, California",US-CA,34.4,2.13,2.75,5.64,15.8,29.2,74.4,83.2,74.7,43.8,32.7,34.6,12.4,AWARE2.0 CFs_nonagri,https://zenodo.org/records/16332127/files/AWARE20_Countries_and_Regions.xlsx?download=1
"United States of America, Colorado",US-CO,50.3,76.4,29.8,23.5,26.8,25.1,28.0,45.7,77.2,77.4,69.8,76.7,45.9,AWARE2.0 CFs_nonagri,https://zenodo.org/records/16332127/files/AWARE20_Countries_and_Regions.xlsx?download=1
"United States of America, Connecticut",US-CT,0.843,0.59,0.634,0.476,0.398,0.464,0.667,0.883,1.3,1.61,1.4,1.01,0.674,AWARE2.0 CFs_nonagri,https://zenodo.org/records/16332127/files/AWARE20_Countries_and_Regions.xlsx?download=1
"United States of America, District of Columbia",US-DC,1.76,0.883,0.755,0.571,0.739,0.957,1.31,2.25,3.14,3.45,3.46,2.34,1.17,AWARE2.0 CFs_nonagri,https://zenodo.org/records/16332127/files/AWARE20_Countries_and_Regions.xlsx?download=1
"United States of America, Delaware",US-DE,1.63,0.843,0.76,0.572,0.627,0.858,1.21,1.88,2.85,3.42,3.18,2.16,1.12,AWARE2.0 CFs_nonagri,https://zenodo.org/records/16332127/files/AWARE20_Countries_and_Regions.xlsx?download=1
"United States of America, Florida",US-FL,3.7,2.73,2.99,2.87,3.26,3.9,4.49,5.44,7.61,2.89,2.41,2.96,2.77,AWARE2.0 CFs_nonagri,https://zenodo.org/records/16332127/files/AWARE20_Countries_and_Regions.xlsx?download=1
"United States of America, Georgia",US-GA,1.78,0.787,0.725,0.611,0.897,1.25,1.99,2.14,2.89,3.51,3.1,2.3,1.07,AWARE2.0 CFs_nonagri,https://zenodo.org/records/16332127/files/AWARE20_Countries_and_Regions.xlsx?download=1
"United States of America, Hawaii",US-HI,9.66,1.76,6.81,1.63,8.35,14.0,21.3,20.8,13.5,15.1,8.02,2.57,2.05,AWARE2.0 CFs_nonagri,https://zenodo.org/records/16332127/files/AWARE20_Countries_and_Regions.xlsx?download=1
HICC,US-HICC,9.66,1.76,6.81,1.63,8.35,14.0,21.3,20.8,13.5,15.1,8.02,2.57,2.05,AWARE2.0 CFs_nonagri,https://zenodo.org/records/16332127/files/AWARE20_Countries_and_Regions.xlsx?download=1
"United States of America, Iowa",US-IA,3.4,3.29,3.23,2.24,2.48,3.09,4.04,3.26,3.75,4.06,4.17,4.03,3.21,AWARE2.0 CFs_nonagri,https://zenodo.org/records/16332127/files/AWARE20_Countries_and_Regions.xlsx?download=1
"United States of America, Idaho",US-ID,2.96,1.01,1.07,0.941,0.921,1.03,1.43,5.16,8.3,8.48,3.96,1.82,1.19,AWARE2.0 CFs_nonagri,https://zenodo.org/records/16332127/files/AWARE20_Countries_and_Regions.xlsx?download=1
"United States of America, Illinois",US-IL,1.44,1.31,1.25,0.895,0.881,0.901,1.1,1.3,1.86,2.15,2.22,2.05,1.4,AWARE2.0 CFs_nonagri,https://zenodo.org/records/16332127/files/AWARE20_Countries_and_Regions.xlsx?download=1
"United States of America, Indiana",US-IN,1.29,0.713,0.7,0.576,0.634,0.694,1.01,1.44,2.04,2.48,2.31,1.89,0.987,AWARE2.0 CFs_nonagri,https://zenodo.org/records/16332127/files/AWARE20_Countries_and_Regions.xlsx?download=1
"United States of America, Kansas",US-KS,2.73,1.94,2.03,1.54,1.94,1.55,2.38,2.99,4.39,4.91,4.29,2.81,2.02,AWARE2.0 CFs_nonagri,https://zenodo.org/records/16332127/files/AWARE20_Countries_and_Regions.xlsx?download=1
"United States of America, Kentucky",US-KY,1.26,0.494,0.469,0.414,0.537,0.624,0.96,1.49,2.17,2.68,2.45,1.92,0.839,AWARE2.0 CFs_nonagri,https://zenodo.org/records/16332127/files/AWARE20_Countries_and_Regions.xlsx?download=1
"United States of America, Louisiana",US-LA,0.359,0.256,0.24,0.185,0.205,0.209,0.262,0.322,0.423,0.579,0.631,0.597,0.392,AWARE2.0 CFs_nonagri,https://zenodo.org/records/16332127/files/AWARE20_Countries_and_Regions.xlsx?download=1
"United States of America, Massachusetts",US-MA,0.824,0.602,0.588,0.418,0.351,0.427,0.604,0.834,1.24,1.57,1.42,1.11,0.715,AWARE2.0 CFs_nonagri,https://zenodo.org/records/16332127/files/AWARE20_Countries_and_Regions.xlsx?download=1
"United States of America, Maryland",US-MD,1.45,0.804,0.729,0.558,0.653,0.866,1.19,1.81,2.52,2.79,2.59,1.85,1.02,AWARE2.0 CFs_nonagri,https://zenodo.org/records/16332127/files/AWARE20_Countries_and_Regions.xlsx?download=1
"United States of America, Maine",US-ME,0.649,0.57,0.647,0.529,0.421,0.399,0.504,0.638,0.851,1.08,0.88,0.698,0.576,AWARE2.0 CFs_nonagri,https://zenodo.org/records/16332127/files/AWARE20_Countries_and_Regions.xlsx?download=1
"United States of America, Michigan",US-MI,1.14,1.17,1.26,1.02,0.805,0.761,1.0,1.09,1.22,1.38,1.38,1.37,1.24,AWARE2.0 CFs_nonagri,https://zenodo.org/records/16332127/files/AWARE20_Countries_and_Regions.xlsx?download=1
"United States of America, Minnesota",US-MN,2.14,2.01,1.92,1.38,1.42,1.5,1.76,1.92,2.66,3.0,3.11,2.91,2.05,AWARE2.0 CFs_nonagri,https://zenodo.org/records/16332127/files/AWARE20_Countries_and_Regions.xlsx?download=1
"United States of America, Missouri",US-MO,1.73,1.46,1.41,1.05,1.27,1.11,1.54,1.76,2.39,2.71,2.54,2.03,1.5,AWARE2.0 CFs_nonagri,https://zenodo.org/records/16332127/files/AWARE20_Countries_and_Regions.xlsx?download=1
"Midwest Reliability Organization, US part only",US-MRO,6.7,8.3,4.66,3.23,3.88,4.17,5.58,6.43,9.82,10.1,9.17,9.01,5.85,AWARE2.0 CFs_nonagri,https://zenodo.org/records/16332127/files/AWARE20_Countries_and_Regions.xlsx?download=1
"United States of America, Mississippi",US-MS,0.693,0.333,0.294,0.246,0.316,0.36,0.544,0.703,1.04,1.36,1.36,1.16,0.577,AWARE2.0 CFs_nonagri,https://zenodo.org/records/16332127/files/AWARE20_Countries_and_Regions.xlsx?download=1
"United States of America, Montana",US-MT,13.2,12.8,13.2,9.24,10.5,14.9,20.4,13.4,12.7,13.1,12.9,12.9,12.1,AWARE2.0 CFs_nonagri,https://zenodo.org/records/16332127/files/AWARE20_Countries_and_Regions.xlsx?download=1
"United States of America, North Carolina",US-NC,1.65,0.918,0.923,0.83,1.06,1.34,1.83,2.51,2.98,2.6,2.0,1.59,1.18,AWARE2.0 CFs_nonagri,https://zenodo.org/records/16332127/files/AWARE20_Countries_and_Regions.xlsx?download=1
"United States of America, North Dakota",US-ND,13.3,13.2,13.6,9.53,10.7,15.0,20.1,13.3,12.5,12.8,12.9,13.1,12.5,AWARE2.0 CFs_nonagri,https://zenodo.org/records/16332127/files/AWARE20_Countries_and_Regions.xlsx?download=1
"United States of America, Nebraska",US-NE,34.3,59.4,14.9,8.23,11.6,10.7,14.1,29.9,59.4,59.5,52.5,59.5,30.1,AWARE2.0 CFs_nonagri,https://zenodo.org/records/16332127/files/AWARE20_Countries_and_Regions.xlsx?download=1
"United States of America, New Hampshire",US-NH,0.741,0.592,0.621,0.478,0.401,0.434,0.582,0.721,0.996,1.3,1.18,0.916,0.669,AWARE2.0 CFs_nonagri,https://zenodo.org/records/16332127/files/AWARE20_Countries_and_Regions.xlsx?download=1
"United States of America, New Jersey",US-NJ,0.824,0.577,0.581,0.426,0.438,0.56,0.749,0.997,1.27,1.35,1.25,1.0,0.67,AWARE2.0 CFs_nonagri,https://zenodo.org/records/16332127/files/AWARE20_Countries_and_Regions.xlsx?download=1
"United States of America, New Mexico",US-NM,77.6,73.7,76.1,80.7,82.5,82.6,83.3,69.7,77.9,74.8,82.1,74.8,73.5,AWARE2.0 CFs_nonagri,https://zenodo.org/records/16332127/files/AWARE20_Countries_and_Regions.xlsx?download=1
"Northeast Power Coordinating Council, US part only",US-NPCC,0.839,0.664,0.707,0.523,0.452,0.519,0.706,0.899,1.19,1.38,1.26,1.02,0.736,AWARE2.0 CFs_nonagri,https://zenodo.org/records/16332127/files/AWARE20_Countries_and_Regions.xlsx?download=1
"United States of America, Nevada",US-NV,46.5,9.5,9.46,14.7,56.0,58.2,60.8,64.6,65.9,66.3,65.5,66.6,18.7,AWARE2.0 CFs_nonagri,https://zenodo.org/records/16332127/files/AWARE20_Countries_and_Regions.xlsx?download=1
"United States of America, New York",US-NY,0.849,0.701,0.763,0.563,0.497,0.57,0.762,0.939,1.17,1.28,1.18,1.0,0.759,AWARE2.0 CFs_nonagri,https://zenodo.org/records/16332127/files/AWARE20_Countries_and_Regions.xlsx?download=1
"United States of America, Ohio",US-OH,1.22,0.732,0.748,0.627,0.633,0.674,0.979,1.36,1.85,2.24,2.09,1.73,0.982,AWARE2.0 CFs_nonagri,https://zenodo.org/records/16332127/files/AWARE20_Countries_and_Regions.xlsx?download=1
"United States of America, Oklahoma",US-OK,2.79,1.7,1.9,1.46,1.88,1.43,2.32,3.14,4.86,5.47,4.67,2.74,1.88,AWARE2.0 CFs_nonagri,https://zenodo.org/records/16332127/files/AWARE20_Countries_and_Regions.xlsx?download=1
"United States of America, Oregon",US-OR,3.89,1.0,1.04,0.936,0.981,1.26,4.01,6.15,9.58,11.9,6.0,2.46,1.22,AWARE2.0 CFs_nonagri,https://zenodo.org/records/16332127/files/AWARE20_Countries_and_Regions.xlsx?download=1
"United States of America, Pennsylvania",US-PA,1.07,0.538,0.538,0.391,0.463,0.643,0.941,1.39,1.9,2.02,1.89,1.4,0.701,AWARE2.0 CFs_nonagri,https://zenodo.org/records/16332127/files/AWARE20_Countries_and_Regions.xlsx?download=1
ReliabilityFirst Corporation,US-RFC,1.21,0.819,0.82,0.638,0.64,0.724,0.999,1.35,1.82,2.07,1.97,1.61,0.99,AWARE2.0 CFs_nonagri,https://zenodo.org/records/16332127/files/AWARE20_Countries_and_Regions.xlsx?download=1
"United States of America, Rhode Island",US-RI,1.01,0.611,0.563,0.361,0.347,0.475,0.705,1.16,1.76,2.16,1.85,1.36,0.778,AWARE2.0 CFs_nonagri,https://zenodo.org/records/16332127/files/AWARE20_Countries_and_Regions.xlsx?download=1
"United States of America, South Carolina",US-SC,1.74,0.995,1.0,0.856,1.07,1.31,1.81,2.46,2.92,3.11,2.34,1.76,1.22,AWARE2.0 CFs_nonagri,https://zenodo.org/records/16332127/files/AWARE20_Countries_and_Regions.xlsx?download=1
"United States of America, South Dakota",US-SD,14.5,14.3,14.7,10.3,11.7,16.6,22.6,14.7,13.5,13.8,13.9,14.3,13.5,AWARE2.0 CFs_nonagri,https://zenodo.org/records/16332127/files/AWARE20_Countries_and_Regions.xlsx?download=1
SERC Reliability Corporation,US-SERC,1.79,1.09,1.11,0.973,1.18,1.39,1.83,2.33,3.18,2.69,2.35,1.98,1.3,AWARE2.0 CFs_nonagri,https://zenodo.org/records/16332127/files/AWARE20_Countries_and_Regions.xlsx?download=1
"United States of America, Tennessee",US-TN,1.11,0.45,0.426,0.373,0.477,0.552,0.842,1.29,1.89,2.35,2.16,1.71,0.765,AWARE2.0 CFs_nonagri,https://zenodo.org/records/16332127/files/AWARE20_Countries_and_Regions.xlsx?download=1
Texas Regional Entity,US-TRE,11.2,10.2,10.7,10.1,11.0,10.0,11.8,11.2,15.5,13.0,10.9,9.79,10.6,AWARE2.0 CFs_nonagri,https://zenodo.org/records/16332127/files/AWARE20_Countries_and_Regions.xlsx?download=1
"United States of America, Texas",US-TX,13.5,12.4,12.9,12.4,13.2,12.4,13.9,13.2,17.2,15.3,13.3,12.3,12.8,AWARE2.0 CFs_nonagri,https://zenodo.org/records/16332127/files/AWARE20_Countries_and_Regions.xlsx?download=1
"United States of America, Utah",US-UT,53.2,31.6,30.7,29.9,30.3,31.5,52.9,99.9,99.9,81.2,56.2,54.8,38.0,AWARE2.0 CFs_nonagri,https://zenodo.org/records/16332127/files/AWARE20_Countries_and_Regions.xlsx?download=1
"United States of America, Virginia",US-VA,1.62,0.847,0.735,0.596,0.8,0.99,1.36,2.25,3.07,3.05,2.74,1.8,1.08,AWARE2.0 CFs_nonagri,https://zenodo.org/records/16332127/files/AWARE20_Countries_and_Regions.xlsx?download=1
"United States of America, Vermont",US-VT,1.03,0.975,1.06,0.835,0.654,0.647,0.877,0.992,1.2,1.42,1.38,1.24,1.04,AWARE2.0 CFs_nonagri,https://zenodo.org/records/16332127/files/AWARE20_Countries_and_Regions.xlsx?download=1
"United States of America, Washington",US-WA,1.53,0.501,0.546,0.503,0.534,0.652,0.936,2.01,3.95,4.72,2.39,0.917,0.581,AWARE2.0 CFs_nonagri,https://zenodo.org/records/16332127/files/AWARE20_Countries_and_Regions.xlsx?download=1
"Western Electricity Coordinating Council, US part only",US-WECC,42.5,27.1,22.7,23.6,30.1,36.6,60.1,68.1,68.0,52.3,44.6,45.7,29.5,AWARE2.0 CFs_nonagri,https://zenodo.org/records/16332127/files/AWARE20_Countries_and_Regions.xlsx?download=1
"United States of America, Wisconsin",US-WI,1.61,1.55,1.5,1.08,1.02,1.03,1.24,1.44,2.0,2.28,2.36,2.22,1.6,AWARE2.0 CFs_nonagri,https://zenodo.org/records/16332127/files/AWARE20_Countries_and_Regions.xlsx?download=1
"United States of America, West Virginia",US-WV,1.31,0.522,0.488,0.424,0.553,0.651,0.992,1.56,2.27,2.77,2.56,1.97,0.865,AWARE2.0 CFs_nonagri,https://zenodo.org/records/16332127/files/AWARE20_Countries_and_Regions.xlsx?download=1
"United States of America, Wyoming",US-WY,64.4,83.4,49.5,44.2,46.8,46.5,49.5,61.2,83.6,83.6,78.1,83.5,61.1,AWARE2.0 CFs_nonagri,https://zenodo.org/records/16332127/files/AWARE20_Countries_and_Regions.xlsx?download=1
Uruguay,UY,0.668,1.1,1.01,0.978,0.717,0.546,0.499,0.452,0.502,0.515,0.449,0.513,0.754,AWARE2.0 CFs_nonagri,https://zenodo.org/records/16332127/files/AWARE20_Countries_and_Regions.xlsx?download=1
Uzbekistan,UZ,59.8,47.7,22.0,10.3,12.2,60.9,99.8,99.9,99.5,95.3,60.0,54.1,53.6,AWARE2.0 CFs_nonagri,https://zenodo.org/records/16332127/files/AWARE20_Countries_and_Regions.xlsx?download=1
"United States of America, including overseas territories","UNITED STATES OF AMERICA, INCLUDING OVERSEAS TERRITORIES",11.3,7.97,6.65,6.51,8.06,9.46,14.9,16.8,17.9,14.4,12.4,12.3,8.26,AWARE2.0 CFs_nonagri,https://zenodo.org/records/16332127/files/AWARE20_Countries_and_Regions.xlsx?download=1
Vatican,VA,2.42,0.763,0.734,0.709,0.838,1.03,2.17,6.18,10.6,3.92,0.739,0.62,0.57,AWARE2.0 CFs_nonagri,https://zenodo.org/records/16332127/files/AWARE20_Countries_and_Regions.xlsx?download=1
Saint Vincent and the Grenadines,VC,36.2,100.0,100.0,100.0,83.3,15.8,4.86,4.19,2.96,2.76,2.66,2.81,19.8,AWARE2.0 CFs_nonagri,https://zenodo.org/records/16332127/files/AWARE20_Countries_and_Regions.xlsx?download=1
Venezuela,VE,11.1,14.8,21.6,23.2,18.1,5.86,6.82,13.3,8.47,7.02,3.1,2.64,8.72,AWARE2.0 CFs_nonagri,https://zenodo.org/records/16332127/files/AWARE20_Countries_and_Regions.xlsx?download=1
British Virgin Islands,VG,22.8,15.2,40.1,54.0,54.2,15.4,29.2,28.8,19.5,5.14,2.97,3.05,7.42,AWARE2.0 CFs_nonagri,https://zenodo.org/records/16332127/files/AWARE20_Countries_and_Regions.xlsx?download=1
United States Virgin Islands,VI,43.5,28.5,62.3,78.5,87.3,22.3,81.6,71.9,68.5,6.56,2.9,3.24,10.5,AWARE2.0 CFs_nonagri,https://zenodo.org/records/16332127/files/AWARE20_Countries_and_Regions.xlsx?download=1
Vietnam,VN,6.39,2.53,5.54,26.5,24.3,5.04,3.83,4.01,2.11,0.356,0.425,0.655,1.35,AWARE2.0 CFs_nonagri,https://zenodo.org/records/16332127/files/AWARE20_Countries_and_Regions.xlsx?download=1
Vanuatu,VU,1.11,0.709,0.646,0.402,0.433,0.43,0.643,0.959,1.26,1.78,2.22,2.36,1.44,AWARE2.0 CFs_nonagri,https://zenodo.org/records/16332127/files/AWARE20_Countries_and_Regions.xlsx?download=1
Western Electricity Coordinating Council,WECC,37.6,24.3,20.5,21.1,26.8,32.4,52.8,59.8,59.8,46.2,39.5,40.4,26.3,AWARE2.0 CFs_nonagri,https://zenodo.org/records/16332127/files/AWARE20_Countries_and_Regions.xlsx?download=1
Western Europe,WEU,3.17,0.785,0.882,0.834,1.06,1.33,2.77,5.05,7.75,8.45,6.14,1.69,1.06,AWARE2.0 CFs_nonagri,https://zenodo.org/records/16332127/files/AWARE20_Countries_and_Regions.xlsx?download=1
Wallis and Futuna,WF,0.696,0.291,0.304,0.317,0.407,0.485,0.731,1.11,1.63,1.45,0.713,0.543,0.346,AWARE2.0 CFs_nonagri,https://zenodo.org/records/16332127/files/AWARE20_Countries_and_Regions.xlsx?download=1
Samoa,WS,1.06,0.336,0.306,0.458,0.595,0.685,1.32,1.5,2.26,2.74,1.3,0.715,0.47,AWARE2.0 CFs_nonagri,https://zenodo.org/records/16332127/files/AWARE20_Countries_and_Regions.xlsx?download=1
Kosovo,XK,10.3,1.05,1.04,0.858,0.961,1.61,27.7,27.9,28.2,28.4,2.74,1.67,1.01,AWARE2.0 CFs_nonagri,https://zenodo.org/records/16332127/files/AWARE20_Countries_and_Regions.xlsx?download=1
Yemen,YE,65.8,98.3,95.6,79.6,59.1,56.1,60.2,57.3,23.4,32.0,51.4,80.3,98.8,AWARE2.0 CFs_nonagri,https://zenodo.org/records/16332127/files/AWARE20_Countries_and_Regions.xlsx?download=1
South Africa,ZA,49.8,48.5,43.7,47.1,46.3,50.1,50.3,44.2,46.1,52.8,56.8,54.9,56.3,AWARE2.0 CFs_nonagri,https://zenodo.org/records/16332127/files/AWARE20_Countries_and_Regions.xlsx?download=1
Zambia,ZM,5.88,2.74,3.19,3.86,5.5,6.05,5.97,6.66,7.3,7.97,7.79,7.86,5.55,AWARE2.0 CFs_nonagri,https://zenodo.org/records/16332127/files/AWARE20_Countries_and_Regions.xlsx?download=1
Zimbabwe,ZW,10.9,4.79,3.46,3.74,6.8,9.5,10.5,11.0,13.6,17.3,19.6,19.2,10.6,AWARE2.0 CFs_nonagri,https://zenodo.org/records/16332127/files/AWARE20_Countries_and_Regions.xlsx?download=1
Bouvet Island,BV,,,,,,,,,,,,,,AWARE2.0 CFs_nonagri,https://zenodo.org/records/16332127/files/AWARE20_Countries_and_Regions.xlsx?download=1
Svalbard and Jan Mayen,SJ,,,,,,,,,,,,,,AWARE2.0 CFs_nonagri,https://zenodo.org/records/16332127/files/AWARE20_Countries_and_Regions.xlsx?download=1
Mayotte,YT,,,,,,,,,,,,,,AWARE2.0 CFs_nonagri,https://zenodo.org/records/16332127/files/AWARE20_Countries_and_Regions.xlsx?download=1
"India, Lakshadweep",IN-LD,,,,,,,,,,,,,,AWARE2.0 CFs_nonagri,https://zenodo.org/records/16332127/files/AWARE20_Countries_and_Regions.xlsx?download=1
Maldives,MV,,,,,,,,,,,,,,AWARE2.0 CFs_nonagri,https://zenodo.org/records/16332127/files/AWARE20_Countries_and_Regions.xlsx?download=1
Cocos (Keeling) Islands,CC,,,,,,,,,,,,,,AWARE2.0 CFs_nonagri,https://zenodo.org/records/16332127/files/AWARE20_Countries_and_Regions.xlsx?download=1
Spratly Islands,SPRATLY ISLANDS,,,,,,,,,,,,,,AWARE2.0 CFs_nonagri,https://zenodo.org/records/16332127/files/AWARE20_Countries_and_Regions.xlsx?download=1
Scarborough Reef,SCARBOROUGH REEF,,,,,,,,,,,,,,AWARE2.0 CFs_nonagri,https://zenodo.org/records/16332127/files/AWARE20_Countries_and_Regions.xlsx?download=1
"Australia, Ashmore and Cartier Islands",AU-AC,,,,,,,,,,,,,,AWARE2.0 CFs_nonagri,https://zenodo.org/records/16332127/files/AWARE20_Countries_and_Regions.xlsx?download=1
Coral Sea Islands,CORAL SEA ISLANDS,,,,,,,,,,,,,,AWARE2.0 CFs_nonagri,https://zenodo.org/records/16332127/files/AWARE20_Countries_and_Regions.xlsx?download=1
Marshall Islands,MH,,,,,,,,,,,,,,AWARE2.0 CFs_nonagri,https://zenodo.org/records/16332127/files/AWARE20_Countries_and_Regions.xlsx?download=1
United States Minor Outlying Islands,UM,,,,,,,,,,,,,,AWARE2.0 CFs_nonagri,https://zenodo.org/records/16332127/files/AWARE20_Countries_and_Regions.xlsx?download=1
Nauru,NR,,,,,,,,,,,,,,AWARE2.0 CFs_nonagri,https://zenodo.org/records/16332127/files/AWARE20_Countries_and_Regions.xlsx?download=1
Tuvalu,TV,,,,,,,,,,,,,,AWARE2.0 CFs_nonagri,https://zenodo.org/records/16332127/files/AWARE20_Countries_and_Regions.xlsx?download=1
Tokelau,TK,,,,,,,,,,,,,,AWARE2.0 CFs_nonagri,https://zenodo.org/records/16332127/files/AWARE20_Countries_and_Regions.xlsx?download=1
Pitcairn Islands,PN,,,,,,,,,,,,,,AWARE2.0 CFs_nonagri,https://zenodo.org/records/16332127/files/AWARE20_Countries_and_Regions.xlsx?download=1
Clipperton Island,CLIPPERTON ISLAND,,,,,,,,,,,,,,AWARE2.0 CFs_nonagri,https://zenodo.org/records/16332127/files/AWARE20_Countries_and_Regions.xlsx?download=1
Bajo Nuevo Bank (Petrel Is.),BAJO NUEVO,,,,,,,,,,,,,,AWARE2.0 CFs_nonagri,https://zenodo.org/records/16332127/files/AWARE20_Countries_and_Regions.xlsx?download=1
Serranilla Bank,SERRANILLA BANK,,,,,,,,,,,,,,AWARE2.0 CFs_nonagri,https://zenodo.org/records/16332127/files/AWARE20_Countries_and_Regions.xlsx?download=1
Greenland,GL,,,,,,,,,,,,,,AWARE2.0 CFs_nonagri,https://zenodo.org/records/16332127/files/AWARE20_Countries_and_Regions.xlsx?download=1
Anguilla,AI,,,,,,,,,,,,,,AWARE2.0 CFs_nonagri,https://zenodo.org/records/16332127/files/AWARE20_Countries_and_Regions.xlsx?download=1
Saint Martin,MF,,,,,,,,,,,,,,AWARE2.0 CFs_nonagri,https://zenodo.org/records/16332127/files/AWARE20_Countries_and_Regions.xlsx?download=1
Sint Maarten,SX,,,,,,,,,,,,,,AWARE2.0 CFs_nonagri,https://zenodo.org/records/16332127/files/AWARE20_Countries_and_Regions.xlsx?download=1
Saint Barthelemy,BL,,,,,,,,,,,,,,AWARE2.0 CFs_nonagri,https://zenodo.org/records/16332127/files/AWARE20_Countries_and_Regions.xlsx?download=1
NotDefined,NOTDEFINED,6.31,6.39,7.67,6.67,5.93,6.26,15.9,4.56,2.39,4.59,4.62,5.71,5.4,AWARE2.0 CFs_nonagri,https://zenodo.org/records/16332127/files/AWARE20_Countries_and_Regions.xlsx?download=1
NotDefined,NOTDEFINED,62.8,0.997,1.38,5.6,76.9,100.0,100.0,100.0,100.0,100.0,100.0,64.2,1.45,AWARE2.0 CFs_nonagri,https://zenodo.org/records/16332127/files/AWARE20_Countries_and_Regions.xlsx?download=1
NotDefined,NOTDEFINED,43.0,27.7,21.3,35.9,55.0,78.8,78.9,80.1,63.5,27.8,10.1,16.8,18.4,AWARE2.0 CFs_nonagri,https://zenodo.org/records/16332127/files/AWARE20_Countries_and_Regions.xlsx?download=1
NotDefined,NOTDEFINED,2.17,1.77,2.06,1.46,0.975,1.34,1.71,2.36,3.57,5.08,2.48,1.79,1.52,AWARE2.0 CFs_nonagri,https://zenodo.org/records/16332127/files/AWARE20_Countries_and_Regions.xlsx?download=1
NotDefined,NOTDEFINED,4.99,0.617,0.779,0.843,1.09,1.47,5.46,11.1,15.6,13.4,7.07,1.32,0.795,AWARE2.0 CFs_nonagri,https://zenodo.org/records/16332127/files/AWARE20_Countries_and_Regions.xlsx?download=1
NotDefined,NOTDEFINED,66.1,0.902,1.07,3.78,94.3,100.0,100.0,100.0,100.0,100.0,100.0,88.4,1.93,AWARE2.0 CFs_nonagri,https://zenodo.org/records/16332127/files/AWARE20_Countries_and_Regions.xlsx?download=1
NotDefined,NOTDEFINED,37.8,61.8,67.1,66.6,64.7,59.2,17.3,17.6,15.0,14.1,11.1,8.99,51.1,AWARE2.0 CFs_nonagri,https://zenodo.org/records/16332127/files/AWARE20_Countries_and_Regions.xlsx?download=1
NotDefined,NOTDEFINED,1.89,0.693,0.792,0.772,1.01,1.14,1.34,2.01,3.63,4.74,4.31,1.32,0.906,AWARE2.0 CFs_nonagri,https://zenodo.org/records/16332127/files/AWARE20_Countries_and_Regions.xlsx?download=1
NotDefined,NOTDEFINED,46.1,88.1,88.3,9.26,48.6,53.9,14.0,12.0,5.73,4.88,55.3,88.9,87.7,AWARE2.0 CFs_nonagri,https://zenodo.org/records/16332127/files/AWARE20_Countries_and_Regions.xlsx?download=1
NotDefined,NOTDEFINED,5.81,1.5,1.48,1.18,1.2,1.57,13.2,13.5,13.9,14.7,3.32,2.56,1.52,AWARE2.0 CFs_nonagri,https://zenodo.org/records/16332127/files/AWARE20_Countries_and_Regions.xlsx?download=1
NotDefined,NOTDEFINED,59.7,80.1,85.0,76.7,49.7,34.2,52.2,74.5,80.1,66.9,28.4,22.8,66.4,AWARE2.0 CFs_nonagri,https://zenodo.org/records/16332127/files/AWARE20_Countries_and_Regions.xlsx?download=1
NotDefined,NOTDEFINED,6.8,3.7,3.18,2.74,3.28,6.29,7.11,8.55,13.9,12.8,8.28,6.96,4.53,AWARE2.0 CFs_nonagri,https://zenodo.org/records/16332127/files/AWARE20_Countries_and_Regions.xlsx?download=1
NotDefined,NOTDEFINED,75.2,13.2,16.3,40.7,100.0,100.0,100.0,100.0,100.0,100.0,100.0,100.0,29.4,AWARE2.0 CFs_nonagri,https://zenodo.org/records/16332127/files/AWARE20_Countries_and_Regions.xlsx?download=1
NotDefined,NOTDEFINED,47.6,70.4,81.8,70.1,37.9,29.5,29.5,30.6,30.4,31.2,41.4,57.8,62.1,AWARE2.0 CFs_nonagri,https://zenodo.org/records/16332127/files/AWARE20_Countries_and_Regions.xlsx?download=1
NotDefined,NOTDEFINED,52.9,93.7,94.1,17.9,79.6,80.0,6.57,3.39,2.32,3.58,76.3,86.7,93.8,AWARE2.0 CFs_nonagri,https://zenodo.org/records/16332127/files/AWARE20_Countries_and_Regions.xlsx?download=1
NotDefined,NOTDEFINED,62.2,1.0,1.29,3.18,100.0,100.0,100.0,100.0,100.0,100.0,97.4,38.9,1.64,AWARE2.0 CFs_nonagri,https://zenodo.org/records/16332127/files/AWARE20_Countries_and_Regions.xlsx?download=1
NotDefined,NOTDEFINED,56.2,99.8,99.8,10.1,84.2,84.2,4.19,2.71,1.66,2.6,88.5,99.8,99.8,AWARE2.0 CFs_nonagri,https://zenodo.org/records/16332127/files/AWARE20_Countries_and_Regions.xlsx?download=1
NotDefined,NOTDEFINED,61.9,2.59,3.13,4.56,65.0,100.0,100.0,100.0,100.0,100.0,100.0,58.7,5.61,AWARE2.0 CFs_nonagri,https://zenodo.org/records/16332127/files/AWARE20_Countries_and_Regions.xlsx?download=1
NotDefined,NOTDEFINED,,,,,,,,,,,,,,AWARE2.0 CFs_nonagri,https://zenodo.org/records/16332127/files/AWARE20_Countries_and_Regions.xlsx?download=1
