region,slot_index,utc_timestamp,residual_load_mw,signal_model,source_dataset
DE,0,2022-08-01T00:00:00Z,27528.075,energy_charts_residual_load_minus_wind_solar (real 2022; Load−WindOnshore−WindOffshore−Solar; 15min→1h resample),Energy-Charts / ENTSO-E de 2022-08-01 via https://api.energy-charts.info/public_power?country=de&start=2022-08-01&end=2022-08-04
DE,1,2022-08-01T01:00:00Z,28013.475,energy_charts_residual_load_minus_wind_solar (real 2022; Load−WindOnshore−WindOffshore−Solar; 15min→1h resample),Energy-Charts / ENTSO-E de 2022-08-01 via https://api.energy-charts.info/public_power?country=de&start=2022-08-01&end=2022-08-04
DE,2,2022-08-01T02:00:00Z,29595.15,energy_charts_residual_load_minus_wind_solar (real 2022; Load−WindOnshore−WindOffshore−Solar; 15min→1h resample),Energy-Charts / ENTSO-E de 2022-08-01 via https://api.energy-charts.info/public_power?country=de&start=2022-08-01&end=2022-08-04
DE,3,2022-08-01T03:00:00Z,33352.5,energy_charts_residual_load_minus_wind_solar (real 2022; Load−WindOnshore−WindOffshore−Solar; 15min→1h resample),Energy-Charts / ENTSO-E de 2022-08-01 via https://api.energy-charts.info/public_power?country=de&start=2022-08-01&end=2022-08-04
DE,4,2022-08-01T04:00:00Z,38855.025,energy_charts_residual_load_minus_wind_solar (real 2022; Load−WindOnshore−WindOffshore−Solar; 15min→1h resample),Energy-Charts / ENTSO-E de 2022-08-01 via https://api.energy-charts.info/public_power?country=de&start=2022-08-01&end=2022-08-04
DE,5,2022-08-01T05:00:00Z,42279.4,energy_charts_residual_load_minus_wind_solar (real 2022; Load−WindOnshore−WindOffshore−Solar; 15min→1h resample),Energy-Charts / ENTSO-E de 2022-08-01 via https://api.energy-charts.info/public_power?country=de&start=2022-08-01&end=2022-08-04
DE,6,2022-08-01T06:00:00Z,41456.325,energy_charts_residual_load_minus_wind_solar (real 2022; Load−WindOnshore−WindOffshore−Solar; 15min→1h resample),Energy-Charts / ENTSO-E de 2022-08-01 via https://api.energy-charts.info/public_power?country=de&start=2022-08-01&end=2022-08-04
DE,7,2022-08-01T07:00:00Z,38040.525,energy_charts_residual_load_minus_wind_solar (real 2022; Load−WindOnshore−WindOffshore−Solar; 15min→1h resample),Energy-Charts / ENTSO-E de 2022-08-01 via https://api.energy-charts.info/public_power?country=de&start=2022-08-01&end=2022-08-04
DE,8,2022-08-01T08:00:00Z,35455.8,energy_charts_residual_load_minus_wind_solar (real 2022; Load−WindOnshore−WindOffshore−Solar; 15min→1h resample),Energy-Charts / ENTSO-E de 2022-08-01 via https://api.energy-charts.info/public_power?country=de&start=2022-08-01&end=2022-08-04
DE,9,2022-08-01T09:00:00Z,33785.95,energy_charts_residual_load_minus_wind_solar (real 2022; Load−WindOnshore−WindOffshore−Solar; 15min→1h resample),Energy-Charts / ENTSO-E de 2022-08-01 via https://api.energy-charts.info/public_power?country=de&start=2022-08-01&end=2022-08-04
DE,10,2022-08-01T10:00:00Z,31596.825,energy_charts_residual_load_minus_wind_solar (real 2022; Load−WindOnshore−WindOffshore−Solar; 15min→1h resample),Energy-Charts / ENTSO-E de 2022-08-01 via https://api.energy-charts.info/public_power?country=de&start=2022-08-01&end=2022-08-04
DE,11,2022-08-01T11:00:00Z,30341.875,energy_charts_residual_load_minus_wind_solar (real 2022; Load−WindOnshore−WindOffshore−Solar; 15min→1h resample),Energy-Charts / ENTSO-E de 2022-08-01 via https://api.energy-charts.info/public_power?country=de&start=2022-08-01&end=2022-08-04
DE,12,2022-08-01T12:00:00Z,29894.0,energy_charts_residual_load_minus_wind_solar (real 2022; Load−WindOnshore−WindOffshore−Solar; 15min→1h resample),Energy-Charts / ENTSO-E de 2022-08-01 via https://api.energy-charts.info/public_power?country=de&start=2022-08-01&end=2022-08-04
DE,13,2022-08-01T13:00:00Z,30601.8,energy_charts_residual_load_minus_wind_solar (real 2022; Load−WindOnshore−WindOffshore−Solar; 15min→1h resample),Energy-Charts / ENTSO-E de 2022-08-01 via https://api.energy-charts.info/public_power?country=de&start=2022-08-01&end=2022-08-04
DE,14,2022-08-01T14:00:00Z,32777.625,energy_charts_residual_load_minus_wind_solar (real 2022; Load−WindOnshore−WindOffshore−Solar; 15min→1h resample),Energy-Charts / ENTSO-E de 2022-08-01 via https://api.energy-charts.info/public_power?country=de&start=2022-08-01&end=2022-08-04
DE,15,2022-08-01T15:00:00Z,38152.95,energy_charts_residual_load_minus_wind_solar (real 2022; Load−WindOnshore−WindOffshore−Solar; 15min→1h resample),Energy-Charts / ENTSO-E de 2022-08-01 via https://api.energy-charts.info/public_power?country=de&start=2022-08-01&end=2022-08-04
DE,16,2022-08-01T16:00:00Z,43454.85,energy_charts_residual_load_minus_wind_solar (real 2022; Load−WindOnshore−WindOffshore−Solar; 15min→1h resample),Energy-Charts / ENTSO-E de 2022-08-01 via https://api.energy-charts.info/public_power?country=de&start=2022-08-01&end=2022-08-04
DE,17,2022-08-01T17:00:00Z,47889.775,energy_charts_residual_load_minus_wind_solar (real 2022; Load−WindOnshore−WindOffshore−Solar; 15min→1h resample),Energy-Charts / ENTSO-E de 2022-08-01 via https://api.energy-charts.info/public_power?country=de&start=2022-08-01&end=2022-08-04
DE,18,2022-08-01T18:00:00Z,49688.275,energy_charts_residual_load_minus_wind_solar (real 2022; Load−WindOnshore−WindOffshore−Solar; 15min→1h resample),Energy-Charts / ENTSO-E de 2022-08-01 via https://api.energy-charts.info/public_power?country=de&start=2022-08-01&end=2022-08-04
DE,19,2022-08-01T19:00:00Z,48923.225,energy_charts_residual_load_minus_wind_solar (real 2022; Load−WindOnshore−WindOffshore−Solar; 15min→1h resample),Energy-Charts / ENTSO-E de 2022-08-01 via https://api.energy-charts.info/public_power?country=de&start=2022-08-01&end=2022-08-04
DE,20,2022-08-01T20:00:00Z,46189.775,energy_charts_residual_load_minus_wind_solar (real 2022; Load−WindOnshore−WindOffshore−Solar; 15min→1h resample),Energy-Charts / ENTSO-E de 2022-08-01 via https://api.energy-charts.info/public_power?country=de&start=2022-08-01&end=2022-08-04
DE,21,2022-08-01T21:00:00Z,43051.15,energy_charts_residual_load_minus_wind_solar (real 2022; Load−WindOnshore−WindOffshore−Solar; 15min→1h resample),Energy-Charts / ENTSO-E de 2022-08-01 via https://api.energy-charts.info/public_power?country=de&start=2022-08-01&end=2022-08-04
DE,22,2022-08-01T22:00:00Z,40867.375,energy_charts_residual_load_minus_wind_solar (real 2022; Load−WindOnshore−WindOffshore−Solar; 15min→1h resample),Energy-Charts / ENTSO-E de 2022-08-01 via https://api.energy-charts.info/public_power?country=de&start=2022-08-01&end=2022-08-04
DE,23,2022-08-01T23:00:00Z,39687.1,energy_charts_residual_load_minus_wind_solar (real 2022; Load−WindOnshore−WindOffshore−Solar; 15min→1h resample),Energy-Charts / ENTSO-E de 2022-08-01 via https://api.energy-charts.info/public_power?country=de&start=2022-08-01&end=2022-08-04
DE,24,2022-08-02T00:00:00Z,39004.55,energy_charts_residual_load_minus_wind_solar (real 2022; Load−WindOnshore−WindOffshore−Solar; 15min→1h resample),Energy-Charts / ENTSO-E de 2022-08-01 via https://api.energy-charts.info/public_power?country=de&start=2022-08-01&end=2022-08-04
DE,25,2022-08-02T01:00:00Z,38773.975,energy_charts_residual_load_minus_wind_solar (real 2022; Load−WindOnshore−WindOffshore−Solar; 15min→1h resample),Energy-Charts / ENTSO-E de 2022-08-01 via https://api.energy-charts.info/public_power?country=de&start=2022-08-01&end=2022-08-04
DE,26,2022-08-02T02:00:00Z,39172.775,energy_charts_residual_load_minus_wind_solar (real 2022; Load−WindOnshore−WindOffshore−Solar; 15min→1h resample),Energy-Charts / ENTSO-E de 2022-08-01 via https://api.energy-charts.info/public_power?country=de&start=2022-08-01&end=2022-08-04
DE,27,2022-08-02T03:00:00Z,41071.85,energy_charts_residual_load_minus_wind_solar (real 2022; Load−WindOnshore−WindOffshore−Solar; 15min→1h resample),Energy-Charts / ENTSO-E de 2022-08-01 via https://api.energy-charts.info/public_power?country=de&start=2022-08-01&end=2022-08-04
DE,28,2022-08-02T04:00:00Z,44411.45,energy_charts_residual_load_minus_wind_solar (real 2022; Load−WindOnshore−WindOffshore−Solar; 15min→1h resample),Energy-Charts / ENTSO-E de 2022-08-01 via https://api.energy-charts.info/public_power?country=de&start=2022-08-01&end=2022-08-04
DE,29,2022-08-02T05:00:00Z,44159.6,energy_charts_residual_load_minus_wind_solar (real 2022; Load−WindOnshore−WindOffshore−Solar; 15min→1h resample),Energy-Charts / ENTSO-E de 2022-08-01 via https://api.energy-charts.info/public_power?country=de&start=2022-08-01&end=2022-08-04
DE,30,2022-08-02T06:00:00Z,41043.425,energy_charts_residual_load_minus_wind_solar (real 2022; Load−WindOnshore−WindOffshore−Solar; 15min→1h resample),Energy-Charts / ENTSO-E de 2022-08-01 via https://api.energy-charts.info/public_power?country=de&start=2022-08-01&end=2022-08-04
DE,31,2022-08-02T07:00:00Z,34726.525,energy_charts_residual_load_minus_wind_solar (real 2022; Load−WindOnshore−WindOffshore−Solar; 15min→1h resample),Energy-Charts / ENTSO-E de 2022-08-01 via https://api.energy-charts.info/public_power?country=de&start=2022-08-01&end=2022-08-04
DE,32,2022-08-02T08:00:00Z,28715.7,energy_charts_residual_load_minus_wind_solar (real 2022; Load−WindOnshore−WindOffshore−Solar; 15min→1h resample),Energy-Charts / ENTSO-E de 2022-08-01 via https://api.energy-charts.info/public_power?country=de&start=2022-08-01&end=2022-08-04
DE,33,2022-08-02T09:00:00Z,24731.15,energy_charts_residual_load_minus_wind_solar (real 2022; Load−WindOnshore−WindOffshore−Solar; 15min→1h resample),Energy-Charts / ENTSO-E de 2022-08-01 via https://api.energy-charts.info/public_power?country=de&start=2022-08-01&end=2022-08-04
DE,34,2022-08-02T10:00:00Z,22171.475,energy_charts_residual_load_minus_wind_solar (real 2022; Load−WindOnshore−WindOffshore−Solar; 15min→1h resample),Energy-Charts / ENTSO-E de 2022-08-01 via https://api.energy-charts.info/public_power?country=de&start=2022-08-01&end=2022-08-04
DE,35,2022-08-02T11:00:00Z,20228.95,energy_charts_residual_load_minus_wind_solar (real 2022; Load−WindOnshore−WindOffshore−Solar; 15min→1h resample),Energy-Charts / ENTSO-E de 2022-08-01 via https://api.energy-charts.info/public_power?country=de&start=2022-08-01&end=2022-08-04
DE,36,2022-08-02T12:00:00Z,20020.7,energy_charts_residual_load_minus_wind_solar (real 2022; Load−WindOnshore−WindOffshore−Solar; 15min→1h resample),Energy-Charts / ENTSO-E de 2022-08-01 via https://api.energy-charts.info/public_power?country=de&start=2022-08-01&end=2022-08-04
DE,37,2022-08-02T13:00:00Z,22059.625,energy_charts_residual_load_minus_wind_solar (real 2022; Load−WindOnshore−WindOffshore−Solar; 15min→1h resample),Energy-Charts / ENTSO-E de 2022-08-01 via https://api.energy-charts.info/public_power?country=de&start=2022-08-01&end=2022-08-04
DE,38,2022-08-02T14:00:00Z,26674.3,energy_charts_residual_load_minus_wind_solar (real 2022; Load−WindOnshore−WindOffshore−Solar; 15min→1h resample),Energy-Charts / ENTSO-E de 2022-08-01 via https://api.energy-charts.info/public_power?country=de&start=2022-08-01&end=2022-08-04
DE,39,2022-08-02T15:00:00Z,33245.45,energy_charts_residual_load_minus_wind_solar (real 2022; Load−WindOnshore−WindOffshore−Solar; 15min→1h resample),Energy-Charts / ENTSO-E de 2022-08-01 via https://api.energy-charts.info/public_power?country=de&start=2022-08-01&end=2022-08-04
DE,40,2022-08-02T16:00:00Z,40182.7,energy_charts_residual_load_minus_wind_solar (real 2022; Load−WindOnshore−WindOffshore−Solar; 15min→1h resample),Energy-Charts / ENTSO-E de 2022-08-01 via https://api.energy-charts.info/public_power?country=de&start=2022-08-01&end=2022-08-04
DE,41,2022-08-02T17:00:00Z,45483.175,energy_charts_residual_load_minus_wind_solar (real 2022; Load−WindOnshore−WindOffshore−Solar; 15min→1h resample),Energy-Charts / ENTSO-E de 2022-08-01 via https://api.energy-charts.info/public_power?country=de&start=2022-08-01&end=2022-08-04
DE,42,2022-08-02T18:00:00Z,47525.9,energy_charts_residual_load_minus_wind_solar (real 2022; Load−WindOnshore−WindOffshore−Solar; 15min→1h resample),Energy-Charts / ENTSO-E de 2022-08-01 via https://api.energy-charts.info/public_power?country=de&start=2022-08-01&end=2022-08-04
DE,43,2022-08-02T19:00:00Z,47112.15,energy_charts_residual_load_minus_wind_solar (real 2022; Load−WindOnshore−WindOffshore−Solar; 15min→1h resample),Energy-Charts / ENTSO-E de 2022-08-01 via https://api.energy-charts.info/public_power?country=de&start=2022-08-01&end=2022-08-04
DE,44,2022-08-02T20:00:00Z,44556.275,energy_charts_residual_load_minus_wind_solar (real 2022; Load−WindOnshore−WindOffshore−Solar; 15min→1h resample),Energy-Charts / ENTSO-E de 2022-08-01 via https://api.energy-charts.info/public_power?country=de&start=2022-08-01&end=2022-08-04
DE,45,2022-08-02T21:00:00Z,41004.05,energy_charts_residual_load_minus_wind_solar (real 2022; Load−WindOnshore−WindOffshore−Solar; 15min→1h resample),Energy-Charts / ENTSO-E de 2022-08-01 via https://api.energy-charts.info/public_power?country=de&start=2022-08-01&end=2022-08-04
DE,46,2022-08-02T22:00:00Z,38267.65,energy_charts_residual_load_minus_wind_solar (real 2022; Load−WindOnshore−WindOffshore−Solar; 15min→1h resample),Energy-Charts / ENTSO-E de 2022-08-01 via https://api.energy-charts.info/public_power?country=de&start=2022-08-01&end=2022-08-04
DE,47,2022-08-02T23:00:00Z,36107.1,energy_charts_residual_load_minus_wind_solar (real 2022; Load−WindOnshore−WindOffshore−Solar; 15min→1h resample),Energy-Charts / ENTSO-E de 2022-08-01 via https://api.energy-charts.info/public_power?country=de&start=2022-08-01&end=2022-08-04
DE,48,2022-08-03T00:00:00Z,34321.975,energy_charts_residual_load_minus_wind_solar (real 2022; Load−WindOnshore−WindOffshore−Solar; 15min→1h resample),Energy-Charts / ENTSO-E de 2022-08-01 via https://api.energy-charts.info/public_power?country=de&start=2022-08-01&end=2022-08-04
DE,49,2022-08-03T01:00:00Z,33716.85,energy_charts_residual_load_minus_wind_solar (real 2022; Load−WindOnshore−WindOffshore−Solar; 15min→1h resample),Energy-Charts / ENTSO-E de 2022-08-01 via https://api.energy-charts.info/public_power?country=de&start=2022-08-01&end=2022-08-04
DE,50,2022-08-03T02:00:00Z,34075.8,energy_charts_residual_load_minus_wind_solar (real 2022; Load−WindOnshore−WindOffshore−Solar; 15min→1h resample),Energy-Charts / ENTSO-E de 2022-08-01 via https://api.energy-charts.info/public_power?country=de&start=2022-08-01&end=2022-08-04
DE,51,2022-08-03T03:00:00Z,36261.25,energy_charts_residual_load_minus_wind_solar (real 2022; Load−WindOnshore−WindOffshore−Solar; 15min→1h resample),Energy-Charts / ENTSO-E de 2022-08-01 via https://api.energy-charts.info/public_power?country=de&start=2022-08-01&end=2022-08-04
DE,52,2022-08-03T04:00:00Z,40465.925,energy_charts_residual_load_minus_wind_solar (real 2022; Load−WindOnshore−WindOffshore−Solar; 15min→1h resample),Energy-Charts / ENTSO-E de 2022-08-01 via https://api.energy-charts.info/public_power?country=de&start=2022-08-01&end=2022-08-04
DE,53,2022-08-03T05:00:00Z,42007.175,energy_charts_residual_load_minus_wind_solar (real 2022; Load−WindOnshore−WindOffshore−Solar; 15min→1h resample),Energy-Charts / ENTSO-E de 2022-08-01 via https://api.energy-charts.info/public_power?country=de&start=2022-08-01&end=2022-08-04
DE,54,2022-08-03T06:00:00Z,39265.875,energy_charts_residual_load_minus_wind_solar (real 2022; Load−WindOnshore−WindOffshore−Solar; 15min→1h resample),Energy-Charts / ENTSO-E de 2022-08-01 via https://api.energy-charts.info/public_power?country=de&start=2022-08-01&end=2022-08-04
DE,55,2022-08-03T07:00:00Z,33204.75,energy_charts_residual_load_minus_wind_solar (real 2022; Load−WindOnshore−WindOffshore−Solar; 15min→1h resample),Energy-Charts / ENTSO-E de 2022-08-01 via https://api.energy-charts.info/public_power?country=de&start=2022-08-01&end=2022-08-04
DE,56,2022-08-03T08:00:00Z,28077.15,energy_charts_residual_load_minus_wind_solar (real 2022; Load−WindOnshore−WindOffshore−Solar; 15min→1h resample),Energy-Charts / ENTSO-E de 2022-08-01 via https://api.energy-charts.info/public_power?country=de&start=2022-08-01&end=2022-08-04
DE,57,2022-08-03T09:00:00Z,23913.075,energy_charts_residual_load_minus_wind_solar (real 2022; Load−WindOnshore−WindOffshore−Solar; 15min→1h resample),Energy-Charts / ENTSO-E de 2022-08-01 via https://api.energy-charts.info/public_power?country=de&start=2022-08-01&end=2022-08-04
DE,58,2022-08-03T10:00:00Z,21497.1,energy_charts_residual_load_minus_wind_solar (real 2022; Load−WindOnshore−WindOffshore−Solar; 15min→1h resample),Energy-Charts / ENTSO-E de 2022-08-01 via https://api.energy-charts.info/public_power?country=de&start=2022-08-01&end=2022-08-04
DE,59,2022-08-03T11:00:00Z,21141.6,energy_charts_residual_load_minus_wind_solar (real 2022; Load−WindOnshore−WindOffshore−Solar; 15min→1h resample),Energy-Charts / ENTSO-E de 2022-08-01 via https://api.energy-charts.info/public_power?country=de&start=2022-08-01&end=2022-08-04
DE,60,2022-08-03T12:00:00Z,21694.325,energy_charts_residual_load_minus_wind_solar (real 2022; Load−WindOnshore−WindOffshore−Solar; 15min→1h resample),Energy-Charts / ENTSO-E de 2022-08-01 via https://api.energy-charts.info/public_power?country=de&start=2022-08-01&end=2022-08-04
DE,61,2022-08-03T13:00:00Z,24293.7,energy_charts_residual_load_minus_wind_solar (real 2022; Load−WindOnshore−WindOffshore−Solar; 15min→1h resample),Energy-Charts / ENTSO-E de 2022-08-01 via https://api.energy-charts.info/public_power?country=de&start=2022-08-01&end=2022-08-04
DE,62,2022-08-03T14:00:00Z,28407.55,energy_charts_residual_load_minus_wind_solar (real 2022; Load−WindOnshore−WindOffshore−Solar; 15min→1h resample),Energy-Charts / ENTSO-E de 2022-08-01 via https://api.energy-charts.info/public_power?country=de&start=2022-08-01&end=2022-08-04
DE,63,2022-08-03T15:00:00Z,35730.4,energy_charts_residual_load_minus_wind_solar (real 2022; Load−WindOnshore−WindOffshore−Solar; 15min→1h resample),Energy-Charts / ENTSO-E de 2022-08-01 via https://api.energy-charts.info/public_power?country=de&start=2022-08-01&end=2022-08-04
DE,64,2022-08-03T16:00:00Z,44237.275,energy_charts_residual_load_minus_wind_solar (real 2022; Load−WindOnshore−WindOffshore−Solar; 15min→1h resample),Energy-Charts / ENTSO-E de 2022-08-01 via https://api.energy-charts.info/public_power?country=de&start=2022-08-01&end=2022-08-04
DE,65,2022-08-03T17:00:00Z,50539.45,energy_charts_residual_load_minus_wind_solar (real 2022; Load−WindOnshore−WindOffshore−Solar; 15min→1h resample),Energy-Charts / ENTSO-E de 2022-08-01 via https://api.energy-charts.info/public_power?country=de&start=2022-08-01&end=2022-08-04
DE,66,2022-08-03T18:00:00Z,52427.3,energy_charts_residual_load_minus_wind_solar (real 2022; Load−WindOnshore−WindOffshore−Solar; 15min→1h resample),Energy-Charts / ENTSO-E de 2022-08-01 via https://api.energy-charts.info/public_power?country=de&start=2022-08-01&end=2022-08-04
DE,67,2022-08-03T19:00:00Z,51448.275,energy_charts_residual_load_minus_wind_solar (real 2022; Load−WindOnshore−WindOffshore−Solar; 15min→1h resample),Energy-Charts / ENTSO-E de 2022-08-01 via https://api.energy-charts.info/public_power?country=de&start=2022-08-01&end=2022-08-04
DE,68,2022-08-03T20:00:00Z,48594.275,energy_charts_residual_load_minus_wind_solar (real 2022; Load−WindOnshore−WindOffshore−Solar; 15min→1h resample),Energy-Charts / ENTSO-E de 2022-08-01 via https://api.energy-charts.info/public_power?country=de&start=2022-08-01&end=2022-08-04
DE,69,2022-08-03T21:00:00Z,44715.0,energy_charts_residual_load_minus_wind_solar (real 2022; Load−WindOnshore−WindOffshore−Solar; 15min→1h resample),Energy-Charts / ENTSO-E de 2022-08-01 via https://api.energy-charts.info/public_power?country=de&start=2022-08-01&end=2022-08-04
DE,70,2022-08-03T22:00:00Z,41411.7,energy_charts_residual_load_minus_wind_solar (real 2022; Load−WindOnshore−WindOffshore−Solar; 15min→1h resample),Energy-Charts / ENTSO-E de 2022-08-01 via https://api.energy-charts.info/public_power?country=de&start=2022-08-01&end=2022-08-04
DE,71,2022-08-03T23:00:00Z,38498.975,energy_charts_residual_load_minus_wind_solar (real 2022; Load−WindOnshore−WindOffshore−Solar; 15min→1h resample),Energy-Charts / ENTSO-E de 2022-08-01 via https://api.energy-charts.info/public_power?country=de&start=2022-08-01&end=2022-08-04
FR,0,2022-08-01T00:00:00Z,33753.0,energy_charts_residual_load_minus_wind_solar (real 2022; Load−WindOnshore−WindOffshore−Solar; 60min→1h resample) [absent treated as 0 MW: ['Wind offshore']],Energy-Charts / ENTSO-E fr 2022-08-01 via https://api.energy-charts.info/public_power?country=fr&start=2022-08-01&end=2022-08-04
FR,1,2022-08-01T01:00:00Z,32502.0,energy_charts_residual_load_minus_wind_solar (real 2022; Load−WindOnshore−WindOffshore−Solar; 60min→1h resample) [absent treated as 0 MW: ['Wind offshore']],Energy-Charts / ENTSO-E fr 2022-08-01 via https://api.energy-charts.info/public_power?country=fr&start=2022-08-01&end=2022-08-04
FR,2,2022-08-01T02:00:00Z,32319.0,energy_charts_residual_load_minus_wind_solar (real 2022; Load−WindOnshore−WindOffshore−Solar; 60min→1h resample) [absent treated as 0 MW: ['Wind offshore']],Energy-Charts / ENTSO-E fr 2022-08-01 via https://api.energy-charts.info/public_power?country=fr&start=2022-08-01&end=2022-08-04
FR,3,2022-08-01T03:00:00Z,33736.0,energy_charts_residual_load_minus_wind_solar (real 2022; Load−WindOnshore−WindOffshore−Solar; 60min→1h resample) [absent treated as 0 MW: ['Wind offshore']],Energy-Charts / ENTSO-E fr 2022-08-01 via https://api.energy-charts.info/public_power?country=fr&start=2022-08-01&end=2022-08-04
FR,4,2022-08-01T04:00:00Z,35868.0,energy_charts_residual_load_minus_wind_solar (real 2022; Load−WindOnshore−WindOffshore−Solar; 60min→1h resample) [absent treated as 0 MW: ['Wind offshore']],Energy-Charts / ENTSO-E fr 2022-08-01 via https://api.energy-charts.info/public_power?country=fr&start=2022-08-01&end=2022-08-04
FR,5,2022-08-01T05:00:00Z,38168.0,energy_charts_residual_load_minus_wind_solar (real 2022; Load−WindOnshore−WindOffshore−Solar; 60min→1h resample) [absent treated as 0 MW: ['Wind offshore']],Energy-Charts / ENTSO-E fr 2022-08-01 via https://api.energy-charts.info/public_power?country=fr&start=2022-08-01&end=2022-08-04
FR,6,2022-08-01T06:00:00Z,40081.0,energy_charts_residual_load_minus_wind_solar (real 2022; Load−WindOnshore−WindOffshore−Solar; 60min→1h resample) [absent treated as 0 MW: ['Wind offshore']],Energy-Charts / ENTSO-E fr 2022-08-01 via https://api.energy-charts.info/public_power?country=fr&start=2022-08-01&end=2022-08-04
FR,7,2022-08-01T07:00:00Z,40373.0,energy_charts_residual_load_minus_wind_solar (real 2022; Load−WindOnshore−WindOffshore−Solar; 60min→1h resample) [absent treated as 0 MW: ['Wind offshore']],Energy-Charts / ENTSO-E fr 2022-08-01 via https://api.energy-charts.info/public_power?country=fr&start=2022-08-01&end=2022-08-04
FR,8,2022-08-01T08:00:00Z,39684.0,energy_charts_residual_load_minus_wind_solar (real 2022; Load−WindOnshore−WindOffshore−Solar; 60min→1h resample) [absent treated as 0 MW: ['Wind offshore']],Energy-Charts / ENTSO-E fr 2022-08-01 via https://api.energy-charts.info/public_power?country=fr&start=2022-08-01&end=2022-08-04
FR,9,2022-08-01T09:00:00Z,39504.0,energy_charts_residual_load_minus_wind_solar (real 2022; Load−WindOnshore−WindOffshore−Solar; 60min→1h resample) [absent treated as 0 MW: ['Wind offshore']],Energy-Charts / ENTSO-E fr 2022-08-01 via https://api.energy-charts.info/public_power?country=fr&start=2022-08-01&end=2022-08-04
FR,10,2022-08-01T10:00:00Z,40318.0,energy_charts_residual_load_minus_wind_solar (real 2022; Load−WindOnshore−WindOffshore−Solar; 60min→1h resample) [absent treated as 0 MW: ['Wind offshore']],Energy-Charts / ENTSO-E fr 2022-08-01 via https://api.energy-charts.info/public_power?country=fr&start=2022-08-01&end=2022-08-04
FR,11,2022-08-01T11:00:00Z,39282.0,energy_charts_residual_load_minus_wind_solar (real 2022; Load−WindOnshore−WindOffshore−Solar; 60min→1h resample) [absent treated as 0 MW: ['Wind offshore']],Energy-Charts / ENTSO-E fr 2022-08-01 via https://api.energy-charts.info/public_power?country=fr&start=2022-08-01&end=2022-08-04
FR,12,2022-08-01T12:00:00Z,38565.0,energy_charts_residual_load_minus_wind_solar (real 2022; Load−WindOnshore−WindOffshore−Solar; 60min→1h resample) [absent treated as 0 MW: ['Wind offshore']],Energy-Charts / ENTSO-E fr 2022-08-01 via https://api.energy-charts.info/public_power?country=fr&start=2022-08-01&end=2022-08-04
FR,13,2022-08-01T13:00:00Z,38070.0,energy_charts_residual_load_minus_wind_solar (real 2022; Load−WindOnshore−WindOffshore−Solar; 60min→1h resample) [absent treated as 0 MW: ['Wind offshore']],Energy-Charts / ENTSO-E fr 2022-08-01 via https://api.energy-charts.info/public_power?country=fr&start=2022-08-01&end=2022-08-04
FR,14,2022-08-01T14:00:00Z,37990.0,energy_charts_residual_load_minus_wind_solar (real 2022; Load−WindOnshore−WindOffshore−Solar; 60min→1h resample) [absent treated as 0 MW: ['Wind offshore']],Energy-Charts / ENTSO-E fr 2022-08-01 via https://api.energy-charts.info/public_power?country=fr&start=2022-08-01&end=2022-08-04
FR,15,2022-08-01T15:00:00Z,38939.0,energy_charts_residual_load_minus_wind_solar (real 2022; Load−WindOnshore−WindOffshore−Solar; 60min→1h resample) [absent treated as 0 MW: ['Wind offshore']],Energy-Charts / ENTSO-E fr 2022-08-01 via https://api.energy-charts.info/public_power?country=fr&start=2022-08-01&end=2022-08-04
FR,16,2022-08-01T16:00:00Z,41849.0,energy_charts_residual_load_minus_wind_solar (real 2022; Load−WindOnshore−WindOffshore−Solar; 60min→1h resample) [absent treated as 0 MW: ['Wind offshore']],Energy-Charts / ENTSO-E fr 2022-08-01 via https://api.energy-charts.info/public_power?country=fr&start=2022-08-01&end=2022-08-04
FR,17,2022-08-01T17:00:00Z,44542.0,energy_charts_residual_load_minus_wind_solar (real 2022; Load−WindOnshore−WindOffshore−Solar; 60min→1h resample) [absent treated as 0 MW: ['Wind offshore']],Energy-Charts / ENTSO-E fr 2022-08-01 via https://api.energy-charts.info/public_power?country=fr&start=2022-08-01&end=2022-08-04
FR,18,2022-08-01T18:00:00Z,44266.0,energy_charts_residual_load_minus_wind_solar (real 2022; Load−WindOnshore−WindOffshore−Solar; 60min→1h resample) [absent treated as 0 MW: ['Wind offshore']],Energy-Charts / ENTSO-E fr 2022-08-01 via https://api.energy-charts.info/public_power?country=fr&start=2022-08-01&end=2022-08-04
FR,19,2022-08-01T19:00:00Z,43599.0,energy_charts_residual_load_minus_wind_solar (real 2022; Load−WindOnshore−WindOffshore−Solar; 60min→1h resample) [absent treated as 0 MW: ['Wind offshore']],Energy-Charts / ENTSO-E fr 2022-08-01 via https://api.energy-charts.info/public_power?country=fr&start=2022-08-01&end=2022-08-04
FR,20,2022-08-01T20:00:00Z,44786.0,energy_charts_residual_load_minus_wind_solar (real 2022; Load−WindOnshore−WindOffshore−Solar; 60min→1h resample) [absent treated as 0 MW: ['Wind offshore']],Energy-Charts / ENTSO-E fr 2022-08-01 via https://api.energy-charts.info/public_power?country=fr&start=2022-08-01&end=2022-08-04
FR,21,2022-08-01T21:00:00Z,43920.0,energy_charts_residual_load_minus_wind_solar (real 2022; Load−WindOnshore−WindOffshore−Solar; 60min→1h resample) [absent treated as 0 MW: ['Wind offshore']],Energy-Charts / ENTSO-E fr 2022-08-01 via https://api.energy-charts.info/public_power?country=fr&start=2022-08-01&end=2022-08-04
FR,22,2022-08-01T22:00:00Z,40092.0,energy_charts_residual_load_minus_wind_solar (real 2022; Load−WindOnshore−WindOffshore−Solar; 60min→1h resample) [absent treated as 0 MW: ['Wind offshore']],Energy-Charts / ENTSO-E fr 2022-08-01 via https://api.energy-charts.info/public_power?country=fr&start=2022-08-01&end=2022-08-04
FR,23,2022-08-01T23:00:00Z,38034.0,energy_charts_residual_load_minus_wind_solar (real 2022; Load−WindOnshore−WindOffshore−Solar; 60min→1h resample) [absent treated as 0 MW: ['Wind offshore']],Energy-Charts / ENTSO-E fr 2022-08-01 via https://api.energy-charts.info/public_power?country=fr&start=2022-08-01&end=2022-08-04
FR,24,2022-08-02T00:00:00Z,36544.0,energy_charts_residual_load_minus_wind_solar (real 2022; Load−WindOnshore−WindOffshore−Solar; 60min→1h resample) [absent treated as 0 MW: ['Wind offshore']],Energy-Charts / ENTSO-E fr 2022-08-01 via https://api.energy-charts.info/public_power?country=fr&start=2022-08-01&end=2022-08-04
FR,25,2022-08-02T01:00:00Z,34553.0,energy_charts_residual_load_minus_wind_solar (real 2022; Load−WindOnshore−WindOffshore−Solar; 60min→1h resample) [absent treated as 0 MW: ['Wind offshore']],Energy-Charts / ENTSO-E fr 2022-08-01 via https://api.energy-charts.info/public_power?country=fr&start=2022-08-01&end=2022-08-04
FR,26,2022-08-02T02:00:00Z,33832.0,energy_charts_residual_load_minus_wind_solar (real 2022; Load−WindOnshore−WindOffshore−Solar; 60min→1h resample) [absent treated as 0 MW: ['Wind offshore']],Energy-Charts / ENTSO-E fr 2022-08-01 via https://api.energy-charts.info/public_power?country=fr&start=2022-08-01&end=2022-08-04
FR,27,2022-08-02T03:00:00Z,34880.0,energy_charts_residual_load_minus_wind_solar (real 2022; Load−WindOnshore−WindOffshore−Solar; 60min→1h resample) [absent treated as 0 MW: ['Wind offshore']],Energy-Charts / ENTSO-E fr 2022-08-01 via https://api.energy-charts.info/public_power?country=fr&start=2022-08-01&end=2022-08-04
FR,28,2022-08-02T04:00:00Z,36626.0,energy_charts_residual_load_minus_wind_solar (real 2022; Load−WindOnshore−WindOffshore−Solar; 60min→1h resample) [absent treated as 0 MW: ['Wind offshore']],Energy-Charts / ENTSO-E fr 2022-08-01 via https://api.energy-charts.info/public_power?country=fr&start=2022-08-01&end=2022-08-04
FR,29,2022-08-02T05:00:00Z,38783.0,energy_charts_residual_load_minus_wind_solar (real 2022; Load−WindOnshore−WindOffshore−Solar; 60min→1h resample) [absent treated as 0 MW: ['Wind offshore']],Energy-Charts / ENTSO-E fr 2022-08-01 via https://api.energy-charts.info/public_power?country=fr&start=2022-08-01&end=2022-08-04
FR,30,2022-08-02T06:00:00Z,40493.0,energy_charts_residual_load_minus_wind_solar (real 2022; Load−WindOnshore−WindOffshore−Solar; 60min→1h resample) [absent treated as 0 MW: ['Wind offshore']],Energy-Charts / ENTSO-E fr 2022-08-01 via https://api.energy-charts.info/public_power?country=fr&start=2022-08-01&end=2022-08-04
FR,31,2022-08-02T07:00:00Z,40238.0,energy_charts_residual_load_minus_wind_solar (real 2022; Load−WindOnshore−WindOffshore−Solar; 60min→1h resample) [absent treated as 0 MW: ['Wind offshore']],Energy-Charts / ENTSO-E fr 2022-08-01 via https://api.energy-charts.info/public_power?country=fr&start=2022-08-01&end=2022-08-04
FR,32,2022-08-02T08:00:00Z,39551.0,energy_charts_residual_load_minus_wind_solar (real 2022; Load−WindOnshore−WindOffshore−Solar; 60min→1h resample) [absent treated as 0 MW: ['Wind offshore']],Energy-Charts / ENTSO-E fr 2022-08-01 via https://api.energy-charts.info/public_power?country=fr&start=2022-08-01&end=2022-08-04
FR,33,2022-08-02T09:00:00Z,39446.0,energy_charts_residual_load_minus_wind_solar (real 2022; Load−WindOnshore−WindOffshore−Solar; 60min→1h resample) [absent treated as 0 MW: ['Wind offshore']],Energy-Charts / ENTSO-E fr 2022-08-01 via https://api.energy-charts.info/public_power?country=fr&start=2022-08-01&end=2022-08-04
FR,34,2022-08-02T10:00:00Z,40351.0,energy_charts_residual_load_minus_wind_solar (real 2022; Load−WindOnshore−WindOffshore−Solar; 60min→1h resample) [absent treated as 0 MW: ['Wind offshore']],Energy-Charts / ENTSO-E fr 2022-08-01 via https://api.energy-charts.info/public_power?country=fr&start=2022-08-01&end=2022-08-04
FR,35,2022-08-02T11:00:00Z,39544.0,energy_charts_residual_load_minus_wind_solar (real 2022; Load−WindOnshore−WindOffshore−Solar; 60min→1h resample) [absent treated as 0 MW: ['Wind offshore']],Energy-Charts / ENTSO-E fr 2022-08-01 via https://api.energy-charts.info/public_power?country=fr&start=2022-08-01&end=2022-08-04
FR,36,2022-08-02T12:00:00Z,39228.0,energy_charts_residual_load_minus_wind_solar (real 2022; Load−WindOnshore−WindOffshore−Solar; 60min→1h resample) [absent treated as 0 MW: ['Wind offshore']],Energy-Charts / ENTSO-E fr 2022-08-01 via https://api.energy-charts.info/public_power?country=fr&start=2022-08-01&end=2022-08-04
FR,37,2022-08-02T13:00:00Z,38934.0,energy_charts_residual_load_minus_wind_solar (real 2022; Load−WindOnshore−WindOffshore−Solar; 60min→1h resample) [absent treated as 0 MW: ['Wind offshore']],Energy-Charts / ENTSO-E fr 2022-08-01 via https://api.energy-charts.info/public_power?country=fr&start=2022-08-01&end=2022-08-04
FR,38,2022-08-02T14:00:00Z,39068.0,energy_charts_residual_load_minus_wind_solar (real 2022; Load−WindOnshore−WindOffshore−Solar; 60min→1h resample) [absent treated as 0 MW: ['Wind offshore']],Energy-Charts / ENTSO-E fr 2022-08-01 via https://api.energy-charts.info/public_power?country=fr&start=2022-08-01&end=2022-08-04
FR,39,2022-08-02T15:00:00Z,40386.0,energy_charts_residual_load_minus_wind_solar (real 2022; Load−WindOnshore−WindOffshore−Solar; 60min→1h resample) [absent treated as 0 MW: ['Wind offshore']],Energy-Charts / ENTSO-E fr 2022-08-01 via https://api.energy-charts.info/public_power?country=fr&start=2022-08-01&end=2022-08-04
FR,40,2022-08-02T16:00:00Z,43159.0,energy_charts_residual_load_minus_wind_solar (real 2022; Load−WindOnshore−WindOffshore−Solar; 60min→1h resample) [absent treated as 0 MW: ['Wind offshore']],Energy-Charts / ENTSO-E fr 2022-08-01 via https://api.energy-charts.info/public_power?country=fr&start=2022-08-01&end=2022-08-04
FR,41,2022-08-02T17:00:00Z,45747.0,energy_charts_residual_load_minus_wind_solar (real 2022; Load−WindOnshore−WindOffshore−Solar; 60min→1h resample) [absent treated as 0 MW: ['Wind offshore']],Energy-Charts / ENTSO-E fr 2022-08-01 via https://api.energy-charts.info/public_power?country=fr&start=2022-08-01&end=2022-08-04
FR,42,2022-08-02T18:00:00Z,45634.0,energy_charts_residual_load_minus_wind_solar (real 2022; Load−WindOnshore−WindOffshore−Solar; 60min→1h resample) [absent treated as 0 MW: ['Wind offshore']],Energy-Charts / ENTSO-E fr 2022-08-01 via https://api.energy-charts.info/public_power?country=fr&start=2022-08-01&end=2022-08-04
FR,43,2022-08-02T19:00:00Z,44791.0,energy_charts_residual_load_minus_wind_solar (real 2022; Load−WindOnshore−WindOffshore−Solar; 60min→1h resample) [absent treated as 0 MW: ['Wind offshore']],Energy-Charts / ENTSO-E fr 2022-08-01 via https://api.energy-charts.info/public_power?country=fr&start=2022-08-01&end=2022-08-04
FR,44,2022-08-02T20:00:00Z,45794.0,energy_charts_residual_load_minus_wind_solar (real 2022; Load−WindOnshore−WindOffshore−Solar; 60min→1h resample) [absent treated as 0 MW: ['Wind offshore']],Energy-Charts / ENTSO-E fr 2022-08-01 via https://api.energy-charts.info/public_power?country=fr&start=2022-08-01&end=2022-08-04
FR,45,2022-08-02T21:00:00Z,44765.0,energy_charts_residual_load_minus_wind_solar (real 2022; Load−WindOnshore−WindOffshore−Solar; 60min→1h resample) [absent treated as 0 MW: ['Wind offshore']],Energy-Charts / ENTSO-E fr 2022-08-01 via https://api.energy-charts.info/public_power?country=fr&start=2022-08-01&end=2022-08-04
FR,46,2022-08-02T22:00:00Z,40836.0,energy_charts_residual_load_minus_wind_solar (real 2022; Load−WindOnshore−WindOffshore−Solar; 60min→1h resample) [absent treated as 0 MW: ['Wind offshore']],Energy-Charts / ENTSO-E fr 2022-08-01 via https://api.energy-charts.info/public_power?country=fr&start=2022-08-01&end=2022-08-04
FR,47,2022-08-02T23:00:00Z,38748.0,energy_charts_residual_load_minus_wind_solar (real 2022; Load−WindOnshore−WindOffshore−Solar; 60min→1h resample) [absent treated as 0 MW: ['Wind offshore']],Energy-Charts / ENTSO-E fr 2022-08-01 via https://api.energy-charts.info/public_power?country=fr&start=2022-08-01&end=2022-08-04
FR,48,2022-08-03T00:00:00Z,37170.0,energy_charts_residual_load_minus_wind_solar (real 2022; Load−WindOnshore−WindOffshore−Solar; 60min→1h resample) [absent treated as 0 MW: ['Wind offshore']],Energy-Charts / ENTSO-E fr 2022-08-01 via https://api.energy-charts.info/public_power?country=fr&start=2022-08-01&end=2022-08-04
FR,49,2022-08-03T01:00:00Z,35256.0,energy_charts_residual_load_minus_wind_solar (real 2022; Load−WindOnshore−WindOffshore−Solar; 60min→1h resample) [absent treated as 0 MW: ['Wind offshore']],Energy-Charts / ENTSO-E fr 2022-08-01 via https://api.energy-charts.info/public_power?country=fr&start=2022-08-01&end=2022-08-04
FR,50,2022-08-03T02:00:00Z,34619.0,energy_charts_residual_load_minus_wind_solar (real 2022; Load−WindOnshore−WindOffshore−Solar; 60min→1h resample) [absent treated as 0 MW: ['Wind offshore']],Energy-Charts / ENTSO-E fr 2022-08-01 via https://api.energy-charts.info/public_power?country=fr&start=2022-08-01&end=2022-08-04
FR,51,2022-08-03T03:00:00Z,35627.0,energy_charts_residual_load_minus_wind_solar (real 2022; Load−WindOnshore−WindOffshore−Solar; 60min→1h resample) [absent treated as 0 MW: ['Wind offshore']],Energy-Charts / ENTSO-E fr 2022-08-01 via https://api.energy-charts.info/public_power?country=fr&start=2022-08-01&end=2022-08-04
FR,52,2022-08-03T04:00:00Z,37433.0,energy_charts_residual_load_minus_wind_solar (real 2022; Load−WindOnshore−WindOffshore−Solar; 60min→1h resample) [absent treated as 0 MW: ['Wind offshore']],Energy-Charts / ENTSO-E fr 2022-08-01 via https://api.energy-charts.info/public_power?country=fr&start=2022-08-01&end=2022-08-04
FR,53,2022-08-03T05:00:00Z,39494.0,energy_charts_residual_load_minus_wind_solar (real 2022; Load−WindOnshore−WindOffshore−Solar; 60min→1h resample) [absent treated as 0 MW: ['Wind offshore']],Energy-Charts / ENTSO-E fr 2022-08-01 via https://api.energy-charts.info/public_power?country=fr&start=2022-08-01&end=2022-08-04
FR,54,2022-08-03T06:00:00Z,41086.0,energy_charts_residual_load_minus_wind_solar (real 2022; Load−WindOnshore−WindOffshore−Solar; 60min→1h resample) [absent treated as 0 MW: ['Wind offshore']],Energy-Charts / ENTSO-E fr 2022-08-01 via https://api.energy-charts.info/public_power?country=fr&start=2022-08-01&end=2022-08-04
FR,55,2022-08-03T07:00:00Z,41517.0,energy_charts_residual_load_minus_wind_solar (real 2022; Load−WindOnshore−WindOffshore−Solar; 60min→1h resample) [absent treated as 0 MW: ['Wind offshore']],Energy-Charts / ENTSO-E fr 2022-08-01 via https://api.energy-charts.info/public_power?country=fr&start=2022-08-01&end=2022-08-04
FR,56,2022-08-03T08:00:00Z,41393.0,energy_charts_residual_load_minus_wind_solar (real 2022; Load−WindOnshore−WindOffshore−Solar; 60min→1h resample) [absent treated as 0 MW: ['Wind offshore']],Energy-Charts / ENTSO-E fr 2022-08-01 via https://api.energy-charts.info/public_power?country=fr&start=2022-08-01&end=2022-08-04
FR,57,2022-08-03T09:00:00Z,41490.0,energy_charts_residual_load_minus_wind_solar (real 2022; Load−WindOnshore−WindOffshore−Solar; 60min→1h resample) [absent treated as 0 MW: ['Wind offshore']],Energy-Charts / ENTSO-E fr 2022-08-01 via https://api.energy-charts.info/public_power?country=fr&start=2022-08-01&end=2022-08-04
FR,58,2022-08-03T10:00:00Z,42107.0,energy_charts_residual_load_minus_wind_solar (real 2022; Load−WindOnshore−WindOffshore−Solar; 60min→1h resample) [absent treated as 0 MW: ['Wind offshore']],Energy-Charts / ENTSO-E fr 2022-08-01 via https://api.energy-charts.info/public_power?country=fr&start=2022-08-01&end=2022-08-04
FR,59,2022-08-03T11:00:00Z,41113.0,energy_charts_residual_load_minus_wind_solar (real 2022; Load−WindOnshore−WindOffshore−Solar; 60min→1h resample) [absent treated as 0 MW: ['Wind offshore']],Energy-Charts / ENTSO-E fr 2022-08-01 via https://api.energy-charts.info/public_power?country=fr&start=2022-08-01&end=2022-08-04
FR,60,2022-08-03T12:00:00Z,40848.0,energy_charts_residual_load_minus_wind_solar (real 2022; Load−WindOnshore−WindOffshore−Solar; 60min→1h resample) [absent treated as 0 MW: ['Wind offshore']],Energy-Charts / ENTSO-E fr 2022-08-01 via https://api.energy-charts.info/public_power?country=fr&start=2022-08-01&end=2022-08-04
FR,61,2022-08-03T13:00:00Z,40638.0,energy_charts_residual_load_minus_wind_solar (real 2022; Load−WindOnshore−WindOffshore−Solar; 60min→1h resample) [absent treated as 0 MW: ['Wind offshore']],Energy-Charts / ENTSO-E fr 2022-08-01 via https://api.energy-charts.info/public_power?country=fr&start=2022-08-01&end=2022-08-04
FR,62,2022-08-03T14:00:00Z,40839.0,energy_charts_residual_load_minus_wind_solar (real 2022; Load−WindOnshore−WindOffshore−Solar; 60min→1h resample) [absent treated as 0 MW: ['Wind offshore']],Energy-Charts / ENTSO-E fr 2022-08-01 via https://api.energy-charts.info/public_power?country=fr&start=2022-08-01&end=2022-08-04
FR,63,2022-08-03T15:00:00Z,41999.0,energy_charts_residual_load_minus_wind_solar (real 2022; Load−WindOnshore−WindOffshore−Solar; 60min→1h resample) [absent treated as 0 MW: ['Wind offshore']],Energy-Charts / ENTSO-E fr 2022-08-01 via https://api.energy-charts.info/public_power?country=fr&start=2022-08-01&end=2022-08-04
FR,64,2022-08-03T16:00:00Z,44464.0,energy_charts_residual_load_minus_wind_solar (real 2022; Load−WindOnshore−WindOffshore−Solar; 60min→1h resample) [absent treated as 0 MW: ['Wind offshore']],Energy-Charts / ENTSO-E fr 2022-08-01 via https://api.energy-charts.info/public_power?country=fr&start=2022-08-01&end=2022-08-04
FR,65,2022-08-03T17:00:00Z,46653.0,energy_charts_residual_load_minus_wind_solar (real 2022; Load−WindOnshore−WindOffshore−Solar; 60min→1h resample) [absent treated as 0 MW: ['Wind offshore']],Energy-Charts / ENTSO-E fr 2022-08-01 via https://api.energy-charts.info/public_power?country=fr&start=2022-08-01&end=2022-08-04
FR,66,2022-08-03T18:00:00Z,46015.0,energy_charts_residual_load_minus_wind_solar (real 2022; Load−WindOnshore−WindOffshore−Solar; 60min→1h resample) [absent treated as 0 MW: ['Wind offshore']],Energy-Charts / ENTSO-E fr 2022-08-01 via https://api.energy-charts.info/public_power?country=fr&start=2022-08-01&end=2022-08-04
FR,67,2022-08-03T19:00:00Z,45095.0,energy_charts_residual_load_minus_wind_solar (real 2022; Load−WindOnshore−WindOffshore−Solar; 60min→1h resample) [absent treated as 0 MW: ['Wind offshore']],Energy-Charts / ENTSO-E fr 2022-08-01 via https://api.energy-charts.info/public_power?country=fr&start=2022-08-01&end=2022-08-04
FR,68,2022-08-03T20:00:00Z,46035.0,energy_charts_residual_load_minus_wind_solar (real 2022; Load−WindOnshore−WindOffshore−Solar; 60min→1h resample) [absent treated as 0 MW: ['Wind offshore']],Energy-Charts / ENTSO-E fr 2022-08-01 via https://api.energy-charts.info/public_power?country=fr&start=2022-08-01&end=2022-08-04
FR,69,2022-08-03T21:00:00Z,44770.0,energy_charts_residual_load_minus_wind_solar (real 2022; Load−WindOnshore−WindOffshore−Solar; 60min→1h resample) [absent treated as 0 MW: ['Wind offshore']],Energy-Charts / ENTSO-E fr 2022-08-01 via https://api.energy-charts.info/public_power?country=fr&start=2022-08-01&end=2022-08-04
FR,70,2022-08-03T22:00:00Z,40810.0,energy_charts_residual_load_minus_wind_solar (real 2022; Load−WindOnshore−WindOffshore−Solar; 60min→1h resample) [absent treated as 0 MW: ['Wind offshore']],Energy-Charts / ENTSO-E fr 2022-08-01 via https://api.energy-charts.info/public_power?country=fr&start=2022-08-01&end=2022-08-04
FR,71,2022-08-03T23:00:00Z,38698.0,energy_charts_residual_load_minus_wind_solar (real 2022; Load−WindOnshore−WindOffshore−Solar; 60min→1h resample) [absent treated as 0 MW: ['Wind offshore']],Energy-Charts / ENTSO-E fr 2022-08-01 via https://api.energy-charts.info/public_power?country=fr&start=2022-08-01&end=2022-08-04
ES,0,2022-08-01T00:00:00Z,16268.0,energy_charts_residual_load_minus_wind_solar (real 2022; Load−WindOnshore−WindOffshore−Solar; 60min→1h resample) [absent treated as 0 MW: ['Wind offshore']],Energy-Charts / ENTSO-E es 2022-08-01 via https://api.energy-charts.info/public_power?country=es&start=2022-08-01&end=2022-08-04
ES,1,2022-08-01T01:00:00Z,16144.0,energy_charts_residual_load_minus_wind_solar (real 2022; Load−WindOnshore−WindOffshore−Solar; 60min→1h resample) [absent treated as 0 MW: ['Wind offshore']],Energy-Charts / ENTSO-E es 2022-08-01 via https://api.energy-charts.info/public_power?country=es&start=2022-08-01&end=2022-08-04
ES,2,2022-08-01T02:00:00Z,16284.0,energy_charts_residual_load_minus_wind_solar (real 2022; Load−WindOnshore−WindOffshore−Solar; 60min→1h resample) [absent treated as 0 MW: ['Wind offshore']],Energy-Charts / ENTSO-E es 2022-08-01 via https://api.energy-charts.info/public_power?country=es&start=2022-08-01&end=2022-08-04
ES,3,2022-08-01T03:00:00Z,17156.0,energy_charts_residual_load_minus_wind_solar (real 2022; Load−WindOnshore−WindOffshore−Solar; 60min→1h resample) [absent treated as 0 MW: ['Wind offshore']],Energy-Charts / ENTSO-E es 2022-08-01 via https://api.energy-charts.info/public_power?country=es&start=2022-08-01&end=2022-08-04
ES,4,2022-08-01T04:00:00Z,19016.0,energy_charts_residual_load_minus_wind_solar (real 2022; Load−WindOnshore−WindOffshore−Solar; 60min→1h resample) [absent treated as 0 MW: ['Wind offshore']],Energy-Charts / ENTSO-E es 2022-08-01 via https://api.energy-charts.info/public_power?country=es&start=2022-08-01&end=2022-08-04
ES,5,2022-08-01T05:00:00Z,21512.0,energy_charts_residual_load_minus_wind_solar (real 2022; Load−WindOnshore−WindOffshore−Solar; 60min→1h resample) [absent treated as 0 MW: ['Wind offshore']],Energy-Charts / ENTSO-E es 2022-08-01 via https://api.energy-charts.info/public_power?country=es&start=2022-08-01&end=2022-08-04
ES,6,2022-08-01T06:00:00Z,22808.0,energy_charts_residual_load_minus_wind_solar (real 2022; Load−WindOnshore−WindOffshore−Solar; 60min→1h resample) [absent treated as 0 MW: ['Wind offshore']],Energy-Charts / ENTSO-E es 2022-08-01 via https://api.energy-charts.info/public_power?country=es&start=2022-08-01&end=2022-08-04
ES,7,2022-08-01T07:00:00Z,22256.0,energy_charts_residual_load_minus_wind_solar (real 2022; Load−WindOnshore−WindOffshore−Solar; 60min→1h resample) [absent treated as 0 MW: ['Wind offshore']],Energy-Charts / ENTSO-E es 2022-08-01 via https://api.energy-charts.info/public_power?country=es&start=2022-08-01&end=2022-08-04
ES,8,2022-08-01T08:00:00Z,19712.0,energy_charts_residual_load_minus_wind_solar (real 2022; Load−WindOnshore−WindOffshore−Solar; 60min→1h resample) [absent treated as 0 MW: ['Wind offshore']],Energy-Charts / ENTSO-E es 2022-08-01 via https://api.energy-charts.info/public_power?country=es&start=2022-08-01&end=2022-08-04
ES,9,2022-08-01T09:00:00Z,19228.0,energy_charts_residual_load_minus_wind_solar (real 2022; Load−WindOnshore−WindOffshore−Solar; 60min→1h resample) [absent treated as 0 MW: ['Wind offshore']],Energy-Charts / ENTSO-E es 2022-08-01 via https://api.energy-charts.info/public_power?country=es&start=2022-08-01&end=2022-08-04
ES,10,2022-08-01T10:00:00Z,20132.0,energy_charts_residual_load_minus_wind_solar (real 2022; Load−WindOnshore−WindOffshore−Solar; 60min→1h resample) [absent treated as 0 MW: ['Wind offshore']],Energy-Charts / ENTSO-E es 2022-08-01 via https://api.energy-charts.info/public_power?country=es&start=2022-08-01&end=2022-08-04
ES,11,2022-08-01T11:00:00Z,20964.0,energy_charts_residual_load_minus_wind_solar (real 2022; Load−WindOnshore−WindOffshore−Solar; 60min→1h resample) [absent treated as 0 MW: ['Wind offshore']],Energy-Charts / ENTSO-E es 2022-08-01 via https://api.energy-charts.info/public_power?country=es&start=2022-08-01&end=2022-08-04
ES,12,2022-08-01T12:00:00Z,20624.0,energy_charts_residual_load_minus_wind_solar (real 2022; Load−WindOnshore−WindOffshore−Solar; 60min→1h resample) [absent treated as 0 MW: ['Wind offshore']],Energy-Charts / ENTSO-E es 2022-08-01 via https://api.energy-charts.info/public_power?country=es&start=2022-08-01&end=2022-08-04
ES,13,2022-08-01T13:00:00Z,20104.0,energy_charts_residual_load_minus_wind_solar (real 2022; Load−WindOnshore−WindOffshore−Solar; 60min→1h resample) [absent treated as 0 MW: ['Wind offshore']],Energy-Charts / ENTSO-E es 2022-08-01 via https://api.energy-charts.info/public_power?country=es&start=2022-08-01&end=2022-08-04
ES,14,2022-08-01T14:00:00Z,19652.0,energy_charts_residual_load_minus_wind_solar (real 2022; Load−WindOnshore−WindOffshore−Solar; 60min→1h resample) [absent treated as 0 MW: ['Wind offshore']],Energy-Charts / ENTSO-E es 2022-08-01 via https://api.energy-charts.info/public_power?country=es&start=2022-08-01&end=2022-08-04
ES,15,2022-08-01T15:00:00Z,19856.0,energy_charts_residual_load_minus_wind_solar (real 2022; Load−WindOnshore−WindOffshore−Solar; 60min→1h resample) [absent treated as 0 MW: ['Wind offshore']],Energy-Charts / ENTSO-E es 2022-08-01 via https://api.energy-charts.info/public_power?country=es&start=2022-08-01&end=2022-08-04
ES,16,2022-08-01T16:00:00Z,20560.0,energy_charts_residual_load_minus_wind_solar (real 2022; Load−WindOnshore−WindOffshore−Solar; 60min→1h resample) [absent treated as 0 MW: ['Wind offshore']],Energy-Charts / ENTSO-E es 2022-08-01 via https://api.energy-charts.info/public_power?country=es&start=2022-08-01&end=2022-08-04
ES,17,2022-08-01T17:00:00Z,20152.0,energy_charts_residual_load_minus_wind_solar (real 2022; Load−WindOnshore−WindOffshore−Solar; 60min→1h resample) [absent treated as 0 MW: ['Wind offshore']],Energy-Charts / ENTSO-E es 2022-08-01 via https://api.energy-charts.info/public_power?country=es&start=2022-08-01&end=2022-08-04
ES,18,2022-08-01T18:00:00Z,22596.0,energy_charts_residual_load_minus_wind_solar (real 2022; Load−WindOnshore−WindOffshore−Solar; 60min→1h resample) [absent treated as 0 MW: ['Wind offshore']],Energy-Charts / ENTSO-E es 2022-08-01 via https://api.energy-charts.info/public_power?country=es&start=2022-08-01&end=2022-08-04
ES,19,2022-08-01T19:00:00Z,26312.0,energy_charts_residual_load_minus_wind_solar (real 2022; Load−WindOnshore−WindOffshore−Solar; 60min→1h resample) [absent treated as 0 MW: ['Wind offshore']],Energy-Charts / ENTSO-E es 2022-08-01 via https://api.energy-charts.info/public_power?country=es&start=2022-08-01&end=2022-08-04
ES,20,2022-08-01T20:00:00Z,26564.0,energy_charts_residual_load_minus_wind_solar (real 2022; Load−WindOnshore−WindOffshore−Solar; 60min→1h resample) [absent treated as 0 MW: ['Wind offshore']],Energy-Charts / ENTSO-E es 2022-08-01 via https://api.energy-charts.info/public_power?country=es&start=2022-08-01&end=2022-08-04
ES,21,2022-08-01T21:00:00Z,23952.0,energy_charts_residual_load_minus_wind_solar (real 2022; Load−WindOnshore−WindOffshore−Solar; 60min→1h resample) [absent treated as 0 MW: ['Wind offshore']],Energy-Charts / ENTSO-E es 2022-08-01 via https://api.energy-charts.info/public_power?country=es&start=2022-08-01&end=2022-08-04
ES,22,2022-08-01T22:00:00Z,22216.0,energy_charts_residual_load_minus_wind_solar (real 2022; Load−WindOnshore−WindOffshore−Solar; 60min→1h resample) [absent treated as 0 MW: ['Wind offshore']],Energy-Charts / ENTSO-E es 2022-08-01 via https://api.energy-charts.info/public_power?country=es&start=2022-08-01&end=2022-08-04
ES,23,2022-08-01T23:00:00Z,20720.0,energy_charts_residual_load_minus_wind_solar (real 2022; Load−WindOnshore−WindOffshore−Solar; 60min→1h resample) [absent treated as 0 MW: ['Wind offshore']],Energy-Charts / ENTSO-E es 2022-08-01 via https://api.energy-charts.info/public_power?country=es&start=2022-08-01&end=2022-08-04
ES,24,2022-08-02T00:00:00Z,19284.0,energy_charts_residual_load_minus_wind_solar (real 2022; Load−WindOnshore−WindOffshore−Solar; 60min→1h resample) [absent treated as 0 MW: ['Wind offshore']],Energy-Charts / ENTSO-E es 2022-08-01 via https://api.energy-charts.info/public_power?country=es&start=2022-08-01&end=2022-08-04
ES,25,2022-08-02T01:00:00Z,19060.0,energy_charts_residual_load_minus_wind_solar (real 2022; Load−WindOnshore−WindOffshore−Solar; 60min→1h resample) [absent treated as 0 MW: ['Wind offshore']],Energy-Charts / ENTSO-E es 2022-08-01 via https://api.energy-charts.info/public_power?country=es&start=2022-08-01&end=2022-08-04
ES,26,2022-08-02T02:00:00Z,19304.0,energy_charts_residual_load_minus_wind_solar (real 2022; Load−WindOnshore−WindOffshore−Solar; 60min→1h resample) [absent treated as 0 MW: ['Wind offshore']],Energy-Charts / ENTSO-E es 2022-08-01 via https://api.energy-charts.info/public_power?country=es&start=2022-08-01&end=2022-08-04
ES,27,2022-08-02T03:00:00Z,20048.0,energy_charts_residual_load_minus_wind_solar (real 2022; Load−WindOnshore−WindOffshore−Solar; 60min→1h resample) [absent treated as 0 MW: ['Wind offshore']],Energy-Charts / ENTSO-E es 2022-08-01 via https://api.energy-charts.info/public_power?country=es&start=2022-08-01&end=2022-08-04
ES,28,2022-08-02T04:00:00Z,21744.0,energy_charts_residual_load_minus_wind_solar (real 2022; Load−WindOnshore−WindOffshore−Solar; 60min→1h resample) [absent treated as 0 MW: ['Wind offshore']],Energy-Charts / ENTSO-E es 2022-08-01 via https://api.energy-charts.info/public_power?country=es&start=2022-08-01&end=2022-08-04
ES,29,2022-08-02T05:00:00Z,23804.0,energy_charts_residual_load_minus_wind_solar (real 2022; Load−WindOnshore−WindOffshore−Solar; 60min→1h resample) [absent treated as 0 MW: ['Wind offshore']],Energy-Charts / ENTSO-E es 2022-08-01 via https://api.energy-charts.info/public_power?country=es&start=2022-08-01&end=2022-08-04
ES,30,2022-08-02T06:00:00Z,24512.0,energy_charts_residual_load_minus_wind_solar (real 2022; Load−WindOnshore−WindOffshore−Solar; 60min→1h resample) [absent treated as 0 MW: ['Wind offshore']],Energy-Charts / ENTSO-E es 2022-08-01 via https://api.energy-charts.info/public_power?country=es&start=2022-08-01&end=2022-08-04
ES,31,2022-08-02T07:00:00Z,23528.0,energy_charts_residual_load_minus_wind_solar (real 2022; Load−WindOnshore−WindOffshore−Solar; 60min→1h resample) [absent treated as 0 MW: ['Wind offshore']],Energy-Charts / ENTSO-E es 2022-08-01 via https://api.energy-charts.info/public_power?country=es&start=2022-08-01&end=2022-08-04
ES,32,2022-08-02T08:00:00Z,21588.0,energy_charts_residual_load_minus_wind_solar (real 2022; Load−WindOnshore−WindOffshore−Solar; 60min→1h resample) [absent treated as 0 MW: ['Wind offshore']],Energy-Charts / ENTSO-E es 2022-08-01 via https://api.energy-charts.info/public_power?country=es&start=2022-08-01&end=2022-08-04
ES,33,2022-08-02T09:00:00Z,20664.0,energy_charts_residual_load_minus_wind_solar (real 2022; Load−WindOnshore−WindOffshore−Solar; 60min→1h resample) [absent treated as 0 MW: ['Wind offshore']],Energy-Charts / ENTSO-E es 2022-08-01 via https://api.energy-charts.info/public_power?country=es&start=2022-08-01&end=2022-08-04
ES,34,2022-08-02T10:00:00Z,20688.0,energy_charts_residual_load_minus_wind_solar (real 2022; Load−WindOnshore−WindOffshore−Solar; 60min→1h resample) [absent treated as 0 MW: ['Wind offshore']],Energy-Charts / ENTSO-E es 2022-08-01 via https://api.energy-charts.info/public_power?country=es&start=2022-08-01&end=2022-08-04
ES,35,2022-08-02T11:00:00Z,20968.0,energy_charts_residual_load_minus_wind_solar (real 2022; Load−WindOnshore−WindOffshore−Solar; 60min→1h resample) [absent treated as 0 MW: ['Wind offshore']],Energy-Charts / ENTSO-E es 2022-08-01 via https://api.energy-charts.info/public_power?country=es&start=2022-08-01&end=2022-08-04
ES,36,2022-08-02T12:00:00Z,20852.0,energy_charts_residual_load_minus_wind_solar (real 2022; Load−WindOnshore−WindOffshore−Solar; 60min→1h resample) [absent treated as 0 MW: ['Wind offshore']],Energy-Charts / ENTSO-E es 2022-08-01 via https://api.energy-charts.info/public_power?country=es&start=2022-08-01&end=2022-08-04
ES,37,2022-08-02T13:00:00Z,20412.0,energy_charts_residual_load_minus_wind_solar (real 2022; Load−WindOnshore−WindOffshore−Solar; 60min→1h resample) [absent treated as 0 MW: ['Wind offshore']],Energy-Charts / ENTSO-E es 2022-08-01 via https://api.energy-charts.info/public_power?country=es&start=2022-08-01&end=2022-08-04
ES,38,2022-08-02T14:00:00Z,20316.0,energy_charts_residual_load_minus_wind_solar (real 2022; Load−WindOnshore−WindOffshore−Solar; 60min→1h resample) [absent treated as 0 MW: ['Wind offshore']],Energy-Charts / ENTSO-E es 2022-08-01 via https://api.energy-charts.info/public_power?country=es&start=2022-08-01&end=2022-08-04
ES,39,2022-08-02T15:00:00Z,20280.0,energy_charts_residual_load_minus_wind_solar (real 2022; Load−WindOnshore−WindOffshore−Solar; 60min→1h resample) [absent treated as 0 MW: ['Wind offshore']],Energy-Charts / ENTSO-E es 2022-08-01 via https://api.energy-charts.info/public_power?country=es&start=2022-08-01&end=2022-08-04
ES,40,2022-08-02T16:00:00Z,20796.0,energy_charts_residual_load_minus_wind_solar (real 2022; Load−WindOnshore−WindOffshore−Solar; 60min→1h resample) [absent treated as 0 MW: ['Wind offshore']],Energy-Charts / ENTSO-E es 2022-08-01 via https://api.energy-charts.info/public_power?country=es&start=2022-08-01&end=2022-08-04
ES,41,2022-08-02T17:00:00Z,21428.0,energy_charts_residual_load_minus_wind_solar (real 2022; Load−WindOnshore−WindOffshore−Solar; 60min→1h resample) [absent treated as 0 MW: ['Wind offshore']],Energy-Charts / ENTSO-E es 2022-08-01 via https://api.energy-charts.info/public_power?country=es&start=2022-08-01&end=2022-08-04
ES,42,2022-08-02T18:00:00Z,23816.0,energy_charts_residual_load_minus_wind_solar (real 2022; Load−WindOnshore−WindOffshore−Solar; 60min→1h resample) [absent treated as 0 MW: ['Wind offshore']],Energy-Charts / ENTSO-E es 2022-08-01 via https://api.energy-charts.info/public_power?country=es&start=2022-08-01&end=2022-08-04
ES,43,2022-08-02T19:00:00Z,27188.0,energy_charts_residual_load_minus_wind_solar (real 2022; Load−WindOnshore−WindOffshore−Solar; 60min→1h resample) [absent treated as 0 MW: ['Wind offshore']],Energy-Charts / ENTSO-E es 2022-08-01 via https://api.energy-charts.info/public_power?country=es&start=2022-08-01&end=2022-08-04
ES,44,2022-08-02T20:00:00Z,27972.0,energy_charts_residual_load_minus_wind_solar (real 2022; Load−WindOnshore−WindOffshore−Solar; 60min→1h resample) [absent treated as 0 MW: ['Wind offshore']],Energy-Charts / ENTSO-E es 2022-08-01 via https://api.energy-charts.info/public_power?country=es&start=2022-08-01&end=2022-08-04
ES,45,2022-08-02T21:00:00Z,26148.0,energy_charts_residual_load_minus_wind_solar (real 2022; Load−WindOnshore−WindOffshore−Solar; 60min→1h resample) [absent treated as 0 MW: ['Wind offshore']],Energy-Charts / ENTSO-E es 2022-08-01 via https://api.energy-charts.info/public_power?country=es&start=2022-08-01&end=2022-08-04
ES,46,2022-08-02T22:00:00Z,24228.0,energy_charts_residual_load_minus_wind_solar (real 2022; Load−WindOnshore−WindOffshore−Solar; 60min→1h resample) [absent treated as 0 MW: ['Wind offshore']],Energy-Charts / ENTSO-E es 2022-08-01 via https://api.energy-charts.info/public_power?country=es&start=2022-08-01&end=2022-08-04
ES,47,2022-08-02T23:00:00Z,22260.0,energy_charts_residual_load_minus_wind_solar (real 2022; Load−WindOnshore−WindOffshore−Solar; 60min→1h resample) [absent treated as 0 MW: ['Wind offshore']],Energy-Charts / ENTSO-E es 2022-08-01 via https://api.energy-charts.info/public_power?country=es&start=2022-08-01&end=2022-08-04
ES,48,2022-08-03T00:00:00Z,20668.0,energy_charts_residual_load_minus_wind_solar (real 2022; Load−WindOnshore−WindOffshore−Solar; 60min→1h resample) [absent treated as 0 MW: ['Wind offshore']],Energy-Charts / ENTSO-E es 2022-08-01 via https://api.energy-charts.info/public_power?country=es&start=2022-08-01&end=2022-08-04
ES,49,2022-08-03T01:00:00Z,20288.0,energy_charts_residual_load_minus_wind_solar (real 2022; Load−WindOnshore−WindOffshore−Solar; 60min→1h resample) [absent treated as 0 MW: ['Wind offshore']],Energy-Charts / ENTSO-E es 2022-08-01 via https://api.energy-charts.info/public_power?country=es&start=2022-08-01&end=2022-08-04
ES,50,2022-08-03T02:00:00Z,19952.0,energy_charts_residual_load_minus_wind_solar (real 2022; Load−WindOnshore−WindOffshore−Solar; 60min→1h resample) [absent treated as 0 MW: ['Wind offshore']],Energy-Charts / ENTSO-E es 2022-08-01 via https://api.energy-charts.info/public_power?country=es&start=2022-08-01&end=2022-08-04
ES,51,2022-08-03T03:00:00Z,19916.0,energy_charts_residual_load_minus_wind_solar (real 2022; Load−WindOnshore−WindOffshore−Solar; 60min→1h resample) [absent treated as 0 MW: ['Wind offshore']],Energy-Charts / ENTSO-E es 2022-08-01 via https://api.energy-charts.info/public_power?country=es&start=2022-08-01&end=2022-08-04
ES,52,2022-08-03T04:00:00Z,20804.0,energy_charts_residual_load_minus_wind_solar (real 2022; Load−WindOnshore−WindOffshore−Solar; 60min→1h resample) [absent treated as 0 MW: ['Wind offshore']],Energy-Charts / ENTSO-E es 2022-08-01 via https://api.energy-charts.info/public_power?country=es&start=2022-08-01&end=2022-08-04
ES,53,2022-08-03T05:00:00Z,22708.0,energy_charts_residual_load_minus_wind_solar (real 2022; Load−WindOnshore−WindOffshore−Solar; 60min→1h resample) [absent treated as 0 MW: ['Wind offshore']],Energy-Charts / ENTSO-E es 2022-08-01 via https://api.energy-charts.info/public_power?country=es&start=2022-08-01&end=2022-08-04
ES,54,2022-08-03T06:00:00Z,23352.0,energy_charts_residual_load_minus_wind_solar (real 2022; Load−WindOnshore−WindOffshore−Solar; 60min→1h resample) [absent treated as 0 MW: ['Wind offshore']],Energy-Charts / ENTSO-E es 2022-08-01 via https://api.energy-charts.info/public_power?country=es&start=2022-08-01&end=2022-08-04
ES,55,2022-08-03T07:00:00Z,22496.0,energy_charts_residual_load_minus_wind_solar (real 2022; Load−WindOnshore−WindOffshore−Solar; 60min→1h resample) [absent treated as 0 MW: ['Wind offshore']],Energy-Charts / ENTSO-E es 2022-08-01 via https://api.energy-charts.info/public_power?country=es&start=2022-08-01&end=2022-08-04
ES,56,2022-08-03T08:00:00Z,19916.0,energy_charts_residual_load_minus_wind_solar (real 2022; Load−WindOnshore−WindOffshore−Solar; 60min→1h resample) [absent treated as 0 MW: ['Wind offshore']],Energy-Charts / ENTSO-E es 2022-08-01 via https://api.energy-charts.info/public_power?country=es&start=2022-08-01&end=2022-08-04
ES,57,2022-08-03T09:00:00Z,18836.0,energy_charts_residual_load_minus_wind_solar (real 2022; Load−WindOnshore−WindOffshore−Solar; 60min→1h resample) [absent treated as 0 MW: ['Wind offshore']],Energy-Charts / ENTSO-E es 2022-08-01 via https://api.energy-charts.info/public_power?country=es&start=2022-08-01&end=2022-08-04
ES,58,2022-08-03T10:00:00Z,19256.0,energy_charts_residual_load_minus_wind_solar (real 2022; Load−WindOnshore−WindOffshore−Solar; 60min→1h resample) [absent treated as 0 MW: ['Wind offshore']],Energy-Charts / ENTSO-E es 2022-08-01 via https://api.energy-charts.info/public_power?country=es&start=2022-08-01&end=2022-08-04
ES,59,2022-08-03T11:00:00Z,20272.0,energy_charts_residual_load_minus_wind_solar (real 2022; Load−WindOnshore−WindOffshore−Solar; 60min→1h resample) [absent treated as 0 MW: ['Wind offshore']],Energy-Charts / ENTSO-E es 2022-08-01 via https://api.energy-charts.info/public_power?country=es&start=2022-08-01&end=2022-08-04
ES,60,2022-08-03T12:00:00Z,20300.0,energy_charts_residual_load_minus_wind_solar (real 2022; Load−WindOnshore−WindOffshore−Solar; 60min→1h resample) [absent treated as 0 MW: ['Wind offshore']],Energy-Charts / ENTSO-E es 2022-08-01 via https://api.energy-charts.info/public_power?country=es&start=2022-08-01&end=2022-08-04
ES,61,2022-08-03T13:00:00Z,19248.0,energy_charts_residual_load_minus_wind_solar (real 2022; Load−WindOnshore−WindOffshore−Solar; 60min→1h resample) [absent treated as 0 MW: ['Wind offshore']],Energy-Charts / ENTSO-E es 2022-08-01 via https://api.energy-charts.info/public_power?country=es&start=2022-08-01&end=2022-08-04
ES,62,2022-08-03T14:00:00Z,19080.0,energy_charts_residual_load_minus_wind_solar (real 2022; Load−WindOnshore−WindOffshore−Solar; 60min→1h resample) [absent treated as 0 MW: ['Wind offshore']],Energy-Charts / ENTSO-E es 2022-08-01 via https://api.energy-charts.info/public_power?country=es&start=2022-08-01&end=2022-08-04
ES,63,2022-08-03T15:00:00Z,18392.0,energy_charts_residual_load_minus_wind_solar (real 2022; Load−WindOnshore−WindOffshore−Solar; 60min→1h resample) [absent treated as 0 MW: ['Wind offshore']],Energy-Charts / ENTSO-E es 2022-08-01 via https://api.energy-charts.info/public_power?country=es&start=2022-08-01&end=2022-08-04
ES,64,2022-08-03T16:00:00Z,18444.0,energy_charts_residual_load_minus_wind_solar (real 2022; Load−WindOnshore−WindOffshore−Solar; 60min→1h resample) [absent treated as 0 MW: ['Wind offshore']],Energy-Charts / ENTSO-E es 2022-08-01 via https://api.energy-charts.info/public_power?country=es&start=2022-08-01&end=2022-08-04
ES,65,2022-08-03T17:00:00Z,18116.0,energy_charts_residual_load_minus_wind_solar (real 2022; Load−WindOnshore−WindOffshore−Solar; 60min→1h resample) [absent treated as 0 MW: ['Wind offshore']],Energy-Charts / ENTSO-E es 2022-08-01 via https://api.energy-charts.info/public_power?country=es&start=2022-08-01&end=2022-08-04
ES,66,2022-08-03T18:00:00Z,20092.0,energy_charts_residual_load_minus_wind_solar (real 2022; Load−WindOnshore−WindOffshore−Solar; 60min→1h resample) [absent treated as 0 MW: ['Wind offshore']],Energy-Charts / ENTSO-E es 2022-08-01 via https://api.energy-charts.info/public_power?country=es&start=2022-08-01&end=2022-08-04
ES,67,2022-08-03T19:00:00Z,23480.0,energy_charts_residual_load_minus_wind_solar (real 2022; Load−WindOnshore−WindOffshore−Solar; 60min→1h resample) [absent treated as 0 MW: ['Wind offshore']],Energy-Charts / ENTSO-E es 2022-08-01 via https://api.energy-charts.info/public_power?country=es&start=2022-08-01&end=2022-08-04
ES,68,2022-08-03T20:00:00Z,24380.0,energy_charts_residual_load_minus_wind_solar (real 2022; Load−WindOnshore−WindOffshore−Solar; 60min→1h resample) [absent treated as 0 MW: ['Wind offshore']],Energy-Charts / ENTSO-E es 2022-08-01 via https://api.energy-charts.info/public_power?country=es&start=2022-08-01&end=2022-08-04
ES,69,2022-08-03T21:00:00Z,22596.0,energy_charts_residual_load_minus_wind_solar (real 2022; Load−WindOnshore−WindOffshore−Solar; 60min→1h resample) [absent treated as 0 MW: ['Wind offshore']],Energy-Charts / ENTSO-E es 2022-08-01 via https://api.energy-charts.info/public_power?country=es&start=2022-08-01&end=2022-08-04
ES,70,2022-08-03T22:00:00Z,19932.0,energy_charts_residual_load_minus_wind_solar (real 2022; Load−WindOnshore−WindOffshore−Solar; 60min→1h resample) [absent treated as 0 MW: ['Wind offshore']],Energy-Charts / ENTSO-E es 2022-08-01 via https://api.energy-charts.info/public_power?country=es&start=2022-08-01&end=2022-08-04
ES,71,2022-08-03T23:00:00Z,19356.0,energy_charts_residual_load_minus_wind_solar (real 2022; Load−WindOnshore−WindOffshore−Solar; 60min→1h resample) [absent treated as 0 MW: ['Wind offshore']],Energy-Charts / ENTSO-E es 2022-08-01 via https://api.energy-charts.info/public_power?country=es&start=2022-08-01&end=2022-08-04
IT-NO,0,2022-08-01T00:00:00Z,24137.0,energy_charts_residual_load_minus_wind_solar (real 2022; Load−WindOnshore−WindOffshore−Solar; 60min→1h resample),Energy-Charts / ENTSO-E it 2022-08-01 via https://api.energy-charts.info/public_power?country=it&start=2022-08-01&end=2022-08-04
IT-NO,1,2022-08-01T01:00:00Z,23480.0,energy_charts_residual_load_minus_wind_solar (real 2022; Load−WindOnshore−WindOffshore−Solar; 60min→1h resample),Energy-Charts / ENTSO-E it 2022-08-01 via https://api.energy-charts.info/public_power?country=it&start=2022-08-01&end=2022-08-04
IT-NO,2,2022-08-01T02:00:00Z,23406.0,energy_charts_residual_load_minus_wind_solar (real 2022; Load−WindOnshore−WindOffshore−Solar; 60min→1h resample),Energy-Charts / ENTSO-E it 2022-08-01 via https://api.energy-charts.info/public_power?country=it&start=2022-08-01&end=2022-08-04
IT-NO,3,2022-08-01T03:00:00Z,24763.0,energy_charts_residual_load_minus_wind_solar (real 2022; Load−WindOnshore−WindOffshore−Solar; 60min→1h resample),Energy-Charts / ENTSO-E it 2022-08-01 via https://api.energy-charts.info/public_power?country=it&start=2022-08-01&end=2022-08-04
IT-NO,4,2022-08-01T04:00:00Z,28082.0,energy_charts_residual_load_minus_wind_solar (real 2022; Load−WindOnshore−WindOffshore−Solar; 60min→1h resample),Energy-Charts / ENTSO-E it 2022-08-01 via https://api.energy-charts.info/public_power?country=it&start=2022-08-01&end=2022-08-04
IT-NO,5,2022-08-01T05:00:00Z,31431.0,energy_charts_residual_load_minus_wind_solar (real 2022; Load−WindOnshore−WindOffshore−Solar; 60min→1h resample),Energy-Charts / ENTSO-E it 2022-08-01 via https://api.energy-charts.info/public_power?country=it&start=2022-08-01&end=2022-08-04
IT-NO,6,2022-08-01T06:00:00Z,33046.0,energy_charts_residual_load_minus_wind_solar (real 2022; Load−WindOnshore−WindOffshore−Solar; 60min→1h resample),Energy-Charts / ENTSO-E it 2022-08-01 via https://api.energy-charts.info/public_power?country=it&start=2022-08-01&end=2022-08-04
IT-NO,7,2022-08-01T07:00:00Z,32184.0,energy_charts_residual_load_minus_wind_solar (real 2022; Load−WindOnshore−WindOffshore−Solar; 60min→1h resample),Energy-Charts / ENTSO-E it 2022-08-01 via https://api.energy-charts.info/public_power?country=it&start=2022-08-01&end=2022-08-04
IT-NO,8,2022-08-01T08:00:00Z,30765.0,energy_charts_residual_load_minus_wind_solar (real 2022; Load−WindOnshore−WindOffshore−Solar; 60min→1h resample),Energy-Charts / ENTSO-E it 2022-08-01 via https://api.energy-charts.info/public_power?country=it&start=2022-08-01&end=2022-08-04
IT-NO,9,2022-08-01T09:00:00Z,29575.0,energy_charts_residual_load_minus_wind_solar (real 2022; Load−WindOnshore−WindOffshore−Solar; 60min→1h resample),Energy-Charts / ENTSO-E it 2022-08-01 via https://api.energy-charts.info/public_power?country=it&start=2022-08-01&end=2022-08-04
IT-NO,10,2022-08-01T10:00:00Z,28221.0,energy_charts_residual_load_minus_wind_solar (real 2022; Load−WindOnshore−WindOffshore−Solar; 60min→1h resample),Energy-Charts / ENTSO-E it 2022-08-01 via https://api.energy-charts.info/public_power?country=it&start=2022-08-01&end=2022-08-04
IT-NO,11,2022-08-01T11:00:00Z,28138.0,energy_charts_residual_load_minus_wind_solar (real 2022; Load−WindOnshore−WindOffshore−Solar; 60min→1h resample),Energy-Charts / ENTSO-E it 2022-08-01 via https://api.energy-charts.info/public_power?country=it&start=2022-08-01&end=2022-08-04
IT-NO,12,2022-08-01T12:00:00Z,29117.0,energy_charts_residual_load_minus_wind_solar (real 2022; Load−WindOnshore−WindOffshore−Solar; 60min→1h resample),Energy-Charts / ENTSO-E it 2022-08-01 via https://api.energy-charts.info/public_power?country=it&start=2022-08-01&end=2022-08-04
IT-NO,13,2022-08-01T13:00:00Z,30158.0,energy_charts_residual_load_minus_wind_solar (real 2022; Load−WindOnshore−WindOffshore−Solar; 60min→1h resample),Energy-Charts / ENTSO-E it 2022-08-01 via https://api.energy-charts.info/public_power?country=it&start=2022-08-01&end=2022-08-04
IT-NO,14,2022-08-01T14:00:00Z,31927.0,energy_charts_residual_load_minus_wind_solar (real 2022; Load−WindOnshore−WindOffshore−Solar; 60min→1h resample),Energy-Charts / ENTSO-E it 2022-08-01 via https://api.energy-charts.info/public_power?country=it&start=2022-08-01&end=2022-08-04
IT-NO,15,2022-08-01T15:00:00Z,33513.0,energy_charts_residual_load_minus_wind_solar (real 2022; Load−WindOnshore−WindOffshore−Solar; 60min→1h resample),Energy-Charts / ENTSO-E it 2022-08-01 via https://api.energy-charts.info/public_power?country=it&start=2022-08-01&end=2022-08-04
IT-NO,16,2022-08-01T16:00:00Z,35820.0,energy_charts_residual_load_minus_wind_solar (real 2022; Load−WindOnshore−WindOffshore−Solar; 60min→1h resample),Energy-Charts / ENTSO-E it 2022-08-01 via https://api.energy-charts.info/public_power?country=it&start=2022-08-01&end=2022-08-04
IT-NO,17,2022-08-01T17:00:00Z,38127.0,energy_charts_residual_load_minus_wind_solar (real 2022; Load−WindOnshore−WindOffshore−Solar; 60min→1h resample),Energy-Charts / ENTSO-E it 2022-08-01 via https://api.energy-charts.info/public_power?country=it&start=2022-08-01&end=2022-08-04
IT-NO,18,2022-08-01T18:00:00Z,38571.0,energy_charts_residual_load_minus_wind_solar (real 2022; Load−WindOnshore−WindOffshore−Solar; 60min→1h resample),Energy-Charts / ENTSO-E it 2022-08-01 via https://api.energy-charts.info/public_power?country=it&start=2022-08-01&end=2022-08-04
IT-NO,19,2022-08-01T19:00:00Z,37908.0,energy_charts_residual_load_minus_wind_solar (real 2022; Load−WindOnshore−WindOffshore−Solar; 60min→1h resample),Energy-Charts / ENTSO-E it 2022-08-01 via https://api.energy-charts.info/public_power?country=it&start=2022-08-01&end=2022-08-04
IT-NO,20,2022-08-01T20:00:00Z,35494.0,energy_charts_residual_load_minus_wind_solar (real 2022; Load−WindOnshore−WindOffshore−Solar; 60min→1h resample),Energy-Charts / ENTSO-E it 2022-08-01 via https://api.energy-charts.info/public_power?country=it&start=2022-08-01&end=2022-08-04
IT-NO,21,2022-08-01T21:00:00Z,33600.0,energy_charts_residual_load_minus_wind_solar (real 2022; Load−WindOnshore−WindOffshore−Solar; 60min→1h resample),Energy-Charts / ENTSO-E it 2022-08-01 via https://api.energy-charts.info/public_power?country=it&start=2022-08-01&end=2022-08-04
IT-NO,22,2022-08-01T22:00:00Z,30631.0,energy_charts_residual_load_minus_wind_solar (real 2022; Load−WindOnshore−WindOffshore−Solar; 60min→1h resample),Energy-Charts / ENTSO-E it 2022-08-01 via https://api.energy-charts.info/public_power?country=it&start=2022-08-01&end=2022-08-04
IT-NO,23,2022-08-01T23:00:00Z,28558.0,energy_charts_residual_load_minus_wind_solar (real 2022; Load−WindOnshore−WindOffshore−Solar; 60min→1h resample),Energy-Charts / ENTSO-E it 2022-08-01 via https://api.energy-charts.info/public_power?country=it&start=2022-08-01&end=2022-08-04
IT-NO,24,2022-08-02T00:00:00Z,27229.0,energy_charts_residual_load_minus_wind_solar (real 2022; Load−WindOnshore−WindOffshore−Solar; 60min→1h resample),Energy-Charts / ENTSO-E it 2022-08-01 via https://api.energy-charts.info/public_power?country=it&start=2022-08-01&end=2022-08-04
IT-NO,25,2022-08-02T01:00:00Z,26853.0,energy_charts_residual_load_minus_wind_solar (real 2022; Load−WindOnshore−WindOffshore−Solar; 60min→1h resample),Energy-Charts / ENTSO-E it 2022-08-01 via https://api.energy-charts.info/public_power?country=it&start=2022-08-01&end=2022-08-04
IT-NO,26,2022-08-02T02:00:00Z,26921.0,energy_charts_residual_load_minus_wind_solar (real 2022; Load−WindOnshore−WindOffshore−Solar; 60min→1h resample),Energy-Charts / ENTSO-E it 2022-08-01 via https://api.energy-charts.info/public_power?country=it&start=2022-08-01&end=2022-08-04
IT-NO,27,2022-08-02T03:00:00Z,28405.0,energy_charts_residual_load_minus_wind_solar (real 2022; Load−WindOnshore−WindOffshore−Solar; 60min→1h resample),Energy-Charts / ENTSO-E it 2022-08-01 via https://api.energy-charts.info/public_power?country=it&start=2022-08-01&end=2022-08-04
IT-NO,28,2022-08-02T04:00:00Z,31090.0,energy_charts_residual_load_minus_wind_solar (real 2022; Load−WindOnshore−WindOffshore−Solar; 60min→1h resample),Energy-Charts / ENTSO-E it 2022-08-01 via https://api.energy-charts.info/public_power?country=it&start=2022-08-01&end=2022-08-04
IT-NO,29,2022-08-02T05:00:00Z,34277.0,energy_charts_residual_load_minus_wind_solar (real 2022; Load−WindOnshore−WindOffshore−Solar; 60min→1h resample),Energy-Charts / ENTSO-E it 2022-08-01 via https://api.energy-charts.info/public_power?country=it&start=2022-08-01&end=2022-08-04
IT-NO,30,2022-08-02T06:00:00Z,36266.0,energy_charts_residual_load_minus_wind_solar (real 2022; Load−WindOnshore−WindOffshore−Solar; 60min→1h resample),Energy-Charts / ENTSO-E it 2022-08-01 via https://api.energy-charts.info/public_power?country=it&start=2022-08-01&end=2022-08-04
IT-NO,31,2022-08-02T07:00:00Z,36135.0,energy_charts_residual_load_minus_wind_solar (real 2022; Load−WindOnshore−WindOffshore−Solar; 60min→1h resample),Energy-Charts / ENTSO-E it 2022-08-01 via https://api.energy-charts.info/public_power?country=it&start=2022-08-01&end=2022-08-04
IT-NO,32,2022-08-02T08:00:00Z,34263.0,energy_charts_residual_load_minus_wind_solar (real 2022; Load−WindOnshore−WindOffshore−Solar; 60min→1h resample),Energy-Charts / ENTSO-E it 2022-08-01 via https://api.energy-charts.info/public_power?country=it&start=2022-08-01&end=2022-08-04
IT-NO,33,2022-08-02T09:00:00Z,32983.0,energy_charts_residual_load_minus_wind_solar (real 2022; Load−WindOnshore−WindOffshore−Solar; 60min→1h resample),Energy-Charts / ENTSO-E it 2022-08-01 via https://api.energy-charts.info/public_power?country=it&start=2022-08-01&end=2022-08-04
IT-NO,34,2022-08-02T10:00:00Z,30991.0,energy_charts_residual_load_minus_wind_solar (real 2022; Load−WindOnshore−WindOffshore−Solar; 60min→1h resample),Energy-Charts / ENTSO-E it 2022-08-01 via https://api.energy-charts.info/public_power?country=it&start=2022-08-01&end=2022-08-04
IT-NO,35,2022-08-02T11:00:00Z,30777.0,energy_charts_residual_load_minus_wind_solar (real 2022; Load−WindOnshore−WindOffshore−Solar; 60min→1h resample),Energy-Charts / ENTSO-E it 2022-08-01 via https://api.energy-charts.info/public_power?country=it&start=2022-08-01&end=2022-08-04
IT-NO,36,2022-08-02T12:00:00Z,31743.0,energy_charts_residual_load_minus_wind_solar (real 2022; Load−WindOnshore−WindOffshore−Solar; 60min→1h resample),Energy-Charts / ENTSO-E it 2022-08-01 via https://api.energy-charts.info/public_power?country=it&start=2022-08-01&end=2022-08-04
IT-NO,37,2022-08-02T13:00:00Z,32789.0,energy_charts_residual_load_minus_wind_solar (real 2022; Load−WindOnshore−WindOffshore−Solar; 60min→1h resample),Energy-Charts / ENTSO-E it 2022-08-01 via https://api.energy-charts.info/public_power?country=it&start=2022-08-01&end=2022-08-04
IT-NO,38,2022-08-02T14:00:00Z,34398.0,energy_charts_residual_load_minus_wind_solar (real 2022; Load−WindOnshore−WindOffshore−Solar; 60min→1h resample),Energy-Charts / ENTSO-E it 2022-08-01 via https://api.energy-charts.info/public_power?country=it&start=2022-08-01&end=2022-08-04
IT-NO,39,2022-08-02T15:00:00Z,35943.0,energy_charts_residual_load_minus_wind_solar (real 2022; Load−WindOnshore−WindOffshore−Solar; 60min→1h resample),Energy-Charts / ENTSO-E it 2022-08-01 via https://api.energy-charts.info/public_power?country=it&start=2022-08-01&end=2022-08-04
IT-NO,40,2022-08-02T16:00:00Z,38357.0,energy_charts_residual_load_minus_wind_solar (real 2022; Load−WindOnshore−WindOffshore−Solar; 60min→1h resample),Energy-Charts / ENTSO-E it 2022-08-01 via https://api.energy-charts.info/public_power?country=it&start=2022-08-01&end=2022-08-04
IT-NO,41,2022-08-02T17:00:00Z,40322.0,energy_charts_residual_load_minus_wind_solar (real 2022; Load−WindOnshore−WindOffshore−Solar; 60min→1h resample),Energy-Charts / ENTSO-E it 2022-08-01 via https://api.energy-charts.info/public_power?country=it&start=2022-08-01&end=2022-08-04
IT-NO,42,2022-08-02T18:00:00Z,40172.0,energy_charts_residual_load_minus_wind_solar (real 2022; Load−WindOnshore−WindOffshore−Solar; 60min→1h resample),Energy-Charts / ENTSO-E it 2022-08-01 via https://api.energy-charts.info/public_power?country=it&start=2022-08-01&end=2022-08-04
IT-NO,43,2022-08-02T19:00:00Z,39063.0,energy_charts_residual_load_minus_wind_solar (real 2022; Load−WindOnshore−WindOffshore−Solar; 60min→1h resample),Energy-Charts / ENTSO-E it 2022-08-01 via https://api.energy-charts.info/public_power?country=it&start=2022-08-01&end=2022-08-04
IT-NO,44,2022-08-02T20:00:00Z,36164.0,energy_charts_residual_load_minus_wind_solar (real 2022; Load−WindOnshore−WindOffshore−Solar; 60min→1h resample),Energy-Charts / ENTSO-E it 2022-08-01 via https://api.energy-charts.info/public_power?country=it&start=2022-08-01&end=2022-08-04
IT-NO,45,2022-08-02T21:00:00Z,33415.0,energy_charts_residual_load_minus_wind_solar (real 2022; Load−WindOnshore−WindOffshore−Solar; 60min→1h resample),Energy-Charts / ENTSO-E it 2022-08-01 via https://api.energy-charts.info/public_power?country=it&start=2022-08-01&end=2022-08-04
IT-NO,46,2022-08-02T22:00:00Z,30572.0,energy_charts_residual_load_minus_wind_solar (real 2022; Load−WindOnshore−WindOffshore−Solar; 60min→1h resample),Energy-Charts / ENTSO-E it 2022-08-01 via https://api.energy-charts.info/public_power?country=it&start=2022-08-01&end=2022-08-04
IT-NO,47,2022-08-02T23:00:00Z,29020.0,energy_charts_residual_load_minus_wind_solar (real 2022; Load−WindOnshore−WindOffshore−Solar; 60min→1h resample),Energy-Charts / ENTSO-E it 2022-08-01 via https://api.energy-charts.info/public_power?country=it&start=2022-08-01&end=2022-08-04
IT-NO,48,2022-08-03T00:00:00Z,27719.0,energy_charts_residual_load_minus_wind_solar (real 2022; Load−WindOnshore−WindOffshore−Solar; 60min→1h resample),Energy-Charts / ENTSO-E it 2022-08-01 via https://api.energy-charts.info/public_power?country=it&start=2022-08-01&end=2022-08-04
IT-NO,49,2022-08-03T01:00:00Z,26929.0,energy_charts_residual_load_minus_wind_solar (real 2022; Load−WindOnshore−WindOffshore−Solar; 60min→1h resample),Energy-Charts / ENTSO-E it 2022-08-01 via https://api.energy-charts.info/public_power?country=it&start=2022-08-01&end=2022-08-04
IT-NO,50,2022-08-03T02:00:00Z,26748.0,energy_charts_residual_load_minus_wind_solar (real 2022; Load−WindOnshore−WindOffshore−Solar; 60min→1h resample),Energy-Charts / ENTSO-E it 2022-08-01 via https://api.energy-charts.info/public_power?country=it&start=2022-08-01&end=2022-08-04
IT-NO,51,2022-08-03T03:00:00Z,27792.0,energy_charts_residual_load_minus_wind_solar (real 2022; Load−WindOnshore−WindOffshore−Solar; 60min→1h resample),Energy-Charts / ENTSO-E it 2022-08-01 via https://api.energy-charts.info/public_power?country=it&start=2022-08-01&end=2022-08-04
IT-NO,52,2022-08-03T04:00:00Z,30127.0,energy_charts_residual_load_minus_wind_solar (real 2022; Load−WindOnshore−WindOffshore−Solar; 60min→1h resample),Energy-Charts / ENTSO-E it 2022-08-01 via https://api.energy-charts.info/public_power?country=it&start=2022-08-01&end=2022-08-04
IT-NO,53,2022-08-03T05:00:00Z,33094.0,energy_charts_residual_load_minus_wind_solar (real 2022; Load−WindOnshore−WindOffshore−Solar; 60min→1h resample),Energy-Charts / ENTSO-E it 2022-08-01 via https://api.energy-charts.info/public_power?country=it&start=2022-08-01&end=2022-08-04
IT-NO,54,2022-08-03T06:00:00Z,34630.0,energy_charts_residual_load_minus_wind_solar (real 2022; Load−WindOnshore−WindOffshore−Solar; 60min→1h resample),Energy-Charts / ENTSO-E it 2022-08-01 via https://api.energy-charts.info/public_power?country=it&start=2022-08-01&end=2022-08-04
IT-NO,55,2022-08-03T07:00:00Z,34275.0,energy_charts_residual_load_minus_wind_solar (real 2022; Load−WindOnshore−WindOffshore−Solar; 60min→1h resample),Energy-Charts / ENTSO-E it 2022-08-01 via https://api.energy-charts.info/public_power?country=it&start=2022-08-01&end=2022-08-04
IT-NO,56,2022-08-03T08:00:00Z,33286.0,energy_charts_residual_load_minus_wind_solar (real 2022; Load−WindOnshore−WindOffshore−Solar; 60min→1h resample),Energy-Charts / ENTSO-E it 2022-08-01 via https://api.energy-charts.info/public_power?country=it&start=2022-08-01&end=2022-08-04
IT-NO,57,2022-08-03T09:00:00Z,32701.0,energy_charts_residual_load_minus_wind_solar (real 2022; Load−WindOnshore−WindOffshore−Solar; 60min→1h resample),Energy-Charts / ENTSO-E it 2022-08-01 via https://api.energy-charts.info/public_power?country=it&start=2022-08-01&end=2022-08-04
IT-NO,58,2022-08-03T10:00:00Z,31539.0,energy_charts_residual_load_minus_wind_solar (real 2022; Load−WindOnshore−WindOffshore−Solar; 60min→1h resample),Energy-Charts / ENTSO-E it 2022-08-01 via https://api.energy-charts.info/public_power?country=it&start=2022-08-01&end=2022-08-04
IT-NO,59,2022-08-03T11:00:00Z,31295.0,energy_charts_residual_load_minus_wind_solar (real 2022; Load−WindOnshore−WindOffshore−Solar; 60min→1h resample),Energy-Charts / ENTSO-E it 2022-08-01 via https://api.energy-charts.info/public_power?country=it&start=2022-08-01&end=2022-08-04
IT-NO,60,2022-08-03T12:00:00Z,32665.0,energy_charts_residual_load_minus_wind_solar (real 2022; Load−WindOnshore−WindOffshore−Solar; 60min→1h resample),Energy-Charts / ENTSO-E it 2022-08-01 via https://api.energy-charts.info/public_power?country=it&start=2022-08-01&end=2022-08-04
IT-NO,61,2022-08-03T13:00:00Z,34136.0,energy_charts_residual_load_minus_wind_solar (real 2022; Load−WindOnshore−WindOffshore−Solar; 60min→1h resample),Energy-Charts / ENTSO-E it 2022-08-01 via https://api.energy-charts.info/public_power?country=it&start=2022-08-01&end=2022-08-04
IT-NO,62,2022-08-03T14:00:00Z,35608.0,energy_charts_residual_load_minus_wind_solar (real 2022; Load−WindOnshore−WindOffshore−Solar; 60min→1h resample),Energy-Charts / ENTSO-E it 2022-08-01 via https://api.energy-charts.info/public_power?country=it&start=2022-08-01&end=2022-08-04
IT-NO,63,2022-08-03T15:00:00Z,37373.0,energy_charts_residual_load_minus_wind_solar (real 2022; Load−WindOnshore−WindOffshore−Solar; 60min→1h resample),Energy-Charts / ENTSO-E it 2022-08-01 via https://api.energy-charts.info/public_power?country=it&start=2022-08-01&end=2022-08-04
IT-NO,64,2022-08-03T16:00:00Z,39698.0,energy_charts_residual_load_minus_wind_solar (real 2022; Load−WindOnshore−WindOffshore−Solar; 60min→1h resample),Energy-Charts / ENTSO-E it 2022-08-01 via https://api.energy-charts.info/public_power?country=it&start=2022-08-01&end=2022-08-04
IT-NO,65,2022-08-03T17:00:00Z,41950.0,energy_charts_residual_load_minus_wind_solar (real 2022; Load−WindOnshore−WindOffshore−Solar; 60min→1h resample),Energy-Charts / ENTSO-E it 2022-08-01 via https://api.energy-charts.info/public_power?country=it&start=2022-08-01&end=2022-08-04
IT-NO,66,2022-08-03T18:00:00Z,42068.0,energy_charts_residual_load_minus_wind_solar (real 2022; Load−WindOnshore−WindOffshore−Solar; 60min→1h resample),Energy-Charts / ENTSO-E it 2022-08-01 via https://api.energy-charts.info/public_power?country=it&start=2022-08-01&end=2022-08-04
IT-NO,67,2022-08-03T19:00:00Z,41198.0,energy_charts_residual_load_minus_wind_solar (real 2022; Load−WindOnshore−WindOffshore−Solar; 60min→1h resample),Energy-Charts / ENTSO-E it 2022-08-01 via https://api.energy-charts.info/public_power?country=it&start=2022-08-01&end=2022-08-04
IT-NO,68,2022-08-03T20:00:00Z,38291.0,energy_charts_residual_load_minus_wind_solar (real 2022; Load−WindOnshore−WindOffshore−Solar; 60min→1h resample),Energy-Charts / ENTSO-E it 2022-08-01 via https://api.energy-charts.info/public_power?country=it&start=2022-08-01&end=2022-08-04
IT-NO,69,2022-08-03T21:00:00Z,35469.0,energy_charts_residual_load_minus_wind_solar (real 2022; Load−WindOnshore−WindOffshore−Solar; 60min→1h resample),Energy-Charts / ENTSO-E it 2022-08-01 via https://api.energy-charts.info/public_power?country=it&start=2022-08-01&end=2022-08-04
IT-NO,70,2022-08-03T22:00:00Z,32631.0,energy_charts_residual_load_minus_wind_solar (real 2022; Load−WindOnshore−WindOffshore−Solar; 60min→1h resample),Energy-Charts / ENTSO-E it 2022-08-01 via https://api.energy-charts.info/public_power?country=it&start=2022-08-01&end=2022-08-04
IT-NO,71,2022-08-03T23:00:00Z,30699.0,energy_charts_residual_load_minus_wind_solar (real 2022; Load−WindOnshore−WindOffshore−Solar; 60min→1h resample),Energy-Charts / ENTSO-E it 2022-08-01 via https://api.energy-charts.info/public_power?country=it&start=2022-08-01&end=2022-08-04
SE,0,2022-08-01T00:00:00Z,8250.8,energy_charts_residual_load_minus_wind_solar (real 2022; Load−WindOnshore−WindOffshore−Solar; 60min→1h resample) [absent treated as 0 MW: ['Wind offshore']],Energy-Charts / ENTSO-E se 2022-08-01 via https://api.energy-charts.info/public_power?country=se&start=2022-08-01&end=2022-08-04
SE,1,2022-08-01T01:00:00Z,8409.9,energy_charts_residual_load_minus_wind_solar (real 2022; Load−WindOnshore−WindOffshore−Solar; 60min→1h resample) [absent treated as 0 MW: ['Wind offshore']],Energy-Charts / ENTSO-E se 2022-08-01 via https://api.energy-charts.info/public_power?country=se&start=2022-08-01&end=2022-08-04
SE,2,2022-08-01T02:00:00Z,8453.0,energy_charts_residual_load_minus_wind_solar (real 2022; Load−WindOnshore−WindOffshore−Solar; 60min→1h resample) [absent treated as 0 MW: ['Wind offshore']],Energy-Charts / ENTSO-E se 2022-08-01 via https://api.energy-charts.info/public_power?country=se&start=2022-08-01&end=2022-08-04
SE,3,2022-08-01T03:00:00Z,8524.0,energy_charts_residual_load_minus_wind_solar (real 2022; Load−WindOnshore−WindOffshore−Solar; 60min→1h resample) [absent treated as 0 MW: ['Wind offshore']],Energy-Charts / ENTSO-E se 2022-08-01 via https://api.energy-charts.info/public_power?country=se&start=2022-08-01&end=2022-08-04
SE,4,2022-08-01T04:00:00Z,9279.8,energy_charts_residual_load_minus_wind_solar (real 2022; Load−WindOnshore−WindOffshore−Solar; 60min→1h resample) [absent treated as 0 MW: ['Wind offshore']],Energy-Charts / ENTSO-E se 2022-08-01 via https://api.energy-charts.info/public_power?country=se&start=2022-08-01&end=2022-08-04
SE,5,2022-08-01T05:00:00Z,10293.7,energy_charts_residual_load_minus_wind_solar (real 2022; Load−WindOnshore−WindOffshore−Solar; 60min→1h resample) [absent treated as 0 MW: ['Wind offshore']],Energy-Charts / ENTSO-E se 2022-08-01 via https://api.energy-charts.info/public_power?country=se&start=2022-08-01&end=2022-08-04
SE,6,2022-08-01T06:00:00Z,11098.9,energy_charts_residual_load_minus_wind_solar (real 2022; Load−WindOnshore−WindOffshore−Solar; 60min→1h resample) [absent treated as 0 MW: ['Wind offshore']],Energy-Charts / ENTSO-E se 2022-08-01 via https://api.energy-charts.info/public_power?country=se&start=2022-08-01&end=2022-08-04
SE,7,2022-08-01T07:00:00Z,11567.9,energy_charts_residual_load_minus_wind_solar (real 2022; Load−WindOnshore−WindOffshore−Solar; 60min→1h resample) [absent treated as 0 MW: ['Wind offshore']],Energy-Charts / ENTSO-E se 2022-08-01 via https://api.energy-charts.info/public_power?country=se&start=2022-08-01&end=2022-08-04
SE,8,2022-08-01T08:00:00Z,11692.2,energy_charts_residual_load_minus_wind_solar (real 2022; Load−WindOnshore−WindOffshore−Solar; 60min→1h resample) [absent treated as 0 MW: ['Wind offshore']],Energy-Charts / ENTSO-E se 2022-08-01 via https://api.energy-charts.info/public_power?country=se&start=2022-08-01&end=2022-08-04
SE,9,2022-08-01T09:00:00Z,11341.3,energy_charts_residual_load_minus_wind_solar (real 2022; Load−WindOnshore−WindOffshore−Solar; 60min→1h resample) [absent treated as 0 MW: ['Wind offshore']],Energy-Charts / ENTSO-E se 2022-08-01 via https://api.energy-charts.info/public_power?country=se&start=2022-08-01&end=2022-08-04
SE,10,2022-08-01T10:00:00Z,11143.2,energy_charts_residual_load_minus_wind_solar (real 2022; Load−WindOnshore−WindOffshore−Solar; 60min→1h resample) [absent treated as 0 MW: ['Wind offshore']],Energy-Charts / ENTSO-E se 2022-08-01 via https://api.energy-charts.info/public_power?country=se&start=2022-08-01&end=2022-08-04
SE,11,2022-08-01T11:00:00Z,10542.8,energy_charts_residual_load_minus_wind_solar (real 2022; Load−WindOnshore−WindOffshore−Solar; 60min→1h resample) [absent treated as 0 MW: ['Wind offshore']],Energy-Charts / ENTSO-E se 2022-08-01 via https://api.energy-charts.info/public_power?country=se&start=2022-08-01&end=2022-08-04
SE,12,2022-08-01T12:00:00Z,10202.4,energy_charts_residual_load_minus_wind_solar (real 2022; Load−WindOnshore−WindOffshore−Solar; 60min→1h resample) [absent treated as 0 MW: ['Wind offshore']],Energy-Charts / ENTSO-E se 2022-08-01 via https://api.energy-charts.info/public_power?country=se&start=2022-08-01&end=2022-08-04
SE,13,2022-08-01T13:00:00Z,9897.8,energy_charts_residual_load_minus_wind_solar (real 2022; Load−WindOnshore−WindOffshore−Solar; 60min→1h resample) [absent treated as 0 MW: ['Wind offshore']],Energy-Charts / ENTSO-E se 2022-08-01 via https://api.energy-charts.info/public_power?country=se&start=2022-08-01&end=2022-08-04
SE,14,2022-08-01T14:00:00Z,9774.7,energy_charts_residual_load_minus_wind_solar (real 2022; Load−WindOnshore−WindOffshore−Solar; 60min→1h resample) [absent treated as 0 MW: ['Wind offshore']],Energy-Charts / ENTSO-E se 2022-08-01 via https://api.energy-charts.info/public_power?country=se&start=2022-08-01&end=2022-08-04
SE,15,2022-08-01T15:00:00Z,9976.8,energy_charts_residual_load_minus_wind_solar (real 2022; Load−WindOnshore−WindOffshore−Solar; 60min→1h resample) [absent treated as 0 MW: ['Wind offshore']],Energy-Charts / ENTSO-E se 2022-08-01 via https://api.energy-charts.info/public_power?country=se&start=2022-08-01&end=2022-08-04
SE,16,2022-08-01T16:00:00Z,9903.7,energy_charts_residual_load_minus_wind_solar (real 2022; Load−WindOnshore−WindOffshore−Solar; 60min→1h resample) [absent treated as 0 MW: ['Wind offshore']],Energy-Charts / ENTSO-E se 2022-08-01 via https://api.energy-charts.info/public_power?country=se&start=2022-08-01&end=2022-08-04
SE,17,2022-08-01T17:00:00Z,9775.3,energy_charts_residual_load_minus_wind_solar (real 2022; Load−WindOnshore−WindOffshore−Solar; 60min→1h resample) [absent treated as 0 MW: ['Wind offshore']],Energy-Charts / ENTSO-E se 2022-08-01 via https://api.energy-charts.info/public_power?country=se&start=2022-08-01&end=2022-08-04
SE,18,2022-08-01T18:00:00Z,9695.8,energy_charts_residual_load_minus_wind_solar (real 2022; Load−WindOnshore−WindOffshore−Solar; 60min→1h resample) [absent treated as 0 MW: ['Wind offshore']],Energy-Charts / ENTSO-E se 2022-08-01 via https://api.energy-charts.info/public_power?country=se&start=2022-08-01&end=2022-08-04
SE,19,2022-08-01T19:00:00Z,9235.5,energy_charts_residual_load_minus_wind_solar (real 2022; Load−WindOnshore−WindOffshore−Solar; 60min→1h resample) [absent treated as 0 MW: ['Wind offshore']],Energy-Charts / ENTSO-E se 2022-08-01 via https://api.energy-charts.info/public_power?country=se&start=2022-08-01&end=2022-08-04
SE,20,2022-08-01T20:00:00Z,8576.2,energy_charts_residual_load_minus_wind_solar (real 2022; Load−WindOnshore−WindOffshore−Solar; 60min→1h resample) [absent treated as 0 MW: ['Wind offshore']],Energy-Charts / ENTSO-E se 2022-08-01 via https://api.energy-charts.info/public_power?country=se&start=2022-08-01&end=2022-08-04
SE,21,2022-08-01T21:00:00Z,7259.2,energy_charts_residual_load_minus_wind_solar (real 2022; Load−WindOnshore−WindOffshore−Solar; 60min→1h resample) [absent treated as 0 MW: ['Wind offshore']],Energy-Charts / ENTSO-E se 2022-08-01 via https://api.energy-charts.info/public_power?country=se&start=2022-08-01&end=2022-08-04
SE,22,2022-08-01T22:00:00Z,6877.1,energy_charts_residual_load_minus_wind_solar (real 2022; Load−WindOnshore−WindOffshore−Solar; 60min→1h resample) [absent treated as 0 MW: ['Wind offshore']],Energy-Charts / ENTSO-E se 2022-08-01 via https://api.energy-charts.info/public_power?country=se&start=2022-08-01&end=2022-08-04
SE,23,2022-08-01T23:00:00Z,6449.5,energy_charts_residual_load_minus_wind_solar (real 2022; Load−WindOnshore−WindOffshore−Solar; 60min→1h resample) [absent treated as 0 MW: ['Wind offshore']],Energy-Charts / ENTSO-E se 2022-08-01 via https://api.energy-charts.info/public_power?country=se&start=2022-08-01&end=2022-08-04
SE,24,2022-08-02T00:00:00Z,6218.8,energy_charts_residual_load_minus_wind_solar (real 2022; Load−WindOnshore−WindOffshore−Solar; 60min→1h resample) [absent treated as 0 MW: ['Wind offshore']],Energy-Charts / ENTSO-E se 2022-08-01 via https://api.energy-charts.info/public_power?country=se&start=2022-08-01&end=2022-08-04
SE,25,2022-08-02T01:00:00Z,5845.8,energy_charts_residual_load_minus_wind_solar (real 2022; Load−WindOnshore−WindOffshore−Solar; 60min→1h resample) [absent treated as 0 MW: ['Wind offshore']],Energy-Charts / ENTSO-E se 2022-08-01 via https://api.energy-charts.info/public_power?country=se&start=2022-08-01&end=2022-08-04
SE,26,2022-08-02T02:00:00Z,5550.5,energy_charts_residual_load_minus_wind_solar (real 2022; Load−WindOnshore−WindOffshore−Solar; 60min→1h resample) [absent treated as 0 MW: ['Wind offshore']],Energy-Charts / ENTSO-E se 2022-08-01 via https://api.energy-charts.info/public_power?country=se&start=2022-08-01&end=2022-08-04
SE,27,2022-08-02T03:00:00Z,6373.0,energy_charts_residual_load_minus_wind_solar (real 2022; Load−WindOnshore−WindOffshore−Solar; 60min→1h resample) [absent treated as 0 MW: ['Wind offshore']],Energy-Charts / ENTSO-E se 2022-08-01 via https://api.energy-charts.info/public_power?country=se&start=2022-08-01&end=2022-08-04
SE,28,2022-08-02T04:00:00Z,8150.2,energy_charts_residual_load_minus_wind_solar (real 2022; Load−WindOnshore−WindOffshore−Solar; 60min→1h resample) [absent treated as 0 MW: ['Wind offshore']],Energy-Charts / ENTSO-E se 2022-08-01 via https://api.energy-charts.info/public_power?country=se&start=2022-08-01&end=2022-08-04
SE,29,2022-08-02T05:00:00Z,9831.1,energy_charts_residual_load_minus_wind_solar (real 2022; Load−WindOnshore−WindOffshore−Solar; 60min→1h resample) [absent treated as 0 MW: ['Wind offshore']],Energy-Charts / ENTSO-E se 2022-08-01 via https://api.energy-charts.info/public_power?country=se&start=2022-08-01&end=2022-08-04
SE,30,2022-08-02T06:00:00Z,10838.9,energy_charts_residual_load_minus_wind_solar (real 2022; Load−WindOnshore−WindOffshore−Solar; 60min→1h resample) [absent treated as 0 MW: ['Wind offshore']],Energy-Charts / ENTSO-E se 2022-08-01 via https://api.energy-charts.info/public_power?country=se&start=2022-08-01&end=2022-08-04
SE,31,2022-08-02T07:00:00Z,11084.7,energy_charts_residual_load_minus_wind_solar (real 2022; Load−WindOnshore−WindOffshore−Solar; 60min→1h resample) [absent treated as 0 MW: ['Wind offshore']],Energy-Charts / ENTSO-E se 2022-08-01 via https://api.energy-charts.info/public_power?country=se&start=2022-08-01&end=2022-08-04
SE,32,2022-08-02T08:00:00Z,11076.3,energy_charts_residual_load_minus_wind_solar (real 2022; Load−WindOnshore−WindOffshore−Solar; 60min→1h resample) [absent treated as 0 MW: ['Wind offshore']],Energy-Charts / ENTSO-E se 2022-08-01 via https://api.energy-charts.info/public_power?country=se&start=2022-08-01&end=2022-08-04
SE,33,2022-08-02T09:00:00Z,10804.7,energy_charts_residual_load_minus_wind_solar (real 2022; Load−WindOnshore−WindOffshore−Solar; 60min→1h resample) [absent treated as 0 MW: ['Wind offshore']],Energy-Charts / ENTSO-E se 2022-08-01 via https://api.energy-charts.info/public_power?country=se&start=2022-08-01&end=2022-08-04
SE,34,2022-08-02T10:00:00Z,10657.9,energy_charts_residual_load_minus_wind_solar (real 2022; Load−WindOnshore−WindOffshore−Solar; 60min→1h resample) [absent treated as 0 MW: ['Wind offshore']],Energy-Charts / ENTSO-E se 2022-08-01 via https://api.energy-charts.info/public_power?country=se&start=2022-08-01&end=2022-08-04
SE,35,2022-08-02T11:00:00Z,10437.8,energy_charts_residual_load_minus_wind_solar (real 2022; Load−WindOnshore−WindOffshore−Solar; 60min→1h resample) [absent treated as 0 MW: ['Wind offshore']],Energy-Charts / ENTSO-E se 2022-08-01 via https://api.energy-charts.info/public_power?country=se&start=2022-08-01&end=2022-08-04
SE,36,2022-08-02T12:00:00Z,10260.3,energy_charts_residual_load_minus_wind_solar (real 2022; Load−WindOnshore−WindOffshore−Solar; 60min→1h resample) [absent treated as 0 MW: ['Wind offshore']],Energy-Charts / ENTSO-E se 2022-08-01 via https://api.energy-charts.info/public_power?country=se&start=2022-08-01&end=2022-08-04
SE,37,2022-08-02T13:00:00Z,10090.6,energy_charts_residual_load_minus_wind_solar (real 2022; Load−WindOnshore−WindOffshore−Solar; 60min→1h resample) [absent treated as 0 MW: ['Wind offshore']],Energy-Charts / ENTSO-E se 2022-08-01 via https://api.energy-charts.info/public_power?country=se&start=2022-08-01&end=2022-08-04
SE,38,2022-08-02T14:00:00Z,9989.3,energy_charts_residual_load_minus_wind_solar (real 2022; Load−WindOnshore−WindOffshore−Solar; 60min→1h resample) [absent treated as 0 MW: ['Wind offshore']],Energy-Charts / ENTSO-E se 2022-08-01 via https://api.energy-charts.info/public_power?country=se&start=2022-08-01&end=2022-08-04
SE,39,2022-08-02T15:00:00Z,10299.8,energy_charts_residual_load_minus_wind_solar (real 2022; Load−WindOnshore−WindOffshore−Solar; 60min→1h resample) [absent treated as 0 MW: ['Wind offshore']],Energy-Charts / ENTSO-E se 2022-08-01 via https://api.energy-charts.info/public_power?country=se&start=2022-08-01&end=2022-08-04
SE,40,2022-08-02T16:00:00Z,10028.4,energy_charts_residual_load_minus_wind_solar (real 2022; Load−WindOnshore−WindOffshore−Solar; 60min→1h resample) [absent treated as 0 MW: ['Wind offshore']],Energy-Charts / ENTSO-E se 2022-08-01 via https://api.energy-charts.info/public_power?country=se&start=2022-08-01&end=2022-08-04
SE,41,2022-08-02T17:00:00Z,9781.7,energy_charts_residual_load_minus_wind_solar (real 2022; Load−WindOnshore−WindOffshore−Solar; 60min→1h resample) [absent treated as 0 MW: ['Wind offshore']],Energy-Charts / ENTSO-E se 2022-08-01 via https://api.energy-charts.info/public_power?country=se&start=2022-08-01&end=2022-08-04
SE,42,2022-08-02T18:00:00Z,8809.9,energy_charts_residual_load_minus_wind_solar (real 2022; Load−WindOnshore−WindOffshore−Solar; 60min→1h resample) [absent treated as 0 MW: ['Wind offshore']],Energy-Charts / ENTSO-E se 2022-08-01 via https://api.energy-charts.info/public_power?country=se&start=2022-08-01&end=2022-08-04
SE,43,2022-08-02T19:00:00Z,7744.3,energy_charts_residual_load_minus_wind_solar (real 2022; Load−WindOnshore−WindOffshore−Solar; 60min→1h resample) [absent treated as 0 MW: ['Wind offshore']],Energy-Charts / ENTSO-E se 2022-08-01 via https://api.energy-charts.info/public_power?country=se&start=2022-08-01&end=2022-08-04
SE,44,2022-08-02T20:00:00Z,6871.2,energy_charts_residual_load_minus_wind_solar (real 2022; Load−WindOnshore−WindOffshore−Solar; 60min→1h resample) [absent treated as 0 MW: ['Wind offshore']],Energy-Charts / ENTSO-E se 2022-08-01 via https://api.energy-charts.info/public_power?country=se&start=2022-08-01&end=2022-08-04
SE,45,2022-08-02T21:00:00Z,5642.5,energy_charts_residual_load_minus_wind_solar (real 2022; Load−WindOnshore−WindOffshore−Solar; 60min→1h resample) [absent treated as 0 MW: ['Wind offshore']],Energy-Charts / ENTSO-E se 2022-08-01 via https://api.energy-charts.info/public_power?country=se&start=2022-08-01&end=2022-08-04
SE,46,2022-08-02T22:00:00Z,5433.5,energy_charts_residual_load_minus_wind_solar (real 2022; Load−WindOnshore−WindOffshore−Solar; 60min→1h resample) [absent treated as 0 MW: ['Wind offshore']],Energy-Charts / ENTSO-E se 2022-08-01 via https://api.energy-charts.info/public_power?country=se&start=2022-08-01&end=2022-08-04
SE,47,2022-08-02T23:00:00Z,5186.0,energy_charts_residual_load_minus_wind_solar (real 2022; Load−WindOnshore−WindOffshore−Solar; 60min→1h resample) [absent treated as 0 MW: ['Wind offshore']],Energy-Charts / ENTSO-E se 2022-08-01 via https://api.energy-charts.info/public_power?country=se&start=2022-08-01&end=2022-08-04
SE,48,2022-08-03T00:00:00Z,5100.5,energy_charts_residual_load_minus_wind_solar (real 2022; Load−WindOnshore−WindOffshore−Solar; 60min→1h resample) [absent treated as 0 MW: ['Wind offshore']],Energy-Charts / ENTSO-E se 2022-08-01 via https://api.energy-charts.info/public_power?country=se&start=2022-08-01&end=2022-08-04
SE,49,2022-08-03T01:00:00Z,5067.8,energy_charts_residual_load_minus_wind_solar (real 2022; Load−WindOnshore−WindOffshore−Solar; 60min→1h resample) [absent treated as 0 MW: ['Wind offshore']],Energy-Charts / ENTSO-E se 2022-08-01 via https://api.energy-charts.info/public_power?country=se&start=2022-08-01&end=2022-08-04
SE,50,2022-08-03T02:00:00Z,5494.2,energy_charts_residual_load_minus_wind_solar (real 2022; Load−WindOnshore−WindOffshore−Solar; 60min→1h resample) [absent treated as 0 MW: ['Wind offshore']],Energy-Charts / ENTSO-E se 2022-08-01 via https://api.energy-charts.info/public_power?country=se&start=2022-08-01&end=2022-08-04
SE,51,2022-08-03T03:00:00Z,5885.4,energy_charts_residual_load_minus_wind_solar (real 2022; Load−WindOnshore−WindOffshore−Solar; 60min→1h resample) [absent treated as 0 MW: ['Wind offshore']],Energy-Charts / ENTSO-E se 2022-08-01 via https://api.energy-charts.info/public_power?country=se&start=2022-08-01&end=2022-08-04
SE,52,2022-08-03T04:00:00Z,7087.6,energy_charts_residual_load_minus_wind_solar (real 2022; Load−WindOnshore−WindOffshore−Solar; 60min→1h resample) [absent treated as 0 MW: ['Wind offshore']],Energy-Charts / ENTSO-E se 2022-08-01 via https://api.energy-charts.info/public_power?country=se&start=2022-08-01&end=2022-08-04
SE,53,2022-08-03T05:00:00Z,8239.4,energy_charts_residual_load_minus_wind_solar (real 2022; Load−WindOnshore−WindOffshore−Solar; 60min→1h resample) [absent treated as 0 MW: ['Wind offshore']],Energy-Charts / ENTSO-E se 2022-08-01 via https://api.energy-charts.info/public_power?country=se&start=2022-08-01&end=2022-08-04
SE,54,2022-08-03T06:00:00Z,8941.8,energy_charts_residual_load_minus_wind_solar (real 2022; Load−WindOnshore−WindOffshore−Solar; 60min→1h resample) [absent treated as 0 MW: ['Wind offshore']],Energy-Charts / ENTSO-E se 2022-08-01 via https://api.energy-charts.info/public_power?country=se&start=2022-08-01&end=2022-08-04
SE,55,2022-08-03T07:00:00Z,9176.8,energy_charts_residual_load_minus_wind_solar (real 2022; Load−WindOnshore−WindOffshore−Solar; 60min→1h resample) [absent treated as 0 MW: ['Wind offshore']],Energy-Charts / ENTSO-E se 2022-08-01 via https://api.energy-charts.info/public_power?country=se&start=2022-08-01&end=2022-08-04
SE,56,2022-08-03T08:00:00Z,9099.1,energy_charts_residual_load_minus_wind_solar (real 2022; Load−WindOnshore−WindOffshore−Solar; 60min→1h resample) [absent treated as 0 MW: ['Wind offshore']],Energy-Charts / ENTSO-E se 2022-08-01 via https://api.energy-charts.info/public_power?country=se&start=2022-08-01&end=2022-08-04
SE,57,2022-08-03T09:00:00Z,8458.7,energy_charts_residual_load_minus_wind_solar (real 2022; Load−WindOnshore−WindOffshore−Solar; 60min→1h resample) [absent treated as 0 MW: ['Wind offshore']],Energy-Charts / ENTSO-E se 2022-08-01 via https://api.energy-charts.info/public_power?country=se&start=2022-08-01&end=2022-08-04
SE,58,2022-08-03T10:00:00Z,7858.1,energy_charts_residual_load_minus_wind_solar (real 2022; Load−WindOnshore−WindOffshore−Solar; 60min→1h resample) [absent treated as 0 MW: ['Wind offshore']],Energy-Charts / ENTSO-E se 2022-08-01 via https://api.energy-charts.info/public_power?country=se&start=2022-08-01&end=2022-08-04
SE,59,2022-08-03T11:00:00Z,7367.7,energy_charts_residual_load_minus_wind_solar (real 2022; Load−WindOnshore−WindOffshore−Solar; 60min→1h resample) [absent treated as 0 MW: ['Wind offshore']],Energy-Charts / ENTSO-E se 2022-08-01 via https://api.energy-charts.info/public_power?country=se&start=2022-08-01&end=2022-08-04
SE,60,2022-08-03T12:00:00Z,6990.2,energy_charts_residual_load_minus_wind_solar (real 2022; Load−WindOnshore−WindOffshore−Solar; 60min→1h resample) [absent treated as 0 MW: ['Wind offshore']],Energy-Charts / ENTSO-E se 2022-08-01 via https://api.energy-charts.info/public_power?country=se&start=2022-08-01&end=2022-08-04
SE,61,2022-08-03T13:00:00Z,6873.0,energy_charts_residual_load_minus_wind_solar (real 2022; Load−WindOnshore−WindOffshore−Solar; 60min→1h resample) [absent treated as 0 MW: ['Wind offshore']],Energy-Charts / ENTSO-E se 2022-08-01 via https://api.energy-charts.info/public_power?country=se&start=2022-08-01&end=2022-08-04
SE,62,2022-08-03T14:00:00Z,7028.2,energy_charts_residual_load_minus_wind_solar (real 2022; Load−WindOnshore−WindOffshore−Solar; 60min→1h resample) [absent treated as 0 MW: ['Wind offshore']],Energy-Charts / ENTSO-E se 2022-08-01 via https://api.energy-charts.info/public_power?country=se&start=2022-08-01&end=2022-08-04
SE,63,2022-08-03T15:00:00Z,7455.1,energy_charts_residual_load_minus_wind_solar (real 2022; Load−WindOnshore−WindOffshore−Solar; 60min→1h resample) [absent treated as 0 MW: ['Wind offshore']],Energy-Charts / ENTSO-E se 2022-08-01 via https://api.energy-charts.info/public_power?country=se&start=2022-08-01&end=2022-08-04
SE,64,2022-08-03T16:00:00Z,7647.8,energy_charts_residual_load_minus_wind_solar (real 2022; Load−WindOnshore−WindOffshore−Solar; 60min→1h resample) [absent treated as 0 MW: ['Wind offshore']],Energy-Charts / ENTSO-E se 2022-08-01 via https://api.energy-charts.info/public_power?country=se&start=2022-08-01&end=2022-08-04
SE,65,2022-08-03T17:00:00Z,7542.7,energy_charts_residual_load_minus_wind_solar (real 2022; Load−WindOnshore−WindOffshore−Solar; 60min→1h resample) [absent treated as 0 MW: ['Wind offshore']],Energy-Charts / ENTSO-E se 2022-08-01 via https://api.energy-charts.info/public_power?country=se&start=2022-08-01&end=2022-08-04
SE,66,2022-08-03T18:00:00Z,7474.2,energy_charts_residual_load_minus_wind_solar (real 2022; Load−WindOnshore−WindOffshore−Solar; 60min→1h resample) [absent treated as 0 MW: ['Wind offshore']],Energy-Charts / ENTSO-E se 2022-08-01 via https://api.energy-charts.info/public_power?country=se&start=2022-08-01&end=2022-08-04
SE,67,2022-08-03T19:00:00Z,7165.1,energy_charts_residual_load_minus_wind_solar (real 2022; Load−WindOnshore−WindOffshore−Solar; 60min→1h resample) [absent treated as 0 MW: ['Wind offshore']],Energy-Charts / ENTSO-E se 2022-08-01 via https://api.energy-charts.info/public_power?country=se&start=2022-08-01&end=2022-08-04
SE,68,2022-08-03T20:00:00Z,6501.1,energy_charts_residual_load_minus_wind_solar (real 2022; Load−WindOnshore−WindOffshore−Solar; 60min→1h resample) [absent treated as 0 MW: ['Wind offshore']],Energy-Charts / ENTSO-E se 2022-08-01 via https://api.energy-charts.info/public_power?country=se&start=2022-08-01&end=2022-08-04
SE,69,2022-08-03T21:00:00Z,6150.7,energy_charts_residual_load_minus_wind_solar (real 2022; Load−WindOnshore−WindOffshore−Solar; 60min→1h resample) [absent treated as 0 MW: ['Wind offshore']],Energy-Charts / ENTSO-E se 2022-08-01 via https://api.energy-charts.info/public_power?country=se&start=2022-08-01&end=2022-08-04
SE,70,2022-08-03T22:00:00Z,5783.4,energy_charts_residual_load_minus_wind_solar (real 2022; Load−WindOnshore−WindOffshore−Solar; 60min→1h resample) [absent treated as 0 MW: ['Wind offshore']],Energy-Charts / ENTSO-E se 2022-08-01 via https://api.energy-charts.info/public_power?country=se&start=2022-08-01&end=2022-08-04
SE,71,2022-08-03T23:00:00Z,5848.3,energy_charts_residual_load_minus_wind_solar (real 2022; Load−WindOnshore−WindOffshore−Solar; 60min→1h resample) [absent treated as 0 MW: ['Wind offshore']],Energy-Charts / ENTSO-E se 2022-08-01 via https://api.energy-charts.info/public_power?country=se&start=2022-08-01&end=2022-08-04
PL,0,2022-08-01T00:00:00Z,12849.8,energy_charts_residual_load_minus_wind_solar (real 2022; Load−WindOnshore−WindOffshore−Solar; 60min→1h resample) [absent treated as 0 MW: ['Wind offshore']],Energy-Charts / ENTSO-E pl 2022-08-01 via https://api.energy-charts.info/public_power?country=pl&start=2022-08-01&end=2022-08-04
PL,1,2022-08-01T01:00:00Z,12963.1,energy_charts_residual_load_minus_wind_solar (real 2022; Load−WindOnshore−WindOffshore−Solar; 60min→1h resample) [absent treated as 0 MW: ['Wind offshore']],Energy-Charts / ENTSO-E pl 2022-08-01 via https://api.energy-charts.info/public_power?country=pl&start=2022-08-01&end=2022-08-04
PL,2,2022-08-01T02:00:00Z,13100.0,energy_charts_residual_load_minus_wind_solar (real 2022; Load−WindOnshore−WindOffshore−Solar; 60min→1h resample) [absent treated as 0 MW: ['Wind offshore']],Energy-Charts / ENTSO-E pl 2022-08-01 via https://api.energy-charts.info/public_power?country=pl&start=2022-08-01&end=2022-08-04
PL,3,2022-08-01T03:00:00Z,13407.1,energy_charts_residual_load_minus_wind_solar (real 2022; Load−WindOnshore−WindOffshore−Solar; 60min→1h resample) [absent treated as 0 MW: ['Wind offshore']],Energy-Charts / ENTSO-E pl 2022-08-01 via https://api.energy-charts.info/public_power?country=pl&start=2022-08-01&end=2022-08-04
PL,4,2022-08-01T04:00:00Z,15554.5,energy_charts_residual_load_minus_wind_solar (real 2022; Load−WindOnshore−WindOffshore−Solar; 60min→1h resample) [absent treated as 0 MW: ['Wind offshore']],Energy-Charts / ENTSO-E pl 2022-08-01 via https://api.energy-charts.info/public_power?country=pl&start=2022-08-01&end=2022-08-04
PL,5,2022-08-01T05:00:00Z,17131.1,energy_charts_residual_load_minus_wind_solar (real 2022; Load−WindOnshore−WindOffshore−Solar; 60min→1h resample) [absent treated as 0 MW: ['Wind offshore']],Energy-Charts / ENTSO-E pl 2022-08-01 via https://api.energy-charts.info/public_power?country=pl&start=2022-08-01&end=2022-08-04
PL,6,2022-08-01T06:00:00Z,17506.2,energy_charts_residual_load_minus_wind_solar (real 2022; Load−WindOnshore−WindOffshore−Solar; 60min→1h resample) [absent treated as 0 MW: ['Wind offshore']],Energy-Charts / ENTSO-E pl 2022-08-01 via https://api.energy-charts.info/public_power?country=pl&start=2022-08-01&end=2022-08-04
PL,7,2022-08-01T07:00:00Z,17174.1,energy_charts_residual_load_minus_wind_solar (real 2022; Load−WindOnshore−WindOffshore−Solar; 60min→1h resample) [absent treated as 0 MW: ['Wind offshore']],Energy-Charts / ENTSO-E pl 2022-08-01 via https://api.energy-charts.info/public_power?country=pl&start=2022-08-01&end=2022-08-04
PL,8,2022-08-01T08:00:00Z,16437.2,energy_charts_residual_load_minus_wind_solar (real 2022; Load−WindOnshore−WindOffshore−Solar; 60min→1h resample) [absent treated as 0 MW: ['Wind offshore']],Energy-Charts / ENTSO-E pl 2022-08-01 via https://api.energy-charts.info/public_power?country=pl&start=2022-08-01&end=2022-08-04
PL,9,2022-08-01T09:00:00Z,16044.2,energy_charts_residual_load_minus_wind_solar (real 2022; Load−WindOnshore−WindOffshore−Solar; 60min→1h resample) [absent treated as 0 MW: ['Wind offshore']],Energy-Charts / ENTSO-E pl 2022-08-01 via https://api.energy-charts.info/public_power?country=pl&start=2022-08-01&end=2022-08-04
PL,10,2022-08-01T10:00:00Z,15837.5,energy_charts_residual_load_minus_wind_solar (real 2022; Load−WindOnshore−WindOffshore−Solar; 60min→1h resample) [absent treated as 0 MW: ['Wind offshore']],Energy-Charts / ENTSO-E pl 2022-08-01 via https://api.energy-charts.info/public_power?country=pl&start=2022-08-01&end=2022-08-04
PL,11,2022-08-01T11:00:00Z,15684.0,energy_charts_residual_load_minus_wind_solar (real 2022; Load−WindOnshore−WindOffshore−Solar; 60min→1h resample) [absent treated as 0 MW: ['Wind offshore']],Energy-Charts / ENTSO-E pl 2022-08-01 via https://api.energy-charts.info/public_power?country=pl&start=2022-08-01&end=2022-08-04
PL,12,2022-08-01T12:00:00Z,15498.8,energy_charts_residual_load_minus_wind_solar (real 2022; Load−WindOnshore−WindOffshore−Solar; 60min→1h resample) [absent treated as 0 MW: ['Wind offshore']],Energy-Charts / ENTSO-E pl 2022-08-01 via https://api.energy-charts.info/public_power?country=pl&start=2022-08-01&end=2022-08-04
PL,13,2022-08-01T13:00:00Z,16020.2,energy_charts_residual_load_minus_wind_solar (real 2022; Load−WindOnshore−WindOffshore−Solar; 60min→1h resample) [absent treated as 0 MW: ['Wind offshore']],Energy-Charts / ENTSO-E pl 2022-08-01 via https://api.energy-charts.info/public_power?country=pl&start=2022-08-01&end=2022-08-04
PL,14,2022-08-01T14:00:00Z,16598.0,energy_charts_residual_load_minus_wind_solar (real 2022; Load−WindOnshore−WindOffshore−Solar; 60min→1h resample) [absent treated as 0 MW: ['Wind offshore']],Energy-Charts / ENTSO-E pl 2022-08-01 via https://api.energy-charts.info/public_power?country=pl&start=2022-08-01&end=2022-08-04
PL,15,2022-08-01T15:00:00Z,17442.3,energy_charts_residual_load_minus_wind_solar (real 2022; Load−WindOnshore−WindOffshore−Solar; 60min→1h resample) [absent treated as 0 MW: ['Wind offshore']],Energy-Charts / ENTSO-E pl 2022-08-01 via https://api.energy-charts.info/public_power?country=pl&start=2022-08-01&end=2022-08-04
PL,16,2022-08-01T16:00:00Z,18376.5,energy_charts_residual_load_minus_wind_solar (real 2022; Load−WindOnshore−WindOffshore−Solar; 60min→1h resample) [absent treated as 0 MW: ['Wind offshore']],Energy-Charts / ENTSO-E pl 2022-08-01 via https://api.energy-charts.info/public_power?country=pl&start=2022-08-01&end=2022-08-04
PL,17,2022-08-01T17:00:00Z,19225.2,energy_charts_residual_load_minus_wind_solar (real 2022; Load−WindOnshore−WindOffshore−Solar; 60min→1h resample) [absent treated as 0 MW: ['Wind offshore']],Energy-Charts / ENTSO-E pl 2022-08-01 via https://api.energy-charts.info/public_power?country=pl&start=2022-08-01&end=2022-08-04
PL,18,2022-08-01T18:00:00Z,19803.3,energy_charts_residual_load_minus_wind_solar (real 2022; Load−WindOnshore−WindOffshore−Solar; 60min→1h resample) [absent treated as 0 MW: ['Wind offshore']],Energy-Charts / ENTSO-E pl 2022-08-01 via https://api.energy-charts.info/public_power?country=pl&start=2022-08-01&end=2022-08-04
PL,19,2022-08-01T19:00:00Z,19577.3,energy_charts_residual_load_minus_wind_solar (real 2022; Load−WindOnshore−WindOffshore−Solar; 60min→1h resample) [absent treated as 0 MW: ['Wind offshore']],Energy-Charts / ENTSO-E pl 2022-08-01 via https://api.energy-charts.info/public_power?country=pl&start=2022-08-01&end=2022-08-04
PL,20,2022-08-01T20:00:00Z,18087.3,energy_charts_residual_load_minus_wind_solar (real 2022; Load−WindOnshore−WindOffshore−Solar; 60min→1h resample) [absent treated as 0 MW: ['Wind offshore']],Energy-Charts / ENTSO-E pl 2022-08-01 via https://api.energy-charts.info/public_power?country=pl&start=2022-08-01&end=2022-08-04
PL,21,2022-08-01T21:00:00Z,16613.4,energy_charts_residual_load_minus_wind_solar (real 2022; Load−WindOnshore−WindOffshore−Solar; 60min→1h resample) [absent treated as 0 MW: ['Wind offshore']],Energy-Charts / ENTSO-E pl 2022-08-01 via https://api.energy-charts.info/public_power?country=pl&start=2022-08-01&end=2022-08-04
PL,22,2022-08-01T22:00:00Z,15424.5,energy_charts_residual_load_minus_wind_solar (real 2022; Load−WindOnshore−WindOffshore−Solar; 60min→1h resample) [absent treated as 0 MW: ['Wind offshore']],Energy-Charts / ENTSO-E pl 2022-08-01 via https://api.energy-charts.info/public_power?country=pl&start=2022-08-01&end=2022-08-04
PL,23,2022-08-01T23:00:00Z,14792.8,energy_charts_residual_load_minus_wind_solar (real 2022; Load−WindOnshore−WindOffshore−Solar; 60min→1h resample) [absent treated as 0 MW: ['Wind offshore']],Energy-Charts / ENTSO-E pl 2022-08-01 via https://api.energy-charts.info/public_power?country=pl&start=2022-08-01&end=2022-08-04
PL,24,2022-08-02T00:00:00Z,14411.0,energy_charts_residual_load_minus_wind_solar (real 2022; Load−WindOnshore−WindOffshore−Solar; 60min→1h resample) [absent treated as 0 MW: ['Wind offshore']],Energy-Charts / ENTSO-E pl 2022-08-01 via https://api.energy-charts.info/public_power?country=pl&start=2022-08-01&end=2022-08-04
PL,25,2022-08-02T01:00:00Z,14369.1,energy_charts_residual_load_minus_wind_solar (real 2022; Load−WindOnshore−WindOffshore−Solar; 60min→1h resample) [absent treated as 0 MW: ['Wind offshore']],Energy-Charts / ENTSO-E pl 2022-08-01 via https://api.energy-charts.info/public_power?country=pl&start=2022-08-01&end=2022-08-04
PL,26,2022-08-02T02:00:00Z,14549.6,energy_charts_residual_load_minus_wind_solar (real 2022; Load−WindOnshore−WindOffshore−Solar; 60min→1h resample) [absent treated as 0 MW: ['Wind offshore']],Energy-Charts / ENTSO-E pl 2022-08-01 via https://api.energy-charts.info/public_power?country=pl&start=2022-08-01&end=2022-08-04
PL,27,2022-08-02T03:00:00Z,14691.5,energy_charts_residual_load_minus_wind_solar (real 2022; Load−WindOnshore−WindOffshore−Solar; 60min→1h resample) [absent treated as 0 MW: ['Wind offshore']],Energy-Charts / ENTSO-E pl 2022-08-01 via https://api.energy-charts.info/public_power?country=pl&start=2022-08-01&end=2022-08-04
PL,28,2022-08-02T04:00:00Z,16596.1,energy_charts_residual_load_minus_wind_solar (real 2022; Load−WindOnshore−WindOffshore−Solar; 60min→1h resample) [absent treated as 0 MW: ['Wind offshore']],Energy-Charts / ENTSO-E pl 2022-08-01 via https://api.energy-charts.info/public_power?country=pl&start=2022-08-01&end=2022-08-04
PL,29,2022-08-02T05:00:00Z,17909.3,energy_charts_residual_load_minus_wind_solar (real 2022; Load−WindOnshore−WindOffshore−Solar; 60min→1h resample) [absent treated as 0 MW: ['Wind offshore']],Energy-Charts / ENTSO-E pl 2022-08-01 via https://api.energy-charts.info/public_power?country=pl&start=2022-08-01&end=2022-08-04
PL,30,2022-08-02T06:00:00Z,18043.8,energy_charts_residual_load_minus_wind_solar (real 2022; Load−WindOnshore−WindOffshore−Solar; 60min→1h resample) [absent treated as 0 MW: ['Wind offshore']],Energy-Charts / ENTSO-E pl 2022-08-01 via https://api.energy-charts.info/public_power?country=pl&start=2022-08-01&end=2022-08-04
PL,31,2022-08-02T07:00:00Z,17250.3,energy_charts_residual_load_minus_wind_solar (real 2022; Load−WindOnshore−WindOffshore−Solar; 60min→1h resample) [absent treated as 0 MW: ['Wind offshore']],Energy-Charts / ENTSO-E pl 2022-08-01 via https://api.energy-charts.info/public_power?country=pl&start=2022-08-01&end=2022-08-04
PL,32,2022-08-02T08:00:00Z,16217.5,energy_charts_residual_load_minus_wind_solar (real 2022; Load−WindOnshore−WindOffshore−Solar; 60min→1h resample) [absent treated as 0 MW: ['Wind offshore']],Energy-Charts / ENTSO-E pl 2022-08-01 via https://api.energy-charts.info/public_power?country=pl&start=2022-08-01&end=2022-08-04
PL,33,2022-08-02T09:00:00Z,15905.6,energy_charts_residual_load_minus_wind_solar (real 2022; Load−WindOnshore−WindOffshore−Solar; 60min→1h resample) [absent treated as 0 MW: ['Wind offshore']],Energy-Charts / ENTSO-E pl 2022-08-01 via https://api.energy-charts.info/public_power?country=pl&start=2022-08-01&end=2022-08-04
PL,34,2022-08-02T10:00:00Z,15797.8,energy_charts_residual_load_minus_wind_solar (real 2022; Load−WindOnshore−WindOffshore−Solar; 60min→1h resample) [absent treated as 0 MW: ['Wind offshore']],Energy-Charts / ENTSO-E pl 2022-08-01 via https://api.energy-charts.info/public_power?country=pl&start=2022-08-01&end=2022-08-04
PL,35,2022-08-02T11:00:00Z,15690.6,energy_charts_residual_load_minus_wind_solar (real 2022; Load−WindOnshore−WindOffshore−Solar; 60min→1h resample) [absent treated as 0 MW: ['Wind offshore']],Energy-Charts / ENTSO-E pl 2022-08-01 via https://api.energy-charts.info/public_power?country=pl&start=2022-08-01&end=2022-08-04
PL,36,2022-08-02T12:00:00Z,15605.2,energy_charts_residual_load_minus_wind_solar (real 2022; Load−WindOnshore−WindOffshore−Solar; 60min→1h resample) [absent treated as 0 MW: ['Wind offshore']],Energy-Charts / ENTSO-E pl 2022-08-01 via https://api.energy-charts.info/public_power?country=pl&start=2022-08-01&end=2022-08-04
PL,37,2022-08-02T13:00:00Z,16002.4,energy_charts_residual_load_minus_wind_solar (real 2022; Load−WindOnshore−WindOffshore−Solar; 60min→1h resample) [absent treated as 0 MW: ['Wind offshore']],Energy-Charts / ENTSO-E pl 2022-08-01 via https://api.energy-charts.info/public_power?country=pl&start=2022-08-01&end=2022-08-04
PL,38,2022-08-02T14:00:00Z,16743.4,energy_charts_residual_load_minus_wind_solar (real 2022; Load−WindOnshore−WindOffshore−Solar; 60min→1h resample) [absent treated as 0 MW: ['Wind offshore']],Energy-Charts / ENTSO-E pl 2022-08-01 via https://api.energy-charts.info/public_power?country=pl&start=2022-08-01&end=2022-08-04
PL,39,2022-08-02T15:00:00Z,17766.8,energy_charts_residual_load_minus_wind_solar (real 2022; Load−WindOnshore−WindOffshore−Solar; 60min→1h resample) [absent treated as 0 MW: ['Wind offshore']],Energy-Charts / ENTSO-E pl 2022-08-01 via https://api.energy-charts.info/public_power?country=pl&start=2022-08-01&end=2022-08-04
PL,40,2022-08-02T16:00:00Z,18940.7,energy_charts_residual_load_minus_wind_solar (real 2022; Load−WindOnshore−WindOffshore−Solar; 60min→1h resample) [absent treated as 0 MW: ['Wind offshore']],Energy-Charts / ENTSO-E pl 2022-08-01 via https://api.energy-charts.info/public_power?country=pl&start=2022-08-01&end=2022-08-04
PL,41,2022-08-02T17:00:00Z,19992.4,energy_charts_residual_load_minus_wind_solar (real 2022; Load−WindOnshore−WindOffshore−Solar; 60min→1h resample) [absent treated as 0 MW: ['Wind offshore']],Energy-Charts / ENTSO-E pl 2022-08-01 via https://api.energy-charts.info/public_power?country=pl&start=2022-08-01&end=2022-08-04
PL,42,2022-08-02T18:00:00Z,20575.1,energy_charts_residual_load_minus_wind_solar (real 2022; Load−WindOnshore−WindOffshore−Solar; 60min→1h resample) [absent treated as 0 MW: ['Wind offshore']],Energy-Charts / ENTSO-E pl 2022-08-01 via https://api.energy-charts.info/public_power?country=pl&start=2022-08-01&end=2022-08-04
PL,43,2022-08-02T19:00:00Z,20232.3,energy_charts_residual_load_minus_wind_solar (real 2022; Load−WindOnshore−WindOffshore−Solar; 60min→1h resample) [absent treated as 0 MW: ['Wind offshore']],Energy-Charts / ENTSO-E pl 2022-08-01 via https://api.energy-charts.info/public_power?country=pl&start=2022-08-01&end=2022-08-04
PL,44,2022-08-02T20:00:00Z,18606.1,energy_charts_residual_load_minus_wind_solar (real 2022; Load−WindOnshore−WindOffshore−Solar; 60min→1h resample) [absent treated as 0 MW: ['Wind offshore']],Energy-Charts / ENTSO-E pl 2022-08-01 via https://api.energy-charts.info/public_power?country=pl&start=2022-08-01&end=2022-08-04
PL,45,2022-08-02T21:00:00Z,16957.9,energy_charts_residual_load_minus_wind_solar (real 2022; Load−WindOnshore−WindOffshore−Solar; 60min→1h resample) [absent treated as 0 MW: ['Wind offshore']],Energy-Charts / ENTSO-E pl 2022-08-01 via https://api.energy-charts.info/public_power?country=pl&start=2022-08-01&end=2022-08-04
PL,46,2022-08-02T22:00:00Z,15565.3,energy_charts_residual_load_minus_wind_solar (real 2022; Load−WindOnshore−WindOffshore−Solar; 60min→1h resample) [absent treated as 0 MW: ['Wind offshore']],Energy-Charts / ENTSO-E pl 2022-08-01 via https://api.energy-charts.info/public_power?country=pl&start=2022-08-01&end=2022-08-04
PL,47,2022-08-02T23:00:00Z,14769.0,energy_charts_residual_load_minus_wind_solar (real 2022; Load−WindOnshore−WindOffshore−Solar; 60min→1h resample) [absent treated as 0 MW: ['Wind offshore']],Energy-Charts / ENTSO-E pl 2022-08-01 via https://api.energy-charts.info/public_power?country=pl&start=2022-08-01&end=2022-08-04
PL,48,2022-08-03T00:00:00Z,14485.8,energy_charts_residual_load_minus_wind_solar (real 2022; Load−WindOnshore−WindOffshore−Solar; 60min→1h resample) [absent treated as 0 MW: ['Wind offshore']],Energy-Charts / ENTSO-E pl 2022-08-01 via https://api.energy-charts.info/public_power?country=pl&start=2022-08-01&end=2022-08-04
PL,49,2022-08-03T01:00:00Z,14545.9,energy_charts_residual_load_minus_wind_solar (real 2022; Load−WindOnshore−WindOffshore−Solar; 60min→1h resample) [absent treated as 0 MW: ['Wind offshore']],Energy-Charts / ENTSO-E pl 2022-08-01 via https://api.energy-charts.info/public_power?country=pl&start=2022-08-01&end=2022-08-04
PL,50,2022-08-03T02:00:00Z,14702.2,energy_charts_residual_load_minus_wind_solar (real 2022; Load−WindOnshore−WindOffshore−Solar; 60min→1h resample) [absent treated as 0 MW: ['Wind offshore']],Energy-Charts / ENTSO-E pl 2022-08-01 via https://api.energy-charts.info/public_power?country=pl&start=2022-08-01&end=2022-08-04
PL,51,2022-08-03T03:00:00Z,14741.6,energy_charts_residual_load_minus_wind_solar (real 2022; Load−WindOnshore−WindOffshore−Solar; 60min→1h resample) [absent treated as 0 MW: ['Wind offshore']],Energy-Charts / ENTSO-E pl 2022-08-01 via https://api.energy-charts.info/public_power?country=pl&start=2022-08-01&end=2022-08-04
PL,52,2022-08-03T04:00:00Z,16561.7,energy_charts_residual_load_minus_wind_solar (real 2022; Load−WindOnshore−WindOffshore−Solar; 60min→1h resample) [absent treated as 0 MW: ['Wind offshore']],Energy-Charts / ENTSO-E pl 2022-08-01 via https://api.energy-charts.info/public_power?country=pl&start=2022-08-01&end=2022-08-04
PL,53,2022-08-03T05:00:00Z,17671.9,energy_charts_residual_load_minus_wind_solar (real 2022; Load−WindOnshore−WindOffshore−Solar; 60min→1h resample) [absent treated as 0 MW: ['Wind offshore']],Energy-Charts / ENTSO-E pl 2022-08-01 via https://api.energy-charts.info/public_power?country=pl&start=2022-08-01&end=2022-08-04
PL,54,2022-08-03T06:00:00Z,17763.2,energy_charts_residual_load_minus_wind_solar (real 2022; Load−WindOnshore−WindOffshore−Solar; 60min→1h resample) [absent treated as 0 MW: ['Wind offshore']],Energy-Charts / ENTSO-E pl 2022-08-01 via https://api.energy-charts.info/public_power?country=pl&start=2022-08-01&end=2022-08-04
PL,55,2022-08-03T07:00:00Z,16895.4,energy_charts_residual_load_minus_wind_solar (real 2022; Load−WindOnshore−WindOffshore−Solar; 60min→1h resample) [absent treated as 0 MW: ['Wind offshore']],Energy-Charts / ENTSO-E pl 2022-08-01 via https://api.energy-charts.info/public_power?country=pl&start=2022-08-01&end=2022-08-04
PL,56,2022-08-03T08:00:00Z,15681.8,energy_charts_residual_load_minus_wind_solar (real 2022; Load−WindOnshore−WindOffshore−Solar; 60min→1h resample) [absent treated as 0 MW: ['Wind offshore']],Energy-Charts / ENTSO-E pl 2022-08-01 via https://api.energy-charts.info/public_power?country=pl&start=2022-08-01&end=2022-08-04
PL,57,2022-08-03T09:00:00Z,15417.1,energy_charts_residual_load_minus_wind_solar (real 2022; Load−WindOnshore−WindOffshore−Solar; 60min→1h resample) [absent treated as 0 MW: ['Wind offshore']],Energy-Charts / ENTSO-E pl 2022-08-01 via https://api.energy-charts.info/public_power?country=pl&start=2022-08-01&end=2022-08-04
PL,58,2022-08-03T10:00:00Z,15383.7,energy_charts_residual_load_minus_wind_solar (real 2022; Load−WindOnshore−WindOffshore−Solar; 60min→1h resample) [absent treated as 0 MW: ['Wind offshore']],Energy-Charts / ENTSO-E pl 2022-08-01 via https://api.energy-charts.info/public_power?country=pl&start=2022-08-01&end=2022-08-04
PL,59,2022-08-03T11:00:00Z,15424.7,energy_charts_residual_load_minus_wind_solar (real 2022; Load−WindOnshore−WindOffshore−Solar; 60min→1h resample) [absent treated as 0 MW: ['Wind offshore']],Energy-Charts / ENTSO-E pl 2022-08-01 via https://api.energy-charts.info/public_power?country=pl&start=2022-08-01&end=2022-08-04
PL,60,2022-08-03T12:00:00Z,15398.5,energy_charts_residual_load_minus_wind_solar (real 2022; Load−WindOnshore−WindOffshore−Solar; 60min→1h resample) [absent treated as 0 MW: ['Wind offshore']],Energy-Charts / ENTSO-E pl 2022-08-01 via https://api.energy-charts.info/public_power?country=pl&start=2022-08-01&end=2022-08-04
PL,61,2022-08-03T13:00:00Z,15929.8,energy_charts_residual_load_minus_wind_solar (real 2022; Load−WindOnshore−WindOffshore−Solar; 60min→1h resample) [absent treated as 0 MW: ['Wind offshore']],Energy-Charts / ENTSO-E pl 2022-08-01 via https://api.energy-charts.info/public_power?country=pl&start=2022-08-01&end=2022-08-04
PL,62,2022-08-03T14:00:00Z,16978.6,energy_charts_residual_load_minus_wind_solar (real 2022; Load−WindOnshore−WindOffshore−Solar; 60min→1h resample) [absent treated as 0 MW: ['Wind offshore']],Energy-Charts / ENTSO-E pl 2022-08-01 via https://api.energy-charts.info/public_power?country=pl&start=2022-08-01&end=2022-08-04
PL,63,2022-08-03T15:00:00Z,18179.8,energy_charts_residual_load_minus_wind_solar (real 2022; Load−WindOnshore−WindOffshore−Solar; 60min→1h resample) [absent treated as 0 MW: ['Wind offshore']],Energy-Charts / ENTSO-E pl 2022-08-01 via https://api.energy-charts.info/public_power?country=pl&start=2022-08-01&end=2022-08-04
PL,64,2022-08-03T16:00:00Z,19580.5,energy_charts_residual_load_minus_wind_solar (real 2022; Load−WindOnshore−WindOffshore−Solar; 60min→1h resample) [absent treated as 0 MW: ['Wind offshore']],Energy-Charts / ENTSO-E pl 2022-08-01 via https://api.energy-charts.info/public_power?country=pl&start=2022-08-01&end=2022-08-04
PL,65,2022-08-03T17:00:00Z,20442.6,energy_charts_residual_load_minus_wind_solar (real 2022; Load−WindOnshore−WindOffshore−Solar; 60min→1h resample) [absent treated as 0 MW: ['Wind offshore']],Energy-Charts / ENTSO-E pl 2022-08-01 via https://api.energy-charts.info/public_power?country=pl&start=2022-08-01&end=2022-08-04
PL,66,2022-08-03T18:00:00Z,20603.9,energy_charts_residual_load_minus_wind_solar (real 2022; Load−WindOnshore−WindOffshore−Solar; 60min→1h resample) [absent treated as 0 MW: ['Wind offshore']],Energy-Charts / ENTSO-E pl 2022-08-01 via https://api.energy-charts.info/public_power?country=pl&start=2022-08-01&end=2022-08-04
PL,67,2022-08-03T19:00:00Z,19794.9,energy_charts_residual_load_minus_wind_solar (real 2022; Load−WindOnshore−WindOffshore−Solar; 60min→1h resample) [absent treated as 0 MW: ['Wind offshore']],Energy-Charts / ENTSO-E pl 2022-08-01 via https://api.energy-charts.info/public_power?country=pl&start=2022-08-01&end=2022-08-04
PL,68,2022-08-03T20:00:00Z,17697.0,energy_charts_residual_load_minus_wind_solar (real 2022; Load−WindOnshore−WindOffshore−Solar; 60min→1h resample) [absent treated as 0 MW: ['Wind offshore']],Energy-Charts / ENTSO-E pl 2022-08-01 via https://api.energy-charts.info/public_power?country=pl&start=2022-08-01&end=2022-08-04
PL,69,2022-08-03T21:00:00Z,15521.3,energy_charts_residual_load_minus_wind_solar (real 2022; Load−WindOnshore−WindOffshore−Solar; 60min→1h resample) [absent treated as 0 MW: ['Wind offshore']],Energy-Charts / ENTSO-E pl 2022-08-01 via https://api.energy-charts.info/public_power?country=pl&start=2022-08-01&end=2022-08-04
PL,70,2022-08-03T22:00:00Z,13899.4,energy_charts_residual_load_minus_wind_solar (real 2022; Load−WindOnshore−WindOffshore−Solar; 60min→1h resample) [absent treated as 0 MW: ['Wind offshore']],Energy-Charts / ENTSO-E pl 2022-08-01 via https://api.energy-charts.info/public_power?country=pl&start=2022-08-01&end=2022-08-04
PL,71,2022-08-03T23:00:00Z,13239.4,energy_charts_residual_load_minus_wind_solar (real 2022; Load−WindOnshore−WindOffshore−Solar; 60min→1h resample) [absent treated as 0 MW: ['Wind offshore']],Energy-Charts / ENTSO-E pl 2022-08-01 via https://api.energy-charts.info/public_power?country=pl&start=2022-08-01&end=2022-08-04
